# Blender 3.3.18
# www.blender.org
mtllib Coach.mtl
o Mesh_0315.rip_noesis_meshnode_0000
v -0.134656 1.879640 0.021087
v -0.130660 1.908290 -0.041659
v -0.123204 1.943140 -0.055530
v -0.130493 1.935570 -0.036474
v -0.117552 1.968610 -0.019298
v -0.126873 1.938320 -0.013000
v -0.121616 1.943240 0.014955
v -0.136277 1.906450 0.002325
v -0.126387 1.915310 0.030596
v -0.090363 1.822080 0.093487
v -0.051609 1.786980 0.163727
v -0.093864 1.828290 0.120801
v -0.096545 1.846550 0.147750
v -0.054275 1.828270 0.206722
v -0.053803 1.800690 0.184580
v 0.053803 1.800690 0.184580
v 0.093864 1.828290 0.120801
v 0.000000 1.737420 0.099111
v 0.070390 1.738780 0.075608
v 0.062390 1.787880 0.066580
v 0.142049 1.740510 0.025531
v 0.126992 1.791760 0.019356
v 0.179367 1.796900 -0.090849
v 0.138499 1.806220 -0.147455
v 0.125278 1.847920 -0.144454
v 0.064681 1.852850 -0.181380
v 0.000000 1.855790 -0.201803
v 0.000000 1.813610 -0.208767
v 0.071582 1.811090 -0.184998
v 0.079896 1.763240 -0.194391
v 0.202113 1.753060 -0.098044
v 0.213498 1.730650 -0.103824
v 0.157797 1.737470 -0.157422
v 0.149434 1.760200 -0.154121
v 0.082022 1.739900 -0.196973
v 0.000000 1.741470 -0.224334
v 0.000000 1.763610 -0.219818
v -0.079896 1.763240 -0.194391
v -0.138499 1.806220 -0.147455
v -0.149434 1.760200 -0.154121
v -0.202113 1.753060 -0.098044
v -0.213498 1.730650 -0.103824
v -0.157797 1.737470 -0.157422
v -0.082022 1.739900 -0.196973
v 0.135504 1.874600 -0.008775
v 0.120823 1.873090 -0.019116
v 0.254682 0.496261 -0.179561
v 0.253561 0.463057 -0.242697
v 0.290932 0.437929 -0.190118
v 0.289275 0.404378 -0.131745
v -0.058624 0.345187 -0.197507
v -0.114736 0.345448 -0.107210
v -0.180526 0.345631 -0.084121
v -0.150062 0.115043 -0.126065
v -0.143003 0.199914 -0.124109
v -0.093028 0.255703 -0.145993
v -0.068981 0.345314 -0.136255
v -0.253778 0.345674 -0.098736
v -0.254667 0.256409 -0.147289
v -0.204721 0.199919 -0.124271
v -0.183818 0.115111 -0.159989
v -0.167473 0.070244 -0.173824
v -0.199690 0.068032 -0.146499
v -0.191221 0.115023 -0.142384
v -0.188138 0.070974 -0.120837
v -0.147178 0.076261 -0.123749
v -0.137385 0.113278 -0.142156
v -0.140543 0.024450 -0.151517
v -0.145220 -0.000458 -0.148394
v -0.147966 0.001984 -0.119091
v -0.148369 0.017433 -0.088756
v -0.151123 -0.000045 -0.087029
v -0.136252 -0.001297 -0.044633
v -0.134786 0.010016 -0.044398
v -0.125730 -0.001210 -0.015270
v -0.134098 0.027013 -0.014300
v -0.143770 0.034745 -0.044385
v -0.149608 0.050329 -0.089700
v -0.168368 0.060409 -0.088139
v -0.192545 0.046471 -0.089800
v -0.221348 0.019088 -0.010664
v -0.208716 0.014946 -0.088761
v -0.175778 -0.001242 -0.086927
v -0.175837 -0.000438 -0.149691
v -0.152684 -0.000293 -0.182327
v -0.166107 0.115095 -0.119168
v -0.183816 0.115048 -0.126557
v -0.171316 0.199916 -0.114765
v -0.174469 0.256411 -0.102315
v -0.227900 0.256411 -0.114631
v -0.182550 0.403579 -0.076547
v -0.254455 0.404275 -0.094995
v -0.292128 0.403693 -0.130685
v -0.298401 0.404431 -0.196248
v -0.274185 0.404415 -0.268797
v -0.178969 0.403808 -0.307515
v -0.145777 0.020535 -0.119243
v -0.164867 0.086185 -0.112892
v -0.185994 0.068627 -0.167304
v -0.197450 0.020873 -0.184461
v -0.175133 0.019852 -0.194869
v -0.139092 0.199911 -0.185843
v -0.166020 0.115145 -0.166013
v -0.220044 0.199919 -0.149681
v -0.256131 0.403595 -0.093041
v -0.173529 0.023061 0.024476
v -0.185378 0.015909 0.056377
v -0.210503 0.003405 0.025320
v -1.361120 1.540810 0.069231
v -1.364210 1.549860 0.069713
v -1.414730 1.519960 0.094514
v -1.400230 1.524100 0.103084
v -1.402030 1.521370 0.091745
v -1.387800 1.528380 0.089761
v -1.405140 1.525980 0.082207
v -1.413270 1.524680 0.085006
v -1.421920 1.527730 0.097615
v -1.409150 1.523110 0.103804
v -1.373040 1.542790 0.099488
v -1.353140 1.548130 0.096660
v -1.368860 1.537370 0.094902
v -1.353610 1.541110 0.092342
v -1.357420 1.538030 0.083019
v -1.332550 1.549580 0.097162
v -1.305890 1.544320 0.101583
v -1.296630 1.530990 0.095950
v -1.309880 1.536390 0.089968
v -1.269280 1.529740 0.093439
v -1.261730 1.542500 0.100046
v -1.388250 1.531260 0.101219
v -1.368990 1.535120 0.085196
v -1.380600 1.543990 0.076879
v -1.374080 1.538500 0.077467
v -1.392910 1.531220 0.081015
v -1.229960 1.541450 0.025249
v -1.274330 1.528180 0.027917
v -1.298920 1.529540 0.023566
v -1.277290 1.531090 0.054513
v -1.302590 1.534600 0.050355
v -1.333700 1.535950 0.043674
v -1.330310 1.533260 0.030514
v -1.326390 1.531130 0.018426
v -1.322170 1.531990 0.007094
v -1.293700 1.533240 0.005528
v -1.271930 1.535590 0.010080
v -0.082307 0.496268 -0.177444
v -0.086418 0.496269 -0.125822
v -0.077822 0.530264 -0.118037
v -0.048153 0.588192 -0.165948
v -0.054926 0.583213 -0.096590
v -0.036361 0.633732 -0.090320
v -0.063438 0.638762 -0.020397
v -0.254606 0.570958 -0.023780
v -0.307655 0.662045 -0.082784
v -0.244514 0.732130 -0.246246
v -0.161258 0.583953 -0.247829
v -0.094234 0.529296 -0.219351
v -0.098444 0.437929 -0.252318
v -0.178910 0.404492 -0.304742
v -0.158456 0.005592 0.059493
v -0.172469 0.005592 0.062677
v -0.172449 0.008788 0.063646
v -0.172449 0.018698 0.061842
v -0.187801 0.005592 0.056672
v -0.210183 -0.001617 0.024643
v -0.225618 0.005712 -0.010352
v -0.225183 -0.001210 -0.010772
v -0.149025 0.115098 -0.159971
v -0.098650 0.256031 -0.180931
v -0.131707 0.256391 -0.113390
v -0.118615 0.199913 -0.152252
v -0.137798 0.072020 -0.146035
v -0.149440 0.069770 -0.166955
v -0.115181 0.403581 -0.100628
v -0.075825 0.404236 -0.134658
v -0.072060 0.403566 -0.133573
v -0.064768 0.404173 -0.193931
v -0.060883 0.403509 -0.194646
v -0.138749 -0.001617 0.023459
v -0.125295 0.008113 -0.014890
v -0.138411 0.005350 0.024116
v -0.158313 0.009153 0.060436
v -0.141589 0.018405 0.024148
v -0.160157 0.016643 0.058631
v -0.187916 0.008428 0.057587
v -0.173928 0.033257 -0.012533
v -0.175087 0.043092 -0.043836
v -0.090996 0.404360 -0.264177
v -0.087654 0.403690 -0.266251
v -0.180306 0.345203 -0.298642
v -0.274192 0.345371 -0.263975
v -0.276443 0.403733 -0.270726
v -0.301381 0.403743 -0.196807
v -0.298978 0.345608 -0.197637
v -0.236873 0.256414 -0.216346
v -0.208596 0.199919 -0.183089
v -0.171891 0.199916 -0.193372
v -0.152524 0.021156 -0.184798
v -0.175837 -0.000293 -0.191893
v -0.198991 -0.000293 -0.182327
v -0.175837 0.001619 -0.119170
v -0.207332 -0.000432 -0.148403
v -0.209251 0.001619 -0.119170
v -0.206769 0.021311 -0.151128
v -0.206457 0.023187 -0.118504
v -0.211695 0.028944 -0.043778
v -0.054363 0.728842 -0.005727
v -0.130046 0.813694 0.031265
v -0.204129 0.852729 -0.002698
v -0.237288 0.807826 0.007726
v -0.244055 0.873609 -0.079530
v -0.278362 0.810605 -0.175371
v -0.226162 0.801568 -0.245806
v -0.139824 0.770754 -0.277628
v -0.049910 0.764393 -0.245429
v -0.151776 0.711782 -0.277398
v -0.063102 0.681673 -0.244659
v -0.158168 0.651425 -0.272015
v -0.023125 0.700091 -0.087724
v -0.140999 0.772694 0.041627
v -0.157946 0.702999 0.047534
v -0.270340 0.728581 0.006560
v -0.280678 0.815326 -0.080218
v -0.060530 0.680107 -0.008518
v -0.160958 0.648916 0.039011
v -0.280846 0.661807 0.000900
v -0.302744 0.742035 -0.082044
v -0.027520 0.668658 -0.087197
v -0.028133 0.671090 -0.181417
v -0.024281 0.700461 -0.180975
v -0.055758 0.725365 -0.246141
v -0.069884 0.640250 -0.239162
v -0.036613 0.636719 -0.177674
v -0.078277 0.585220 -0.223699
v -0.068032 0.530969 -0.170250
v -0.104994 0.496266 -0.221241
v -0.099983 0.462855 -0.240219
v -0.277126 0.578900 -0.168477
v -0.296022 0.664372 -0.179711
v -0.243652 0.580652 -0.225774
v -0.253561 0.463057 -0.242697
v -0.281936 0.437925 -0.129196
v -0.268688 0.462774 -0.125882
v -0.240968 0.437929 -0.093921
v -0.227281 0.462354 -0.088681
v -0.172065 0.461986 -0.049182
v -0.120088 0.462172 -0.087381
v -0.214869 0.496282 -0.077565
v -0.250404 0.531039 -0.118439
v -0.250060 0.496264 -0.123374
v -0.254682 0.496261 -0.179561
v -0.247123 0.531084 -0.174326
v -0.273791 0.577670 -0.094763
v -0.157427 0.572777 0.007684
v -0.159469 0.526159 -0.037919
v -0.076854 0.578863 -0.032263
v -0.093075 0.527235 -0.057037
v -0.277551 0.462874 -0.183227
v -0.231282 0.496258 -0.224867
v -0.166856 0.496256 -0.233663
v -0.219198 0.529572 -0.221967
v -0.162605 0.534184 -0.219839
v -0.252587 0.660250 -0.245834
v -0.302293 0.739847 -0.180046
v -0.225174 0.529434 -0.049868
v -0.166118 0.496299 -0.043463
v -0.113342 0.496299 -0.077577
v -0.088594 0.462600 -0.131213
v -0.077784 0.462632 -0.183727
v -0.072889 0.437930 -0.189212
v 0.035770 1.944160 0.078235
v 0.035850 1.944160 0.062978
v 0.032809 1.944160 0.077662
v 0.032785 1.944160 0.062978
v 0.030799 1.934890 0.062978
v 0.000000 2.009290 0.117615
v 0.000000 2.003170 0.133502
v 0.005972 2.006280 0.116935
v 0.011264 1.994230 0.126198
v 0.012749 1.986300 0.154109
v -0.006486 2.021140 0.086702
v -0.005912 2.027100 0.075978
v 0.000000 2.024160 0.087442
v 0.000000 2.028640 0.076827
v 0.005312 2.031940 0.064169
v 0.009518 2.034660 0.054761
v 0.035557 1.924300 0.092705
v 0.037372 1.934630 0.078546
v 0.036947 1.924300 0.078464
v 0.037510 1.934630 0.062978
v 0.037070 1.924300 0.062978
v -0.115463 0.256438 -0.215669
v -0.175486 0.256425 -0.234660
v -0.084171 0.345131 -0.262080
v -0.291169 0.345661 -0.134476
v -0.250871 0.256410 -0.181378
v -1.187090 1.542020 0.005236
v -1.229610 1.545800 0.016870
v -1.230390 1.538880 0.035265
v -0.220155 -0.001297 -0.045352
v -0.172874 -0.001590 0.023866
v -0.174191 -0.001210 -0.013021
v -0.175370 -0.001297 -0.045015
v -0.211033 -0.001242 -0.086927
v -0.221058 0.007796 -0.045130
v -0.208057 0.013097 0.025310
v -1.228930 1.568250 0.078217
v -1.241900 1.561420 0.076485
v -1.230070 1.551260 0.077340
v -1.243080 1.547440 0.074871
v -1.230390 1.543200 0.066802
v -1.230390 1.540050 0.051108
v -1.246010 1.539240 0.048986
v -1.245450 1.538810 0.034124
v -1.245210 1.541960 0.023785
v -1.245990 1.540060 0.062522
v -1.278550 1.526520 0.064164
v -0.012287 1.934630 0.120340
v -0.023625 1.934630 0.114353
v -0.011990 1.944160 0.119180
v -0.031739 1.934630 0.104851
v 0.009453 1.990660 0.157985
v 0.004350 1.994680 0.159714
v 0.005370 2.001450 0.132767
v 0.000000 1.995870 0.160493
v -0.003653 1.988900 0.186213
v -0.005370 2.001450 0.132767
v 0.025223 1.983620 0.099479
v 0.029605 1.988900 0.098968
v 0.031782 1.995970 0.098791
v 0.010432 1.995280 0.113159
v 0.006984 2.012810 0.103064
v 0.006486 2.021140 0.086702
v 0.000000 2.016380 0.103989
v -0.010101 2.010160 0.084292
v -0.006984 2.012810 0.103064
v -0.005972 2.006280 0.116935
v -0.010432 1.995280 0.113159
v -0.004350 1.994680 0.159714
v 0.027367 2.000640 0.097935
v 0.029011 2.001510 0.105051
v 0.032225 1.988320 0.104834
v 0.025500 1.987650 0.119194
v 0.009939 1.978120 0.143659
v 0.009665 1.977730 0.140474
v 0.012134 1.986510 0.116621
v 0.007894 1.978880 0.127407
v 0.023643 1.983210 0.119522
v 0.020217 1.982330 0.112076
v 0.019780 1.982200 0.119366
v 0.000000 1.975960 0.134206
v 0.013828 1.981380 0.153022
v 0.009263 1.983070 0.184464
v 0.007147 1.988500 0.184164
v 0.003653 1.988900 0.186213
v -0.007147 1.988500 0.184164
v -0.009453 1.990660 0.157985
v -0.011264 1.994230 0.126198
v -0.022209 1.992740 0.119799
v -0.029011 2.001510 0.105051
v -0.025223 1.983620 0.099479
v -0.027032 1.991110 0.094424
v -0.045155 1.976050 0.096486
v -0.040587 1.993700 0.081140
v -0.094002 2.004200 0.037511
v -0.103342 1.994350 0.003648
v -0.045954 1.966850 0.098973
v -0.029605 1.988900 0.098968
v -0.128627 1.958320 -0.024488
v -0.121603 1.986050 -0.032479
v -0.127497 1.956210 -0.011709
v -0.119134 1.956210 -0.011464
v -0.118949 1.986280 -0.018111
v -0.107972 1.986280 -0.018116
v -0.091265 2.025810 -0.016944
v -0.106830 2.022580 -0.036509
v -0.110868 2.007580 -0.078861
v 0.018693 1.940530 0.091953
v 0.009483 1.939660 0.099719
v -0.018693 1.940530 0.091953
v -0.009513 1.941150 0.092187
v 0.000000 1.941360 0.092292
v 0.009513 1.941150 0.092187
v 0.018761 1.937480 0.091058
v 0.019405 1.940140 0.076600
v 0.009553 1.936440 0.090918
v 0.000000 1.935890 0.090890
v 0.000000 1.935660 0.104537
v -0.009528 1.935550 0.098537
v -0.009553 1.936440 0.090918
v 0.000000 1.935400 0.098866
v -0.013283 1.945490 0.043102
v -0.011204 1.942730 0.029886
v 0.000000 1.939970 0.030153
v 0.013283 1.945490 0.043102
v 0.011204 1.942730 0.029886
v 0.013226 1.950440 0.043094
v 0.011299 1.948840 0.027659
v 0.000000 1.951650 0.027389
v -0.011299 1.948840 0.027659
v -0.019276 1.943790 0.077515
v -0.017212 1.947350 0.062245
v -0.013226 1.950440 0.043094
v 0.000000 1.948980 0.062512
v 0.000000 1.952500 0.043119
v 0.017212 1.947350 0.062245
v 0.017334 1.943320 0.061597
v 1.140030 1.585110 0.111642
v 1.140010 1.588100 0.119579
v 1.139970 1.604330 0.093559
v 1.139920 1.614150 0.053042
v 1.139890 1.620340 0.054557
v 1.187270 1.604960 0.052841
v 1.187270 1.596770 0.086080
v 1.139950 1.609440 0.099514
v 1.140000 1.558240 0.125204
v 1.140010 1.558190 0.116711
v 1.139790 1.522160 0.098407
v 1.139840 1.525680 0.092561
v 1.141020 1.514440 0.061692
v 1.139760 1.514480 0.025340
v 1.139830 1.533180 -0.012276
v 1.139720 1.509740 0.023820
v 1.187110 1.539930 0.000850
v 1.187060 1.527510 0.031123
v 1.141110 1.509700 0.064156
v 1.231550 1.566850 0.071408
v 1.232640 1.575890 0.064980
v 1.232750 1.579340 0.052244
v 1.232640 1.577550 0.038322
v 1.232640 1.571880 0.029064
v 1.187220 1.587440 0.008338
v 1.187110 1.565800 -0.005870
v 1.140000 1.598320 -0.006587
v 1.140130 1.567640 -0.022538
v 1.139790 1.530500 -0.017917
v 0.000000 1.940870 0.061223
v 0.000000 1.942640 0.043117
v 0.000000 1.938040 0.076245
v -0.017334 1.943320 0.061597
v -0.019405 1.940140 0.076600
v -0.016007 1.939130 0.099294
v -0.009483 1.939660 0.099719
v -0.009565 1.938150 0.104399
v 0.000000 1.939430 0.099986
v 0.000000 1.937270 0.105488
v 0.009565 1.938150 0.104399
v 0.009588 1.935840 0.103559
v 0.016007 1.939130 0.099294
v 0.016042 1.936370 0.098389
v -0.018761 1.937480 0.091058
v -0.016042 1.936370 0.098389
v -0.009588 1.935840 0.103559
v 0.009528 1.935550 0.098537
v -0.248765 1.347950 0.236951
v 0.021530 1.959880 0.132861
v 0.022855 1.960210 0.142990
v 0.000000 1.961510 0.154005
v -0.024156 1.957860 0.148342
v -0.022855 1.960210 0.142990
v 0.000000 1.960190 0.144627
v 1.395510 1.542090 0.001054
v -0.025585 1.960030 0.114335
v -0.057532 1.959440 0.091262
v -0.045494 1.958520 0.101551
v -0.023472 1.974060 0.112343
v -0.026056 1.958210 0.124160
v 0.000000 1.974580 0.124282
v 0.000000 1.976800 0.121596
v 0.045418 1.958310 0.096660
v 0.045494 1.958520 0.101551
v -0.289027 1.323900 0.118722
v -0.351786 1.264890 0.021520
v -0.393546 1.334740 0.027290
v -0.377277 1.254510 -0.061767
v -0.337198 1.393030 0.118498
v -0.394640 1.453370 0.125266
v 0.409277 1.553670 -0.240469
v 0.285309 1.430160 -0.267642
v 0.417577 1.445490 -0.176815
v 0.218947 1.308960 0.211701
v 0.197698 1.248310 0.189220
v 0.377277 1.254510 -0.061767
v 0.420318 1.317170 -0.065853
v 0.416864 1.408310 0.030193
v 0.337198 1.393030 0.118498
v -0.199682 1.773800 -0.002766
v -0.173229 1.798450 -0.106020
v -0.170790 1.787200 -0.006849
v -0.162990 1.775500 -0.009430
v -0.127629 1.746690 0.044828
v -0.125793 1.740060 0.042462
v -0.065204 1.724740 0.081460
v -0.065957 1.729890 0.085324
v 0.000000 1.718750 0.102098
v 0.065204 1.724740 0.081460
v 0.065957 1.729890 0.085324
v 0.125793 1.740060 0.042462
v 0.162990 1.775500 -0.009430
v 0.170790 1.787200 -0.006849
v 0.199569 1.807800 -0.103516
v 0.070005 1.704910 0.097074
v 0.258512 1.688860 0.088369
v 0.258802 1.779840 0.002269
v 0.261918 1.777530 -0.097377
v 0.373203 1.633600 0.185728
v 0.277559 1.564830 0.210414
v 0.388014 1.539530 0.202368
v 0.267706 1.280290 0.110686
v 0.289027 1.323900 0.118722
v 0.351786 1.264890 0.021520
v 0.393546 1.334740 0.027290
v -0.149301 1.597990 0.247753
v 0.000000 1.597890 0.233565
v 0.149301 1.597990 0.247753
v 0.263380 1.646080 0.157758
v 0.281029 1.447160 0.248540
v 0.248765 1.347950 0.236951
v 0.140985 1.370430 0.326025
v 0.000000 1.337050 0.295957
v 0.000000 1.379320 0.337214
v -0.124214 1.321160 0.282121
v -0.140985 1.370430 0.326025
v -0.155141 1.484200 0.320280
v -0.263380 1.646080 0.157758
v -0.369803 1.708440 0.125516
v -0.258512 1.688860 0.088369
v -0.378326 1.743550 -0.089628
v -0.261918 1.777530 -0.097377
v 0.090202 1.990550 0.069678
v 0.097977 1.965940 0.080958
v 0.074985 1.972120 0.089164
v 0.080326 1.957420 0.094458
v 0.083051 1.943150 0.105589
v 0.104024 1.924590 0.103802
v 0.051389 1.944140 0.126196
v 0.057532 1.959440 0.091262
v 0.042294 1.959190 0.116900
v 0.044030 1.956720 0.120541
v 0.024156 1.957860 0.148342
v 0.032229 1.938310 0.159060
v 0.091822 1.871840 0.157730
v 0.096545 1.846550 0.147750
v 0.072276 1.912390 0.147596
v -0.285309 1.430160 -0.267642
v -0.275464 1.715040 -0.209129
v -0.199569 1.807800 -0.103516
v -0.179441 1.812620 -0.105011
v -0.146808 1.803410 -0.154833
v -0.141927 1.789690 -0.153997
v 0.000000 1.787560 -0.217260
v 0.000000 1.799740 -0.220438
v 0.167370 1.788900 -0.175538
v 0.161028 1.730980 -0.245895
v 0.000000 1.607900 -0.344040
v -0.159501 1.594120 -0.337048
v 0.000000 1.495790 -0.328202
v -0.137185 1.331680 -0.274112
v 0.154404 1.482620 -0.335537
v 0.159501 1.594120 -0.337048
v 0.000000 1.788990 -0.237618
v -0.167370 1.788900 -0.175538
v -0.161028 1.730980 -0.245895
v -0.289677 1.566050 -0.281411
v -0.154404 1.482620 -0.335537
v -0.378331 1.371490 -0.171228
v -0.420318 1.317170 -0.065853
v -0.207855 1.208390 -0.211845
v -0.111924 1.215200 -0.258197
v -0.093114 1.147840 -0.253902
v 0.093114 1.147840 -0.253902
v 0.176823 1.145860 -0.212293
v 0.232245 1.141820 -0.154713
v 0.297209 1.182850 -0.078698
v 0.012739 1.997570 0.099924
v 0.025904 1.999390 0.083304
v 0.010101 2.010160 0.084292
v 0.012244 2.019310 0.072490
v 0.005912 2.027100 0.075978
v 0.012074 2.030090 0.063472
v 0.035765 2.033780 0.045628
v 0.045233 2.024500 0.044388
v -1.187110 1.565800 -0.005870
v -1.231070 1.560680 0.011934
v -1.187110 1.539930 0.000850
v -1.231070 1.536510 0.033961
v -1.188600 1.528810 0.058231
v -1.231070 1.537790 0.051432
v -1.232640 1.577550 0.038322
v -1.232640 1.571880 0.029064
v -1.231070 1.575480 0.022985
v -1.232640 1.561150 0.021044
v -1.187220 1.587440 0.008338
v 0.055468 2.022320 0.042225
v 0.021065 2.034390 0.052295
v 0.000000 2.034690 0.055743
v -0.009518 2.034660 0.054761
v -0.005312 2.031940 0.064169
v 0.000000 2.032720 0.064551
v 1.360590 1.564970 0.085398
v 1.357820 1.563460 0.069921
v 1.334930 1.571980 0.069166
v 1.335320 1.572270 0.056096
v 1.303860 1.573570 0.044228
v 1.334270 1.570270 0.042927
v 1.345450 1.552890 0.012512
v 1.343520 1.554700 -0.002064
v 1.321940 1.557220 0.006354
v 1.317940 1.552890 -0.001831
v 1.292800 1.555940 0.005505
v -1.140010 1.594310 -0.002064
v -1.139990 1.609530 0.022628
v -1.139920 1.614150 0.053042
v -1.139970 1.604330 0.093559
v -1.139950 1.609440 0.099514
v -1.140030 1.585110 0.111642
v -1.187260 1.600470 0.027865
v -1.139890 1.620340 0.054557
v -1.140130 1.568720 -0.029305
v -1.140130 1.567640 -0.022538
v -1.139830 1.533180 -0.012276
v -1.139760 1.514480 0.025340
v -1.141020 1.514440 0.061692
v -1.141110 1.509700 0.064156
v -1.139840 1.525680 0.092561
v -1.187070 1.537250 0.082046
v -1.139790 1.522160 0.098407
v -1.140010 1.558190 0.116711
v -1.140000 1.558240 0.125204
v -1.140010 1.588100 0.119579
v -1.187270 1.596770 0.086080
v -1.187270 1.604960 0.052841
v 0.207855 1.208390 -0.211845
v 0.272364 1.195400 -0.145665
v 0.256651 1.316360 -0.228564
v 0.340042 1.285380 -0.155383
v 0.378331 1.371490 -0.171228
v -0.340042 1.285380 -0.155383
v -0.272364 1.195400 -0.145665
v -0.256651 1.316360 -0.228564
v 0.000000 1.335780 -0.260903
v 0.000000 1.217620 -0.248397
v 0.111924 1.215200 -0.258197
v 0.137185 1.331680 -0.274112
v 0.289677 1.566050 -0.281411
v 0.378326 1.743550 -0.089628
v 0.275464 1.715040 -0.209129
v 0.146808 1.803410 -0.154833
v 0.179441 1.812620 -0.105011
v 0.173229 1.798450 -0.106020
v 0.141927 1.789690 -0.153997
v 0.110388 1.261140 0.265429
v 0.090148 1.184640 0.198677
v 0.249757 1.226620 0.095498
v 0.225222 1.150820 0.039898
v 0.285139 1.186920 -0.001394
v -1.231070 1.583270 0.035741
v -1.139980 1.615210 0.020811
v -1.140000 1.598320 -0.006587
v -1.139790 1.530500 -0.017917
v -1.139720 1.509740 0.023820
v -1.187060 1.527510 0.031123
v -1.231070 1.541220 0.068741
v -1.273560 1.545010 0.115593
v -1.264000 1.555470 0.103206
v -1.292350 1.558580 0.098969
v -1.315960 1.531850 0.135976
v -1.310200 1.535420 0.123427
v -1.306690 1.542060 0.134541
v -1.301790 1.540610 0.107920
v -1.306290 1.564100 0.090813
v -1.314400 1.547400 0.097951
v -1.332540 1.567190 0.082993
v -1.250150 1.578280 0.058204
v -1.317940 1.552890 -0.001831
v -1.343520 1.554700 -0.002064
v -1.327340 1.562240 0.018646
v -1.321940 1.557220 0.006354
v -1.292800 1.555940 0.005505
v -1.292070 1.543080 0.001400
v -1.271190 1.545740 0.005692
v -1.272720 1.558840 0.010278
v -1.247090 1.561640 0.019303
v -1.276520 1.571290 0.029758
v -1.250410 1.572860 0.031840
v -1.345450 1.552890 0.012512
v -1.355760 1.562310 0.039806
v -1.331310 1.566690 0.030322
v -1.299410 1.568290 0.026195
v -1.303860 1.573570 0.044228
v -1.279270 1.576200 0.043341
v -1.279200 1.575680 0.064783
v -1.335320 1.572270 0.056096
v -1.330430 1.561640 0.092884
v -1.334270 1.570270 0.042927
v -1.363850 1.569510 0.054736
v -1.357820 1.563460 0.069921
v -1.382300 1.544810 0.065265
v -1.402660 1.538500 0.065583
v -1.389820 1.554310 0.062574
v -1.392140 1.558740 0.052401
v -1.388480 1.554580 0.042086
v -1.414700 1.548080 0.052262
v -1.410550 1.544740 0.063197
v -1.334930 1.571980 0.069166
v -1.304020 1.574950 0.066885
v -1.274940 1.568750 0.085633
v -0.121467 0.437927 -0.093349
v -0.085165 0.437929 -0.133317
v -0.167855 0.463074 -0.268473
v -0.174420 0.437928 -0.287781
v -0.266829 0.437928 -0.255868
v -0.290932 0.437929 -0.190118
v -0.289275 0.404378 -0.131745
v -0.176717 0.437931 -0.067584
v -0.182992 0.404258 -0.078803
v -0.117417 0.404261 -0.102379
v 0.147539 1.710870 0.027384
v 0.072006 1.707780 0.078711
v 0.000000 1.706250 0.103734
v 0.175354 1.744970 -0.017236
v 0.161238 1.792490 -0.018086
v 0.180084 1.713470 -0.016761
v 0.018273 1.565590 0.283033
v 0.016679 1.551340 0.278985
v 0.000000 1.551250 0.278713
v 0.015575 1.536520 0.287174
v 0.000000 1.531670 0.310757
v 0.017799 1.531530 0.310053
v -0.010832 1.515070 0.337686
v 0.000000 1.535050 0.323066
v -0.015575 1.536520 0.287174
v 0.000000 1.536120 0.286344
v -0.016679 1.551340 0.278985
v -0.018273 1.565590 0.283033
v 0.014280 1.516430 0.349145
v -0.014280 1.516430 0.349145
v -0.018858 1.551950 0.324512
v 0.000000 1.515080 0.337559
v 0.010832 1.515070 0.337686
v 0.000000 1.516590 0.350845
v 0.000000 1.553150 0.325467
v 0.018796 1.573740 0.310297
v 0.018858 1.551950 0.324512
v 0.017032 1.537760 0.320946
v 0.018129 1.573350 0.294930
v 0.000000 1.584260 0.300323
v -0.006384 1.585070 0.294228
v -0.006382 1.579250 0.291974
v -0.006439 1.584220 0.300337
v -0.006439 1.579540 0.303590
v 0.000000 1.579550 0.303603
v 0.006382 1.575400 0.294178
v 0.006439 1.584220 0.300337
v 0.006439 1.579540 0.303590
v 0.000000 1.574250 0.310902
v -0.017032 1.537760 0.320946
v -0.017799 1.531530 0.310053
v 0.516571 1.406100 0.033331
v 0.516564 1.442690 0.134481
v 0.588203 1.405990 0.034262
v 0.516557 1.535080 0.200926
v 0.588196 1.438830 0.137643
v 0.599128 1.527290 0.216294
v 0.588189 1.527810 0.216250
v 0.599126 1.610090 0.195963
v 0.588187 1.610470 0.195798
v 0.588209 1.400140 -0.064719
v 0.516577 1.399240 -0.064673
v 0.516562 1.739370 0.032421
v 0.516557 1.696370 0.135986
v 0.588190 1.667310 0.128358
v 0.588207 1.658930 -0.141426
v 0.516582 1.561010 -0.213488
v 0.588214 1.564060 -0.211442
v 0.596626 1.563740 -0.212512
v -0.147539 1.710870 0.027384
v -0.072006 1.707780 0.078711
v -0.070390 1.738780 0.075608
v -0.126992 1.791760 0.019356
v -0.062390 1.787880 0.066580
v -0.161238 1.792490 -0.018086
v -0.142049 1.740510 0.025531
v -0.125278 1.847920 -0.144454
v -0.071582 1.811090 -0.184998
v -0.161985 1.842710 -0.090395
v -0.179367 1.796900 -0.090849
v 0.000000 1.750270 -0.268070
v 0.250654 1.138420 -0.033933
v 0.254927 1.137520 -0.099326
v -0.218947 1.308960 0.211701
v 0.124214 1.321160 0.282121
v -0.054673 2.000410 0.068662
v -0.075794 2.003140 0.061376
v -0.064807 1.990290 0.076978
v -0.074985 1.972120 0.089164
v -0.083051 1.943150 0.105589
v -0.032229 1.938310 0.159060
v -0.072276 1.912390 0.147596
v -0.091822 1.871840 0.157730
v -0.104024 1.924590 0.103802
v -0.114279 1.955760 0.052507
v -0.103169 1.948850 0.087410
v -0.097977 1.965940 0.080958
v -0.080326 1.957420 0.094458
v -0.090202 1.990550 0.069678
v -0.109882 1.983910 0.040509
v -0.116147 1.930840 0.065128
v -0.127459 1.889760 0.049511
v -0.116665 1.904560 0.082879
v -0.051740 1.861070 0.219900
v -0.040599 1.901510 0.184978
v -0.144796 2.015130 -0.124376
v -0.149169 2.003070 -0.134191
v -0.154399 1.976380 -0.137370
v -0.132045 1.974100 -0.112679
v -0.135348 1.950200 -0.105525
v -0.122622 1.953630 -0.093301
v -0.118717 1.973690 -0.096979
v -0.123999 2.010330 -0.091607
v -0.131318 1.998330 -0.114026
v -0.133359 2.019210 -0.108854
v -0.042294 1.959190 0.116900
v -0.045233 2.024500 0.044388
v -0.035765 2.033780 0.045628
v -0.035215 2.024120 0.045840
v -0.053024 2.033260 0.028686
v -0.050168 2.032880 0.040325
v -0.062769 2.029590 0.034626
v -0.079391 2.024730 0.015870
v -0.074096 2.023560 0.029898
v -0.086280 2.012030 0.025615
v -0.070010 2.009900 0.038279
v -0.064181 2.017850 0.039921
v -0.110388 1.261140 0.265429
v -0.197698 1.248310 0.189220
v -0.267706 1.280290 0.110686
v -0.249757 1.226620 0.095498
v -0.297209 1.182850 -0.078698
v -0.254927 1.137520 -0.099326
v -0.228168 1.078210 -0.053651
v -0.212895 1.015580 -0.121969
v -0.277559 1.564830 0.210414
v -0.281029 1.447160 0.248540
v -1.232050 1.549090 0.022309
v -1.230270 1.544050 0.013678
v -1.232640 1.543600 0.037030
v -1.232640 1.544530 0.049710
v -1.232640 1.547030 0.062272
v -1.232400 1.553410 0.070706
v -1.230740 1.550010 0.080362
v -1.229590 1.568540 0.081329
v -1.231550 1.566850 0.071408
v -1.231070 1.580990 0.072473
v -1.232640 1.575890 0.064980
v -1.232750 1.579340 0.052244
v -1.231240 1.585750 0.054924
v -1.187240 1.581000 0.100027
v -1.187120 1.553530 0.102349
v -1.377100 1.540800 0.043471
v -1.358950 1.540310 0.039331
v -1.375240 1.538280 0.053011
v -1.377640 1.540200 0.062696
v 0.161985 1.842710 -0.090395
v 0.109286 1.889430 -0.142347
v -0.064681 1.852850 -0.181380
v -0.109286 1.889430 -0.142347
v -0.147798 1.830280 -0.021850
v -0.175354 1.744970 -0.017236
v -0.180084 1.713470 -0.016761
v 1.228930 1.568250 0.078217
v 1.230390 1.540050 0.051108
v 1.188540 1.531820 0.057272
v 1.187040 1.530630 0.032692
v -0.588201 1.691580 -0.058647
v -0.516568 1.736880 -0.077085
v -0.516582 1.561010 -0.213488
v 1.230070 1.551260 0.077340
v 1.243080 1.547440 0.074871
v 1.230390 1.543200 0.066802
v 1.245990 1.540060 0.062522
v 1.245450 1.538810 0.034124
v 1.229960 1.541450 0.025249
v 1.230390 1.538880 0.035265
v 1.187090 1.542020 0.005236
v 1.332540 1.567190 0.082993
v 1.274940 1.568750 0.085633
v 1.304020 1.574950 0.066885
v 1.355360 1.558290 0.093394
v 1.332550 1.549580 0.097162
v 1.330430 1.561640 0.092884
v 1.314400 1.547400 0.097951
v 1.306290 1.564100 0.090813
v 1.293520 1.552110 0.110518
v 1.301730 1.535780 0.147572
v 1.312630 1.536430 0.148102
v 1.250150 1.578280 0.058204
v 1.251090 1.577180 0.040613
v 1.276520 1.571290 0.029758
v 1.272720 1.558840 0.010278
v 1.318050 1.541960 -0.003423
v 1.348220 1.533510 -0.018224
v 1.338010 1.548970 -0.009398
v 1.354770 1.540670 -0.019497
v 1.364630 1.541200 -0.004852
v 1.361160 1.533510 0.000069
v 1.362730 1.543850 -0.014323
v 1.291930 1.527050 0.147450
v 1.298070 1.518830 0.153607
v 1.296130 1.526360 0.153944
v 1.274750 1.533690 0.112667
v 1.297200 1.538140 0.140015
v 1.306030 1.532440 0.154804
v 1.315960 1.531850 0.135976
v 1.311930 1.538140 0.141516
v 1.306690 1.542060 0.134541
v -0.597662 1.657900 -0.140394
v -0.588214 1.564060 -0.211442
v -0.588207 1.658930 -0.141426
v -0.599138 1.687880 -0.057407
v -0.588195 1.692970 0.033892
v -0.588190 1.667310 0.128358
v -0.588187 1.610470 0.195798
v -0.599126 1.610090 0.195963
v -0.599128 1.527290 0.216294
v -0.588189 1.527810 0.216250
v -0.516557 1.535080 0.200926
v -0.588196 1.438830 0.137643
v -0.588203 1.405990 0.034262
v -0.599169 1.400470 -0.064468
v -0.599176 1.463780 -0.168807
v -0.588209 1.400140 -0.064719
v -0.459029 1.457890 -0.165652
v -0.516577 1.399240 -0.064673
v -0.516564 1.442690 0.134481
v -0.460169 1.455930 0.129704
v -0.442943 1.538800 0.202037
v -0.516556 1.619930 0.183517
v -0.516557 1.696370 0.135986
v -0.435528 1.709440 0.134513
v -0.516562 1.739370 0.032421
v -0.440202 1.750870 0.027032
v -0.516575 1.680370 -0.164469
v 1.355730 1.536690 0.025118
v 1.349880 1.534390 0.011977
v 1.355200 1.530510 0.001280
v 1.335800 1.540720 -0.010357
v 1.293700 1.533240 0.005528
v 1.292070 1.543080 0.001400
v 1.271930 1.535590 0.010080
v 1.274330 1.528180 0.027917
v 1.246010 1.539240 0.048986
v 1.277290 1.531090 0.054513
v -1.332290 1.540250 0.091270
v -1.333560 1.538800 0.080849
v -1.305960 1.534820 0.067697
v -1.334830 1.537740 0.066965
v -1.361560 1.539230 0.054428
v -1.334920 1.537010 0.055507
v -0.516571 1.406100 0.033331
v -0.599150 1.406340 0.034043
v -0.598133 1.441240 0.133931
v -0.597566 1.439320 0.138054
v -0.598128 1.529270 0.206538
v -0.599139 1.665020 0.127415
v -0.598130 1.659840 0.121350
v -0.599139 1.688090 0.033103
v 1.279270 1.576200 0.043341
v 1.299410 1.568290 0.026195
v 1.327340 1.562240 0.018646
v 1.331310 1.566690 0.030322
v 1.279200 1.575680 0.064783
v 1.275650 1.562470 0.100411
v 1.292350 1.558580 0.098969
v -0.588214 1.464170 -0.169075
v -0.596626 1.563740 -0.212512
v -0.516582 1.463860 -0.176992
v -0.464290 1.556380 -0.216993
v -0.409277 1.553670 -0.240469
v -0.454760 1.691470 -0.187872
v -0.391547 1.694560 -0.191750
v -0.444709 1.743580 -0.084364
v -0.372906 1.747750 0.018049
v -0.373203 1.633600 0.185728
v -0.433926 1.629790 0.189696
v -0.388014 1.539530 0.202368
v -0.416864 1.408310 0.030193
v -0.470259 1.413270 0.031616
v -0.441920 1.376800 -0.067946
v -0.477737 1.397760 -0.066753
v -0.417577 1.445490 -0.176815
v 1.187210 1.579660 0.095171
v 1.187240 1.594130 0.082525
v 1.230390 1.579660 0.070186
v 1.230560 1.584010 0.054274
v 1.230390 1.581750 0.036880
v 1.230390 1.574600 0.025313
v 1.230390 1.561030 0.015293
v 1.247090 1.561640 0.019303
v 1.250410 1.572860 0.031840
v 1.245310 1.571770 0.071443
v 1.264000 1.555470 0.103206
v 1.261730 1.542500 0.100046
v 1.273560 1.545010 0.115593
v 1.281910 1.552180 0.112678
v 1.288490 1.530970 0.138925
v 0.000134 1.490430 0.316982
v 0.155141 1.484200 0.320280
v -0.258802 1.779840 0.002269
v -0.135758 1.722720 0.058579
v -0.141196 1.688240 0.101453
v -0.070005 1.704910 0.097074
v 0.000000 1.687550 0.123402
v 0.143404 1.654040 0.161975
v -0.143404 1.654040 0.161975
v -1.410430 1.545560 0.041948
v -1.422020 1.537970 0.040535
v 0.000000 1.652640 0.161221
v -0.073629 1.687820 0.114409
v 0.719539 1.478810 -0.141061
v 0.719599 1.422600 -0.039280
v 0.632582 1.420250 0.039124
v 0.719806 1.437240 0.038824
v 0.632551 1.445500 0.121591
v 0.719740 1.524500 0.194215
v 0.632434 1.522770 0.208125
v -1.436970 1.536300 0.052110
v -1.428280 1.533560 0.063522
v -1.429250 1.533690 0.040640
v -1.428280 1.541240 0.051980
v -1.421520 1.537800 0.063786
v 1.385890 1.529070 -0.016619
v -0.232245 1.141820 -0.154713
v -0.176823 1.145860 -0.212293
v 0.000000 1.150840 -0.249032
v 0.156201 1.090210 -0.215458
v 0.212307 1.085400 -0.160820
v 0.231293 1.081350 -0.110333
v 0.130518 1.032120 -0.231588
v 0.074773 1.093500 -0.250599
v 0.055668 1.033790 -0.257050
v 0.000000 1.096600 -0.249896
v -0.074773 1.093500 -0.250599
v -0.130518 1.032120 -0.231588
v -0.156201 1.090210 -0.215458
v -0.191918 1.024530 -0.183724
v -0.212307 1.085400 -0.160820
v -0.231293 1.081350 -0.110333
v 0.021223 1.944160 0.111392
v 0.028389 1.944160 0.102435
v 0.020214 1.934890 0.110148
v 1.372440 1.522930 -0.032246
v 1.362680 1.527760 -0.025724
v 1.358020 1.522530 -0.019359
v 1.345240 1.530210 -0.012489
v 1.348050 1.528960 -0.003936
v 1.360480 1.520890 -0.010647
v 1.367480 1.522930 -0.004719
v 1.386070 1.524510 -0.012778
v 1.385370 1.515220 -0.015812
v 1.369650 1.515410 -0.026232
v 1.375190 1.514080 -0.029742
v 1.381790 1.510450 -0.023488
v 1.379150 1.516530 -0.011289
v 1.372630 1.512620 -0.017484
v 1.375240 1.538280 0.053011
v 1.361560 1.539230 0.054428
v 1.361590 1.551150 0.038801
v 1.309880 1.536390 0.089968
v 1.330310 1.533260 0.030514
v 1.298920 1.529540 0.023566
v 1.337190 1.533250 -0.007426
v 1.319380 1.533980 0.000308
v 1.322170 1.531990 0.007094
v 1.302590 1.534600 0.050355
v 1.241900 1.561420 0.076485
v -0.167585 1.978270 -0.140516
v -0.164671 2.006410 -0.135715
v -0.157855 2.022720 -0.122637
v 1.299010 1.522300 0.117414
v 1.296630 1.530990 0.095950
v 1.284270 1.524970 0.093042
v 1.269280 1.529740 0.093439
v 1.187240 1.581000 0.100027
v 1.139990 1.609530 0.022628
v 1.139980 1.615210 0.020811
v 1.140010 1.594310 -0.002064
v 1.187070 1.537250 0.082046
v 1.187120 1.553530 0.102349
v 1.230740 1.550010 0.080362
v 1.229590 1.568540 0.081329
v 1.231070 1.580990 0.072473
v 1.231240 1.585750 0.054924
v 1.231070 1.583270 0.035741
v 1.187260 1.600470 0.027865
v 1.231070 1.575480 0.022985
v 1.229610 1.545800 0.016870
v 1.245210 1.541960 0.023785
v 1.245730 1.549840 0.017552
v 1.271190 1.545740 0.005692
v 0.048140 2.012640 0.031287
v 0.055743 2.021030 0.043994
v 0.044184 2.013390 0.032307
v 0.040306 2.013280 0.032658
v 0.035050 2.022710 0.047617
v 0.037081 2.012400 0.032613
v 0.034812 2.011040 0.032563
v 0.033830 2.008490 0.032996
v 0.017561 2.009910 0.049303
v 0.020540 2.016790 0.047364
v 0.020243 2.017960 0.047302
v 0.026499 2.021850 0.046547
v 0.026532 2.020400 0.047497
v 0.035215 2.024120 0.045840
v 0.045293 2.023010 0.046687
v 0.051377 2.010960 0.030149
v 0.053286 2.008390 0.029191
v 0.064291 2.016590 0.040988
v 0.069333 2.009820 0.038459
v 0.064181 2.017850 0.039921
v 0.070010 2.009900 0.038279
v 0.086280 2.012030 0.025615
v 0.074096 2.023560 0.029898
v 0.062769 2.029590 0.034626
v 0.050168 2.032880 0.040325
v 1.334920 1.537010 0.055507
v 1.305960 1.534820 0.067697
v 1.278550 1.526520 0.064164
v 1.369690 1.540150 0.007531
v 1.382620 1.528880 0.005900
v 1.365430 1.535560 0.012095
v 1.341630 1.530310 0.000590
v 1.326390 1.531130 0.018426
v 1.333700 1.535950 0.043674
v 1.358950 1.540310 0.039331
v 1.371810 1.536830 0.028486
v 1.378210 1.541750 0.028679
v 1.388230 1.529810 0.024051
v 1.232640 1.544530 0.049710
v 1.231070 1.537790 0.051432
v 1.232640 1.543600 0.037030
v 1.232050 1.549090 0.022309
v 1.232640 1.561150 0.021044
v 1.310950 1.523220 0.155146
v 1.311470 1.516730 0.147592
v 1.318010 1.523720 0.141753
v 1.318030 1.531450 0.146483
v 1.315860 1.523080 0.132688
v 1.307480 1.528360 0.117468
v 1.307750 1.515500 0.134314
v 1.290240 1.525190 0.104916
v 1.281860 1.524870 0.107622
v 1.290860 1.519420 0.121558
v 1.296850 1.512770 0.137888
v 1.291700 1.518360 0.143785
v 1.286340 1.522470 0.131269
v 0.118717 1.973690 -0.096979
v 0.131318 1.998330 -0.114026
v 0.132045 1.974100 -0.112679
v 0.135348 1.950200 -0.105525
v -0.117135 1.960490 -0.038703
v -0.108035 1.984140 -0.046909
v -0.118899 1.984140 -0.046934
v -0.101320 2.008550 -0.081047
v -0.093631 2.023910 -0.039528
v 1.301250 1.513240 0.146451
v 0.199682 1.773800 -0.002766
v 0.127629 1.746690 0.044828
v 0.135758 1.722720 0.058579
v 0.000000 1.723410 0.107350
v 0.000000 1.698300 0.117665
v 0.073629 1.687820 0.114409
v 0.141196 1.688240 0.101453
v 0.019276 1.943790 0.077515
v 0.000000 1.945150 0.077852
v -0.209324 1.798440 -0.078998
v -0.221958 1.777480 0.002134
v -0.214802 1.791450 -0.036267
v 0.058206 1.797290 -0.214519
v 0.000000 1.797660 -0.223869
v 0.000000 1.799070 -0.221788
v 0.000000 1.797730 -0.219666
v 0.057689 1.798710 -0.212557
v 0.102182 1.797070 -0.190555
v -0.038439 1.581500 0.291781
v 0.000000 1.580070 0.297132
v 0.000000 1.580700 0.300290
v 0.000000 1.583220 0.300275
v -0.039038 1.582120 0.294767
v -0.039023 1.584600 0.294812
v -0.086857 1.587570 0.264505
v -0.088154 1.589010 0.267036
v -0.112784 1.602790 0.236476
v -0.142530 1.632150 0.199336
v -0.168544 1.661550 0.150039
v -0.197335 1.696100 0.099081
v -0.170216 1.663620 0.151823
v -0.197397 1.699970 0.101090
v 0.197335 1.696100 0.099081
v 0.213077 1.738040 0.045788
v 0.214724 1.740290 0.047150
v 0.220353 1.775060 0.001197
v 0.221958 1.777480 0.002134
v 0.216573 1.789890 -0.037124
v 0.215049 1.787300 -0.037571
v 0.208977 1.802700 -0.078096
v 0.214802 1.791450 -0.036267
v 0.220181 1.779070 0.002894
v 0.212995 1.741930 0.047759
v 0.199004 1.698230 0.100726
v 0.170216 1.663620 0.151823
v 0.168815 1.665490 0.151838
v 0.141423 1.634150 0.198957
v 0.139309 1.631480 0.196576
v 0.166650 1.662810 0.149534
v 0.139601 1.633780 0.197398
v 0.195261 1.699410 0.100098
v 0.197397 1.699970 0.101090
v 0.217982 1.778200 0.002642
v 0.210708 1.801170 -0.079048
v 0.200753 1.810110 -0.105720
v 0.209324 1.798440 -0.078998
v 0.174162 1.802100 -0.138161
v 0.104034 1.796690 -0.194112
v 0.103104 1.798250 -0.192482
v 0.144164 1.800730 -0.167367
v 0.142892 1.802280 -0.165950
v 0.113579 1.606940 0.237608
v 0.087834 1.591340 0.266579
v 0.038573 1.585560 0.292653
v 0.039023 1.584600 0.294812
v -0.103496 1.793850 -0.192754
v -0.102409 1.794580 -0.190720
v -0.057267 1.794880 -0.210993
v -0.057689 1.798710 -0.212557
v -0.058206 1.797290 -0.214519
v -0.104034 1.796690 -0.194112
v -0.144164 1.800730 -0.167367
v -0.142892 1.802280 -0.165950
v -0.200753 1.810110 -0.105720
v -0.199100 1.811640 -0.104643
v -0.197288 1.810460 -0.103664
v -0.197565 1.808010 -0.103996
v -0.206968 1.801580 -0.077514
v -0.207178 1.799170 -0.078031
v -0.212820 1.788080 -0.036844
v -0.217982 1.778200 0.002642
v -0.210799 1.741220 0.047115
v -0.212995 1.741930 0.047759
v -0.214724 1.740290 0.047150
v 0.142530 1.632150 0.199336
v 0.038439 1.581500 0.291781
v 0.088154 1.589010 0.267036
v 0.086857 1.587570 0.264505
v 0.112784 1.602790 0.236476
v 0.115765 1.604870 0.236765
v 0.140898 1.630090 0.197493
v 0.039038 1.582120 0.294767
v -0.087834 1.591340 0.266579
v -0.114311 1.604870 0.238380
v 0.057154 1.797350 -0.210556
v -0.123636 1.993960 -0.067268
v -0.126463 2.015480 -0.080193
v -0.149869 2.018420 -0.093109
v -0.136232 2.007830 -0.077356
v -0.149911 1.974930 -0.120481
v -0.134385 1.971520 -0.101090
v -0.154104 1.957860 -0.117032
v -0.134124 1.989530 -0.103788
v -0.140226 2.015840 -0.103059
v -0.159686 2.016180 -0.111892
v -0.142245 2.025630 -0.098239
v -0.118672 1.999930 -0.075440
v -0.117587 1.994590 -0.091425
v -0.126388 2.004600 -0.083196
v -0.122808 1.988810 -0.074223
v -0.130179 1.990320 -0.069863
v -0.135998 1.975230 -0.067956
v -0.127740 1.970600 -0.058796
v -0.126580 1.953540 -0.064216
v -0.132522 1.950420 -0.075687
v -0.126810 1.970840 -0.085255
v -0.125291 1.986350 -0.084308
v -0.123525 1.972380 -0.073953
v -0.130769 1.960100 -0.067393
v -0.142179 1.950810 -0.094428
v -0.139914 1.944680 -0.099551
v -0.146540 1.956320 -0.125963
v -0.155159 1.953170 -0.125258
v -0.161661 1.976460 -0.126557
v -0.163092 2.000740 -0.123661
v -0.149401 1.993710 -0.123886
v -0.151045 2.011520 -0.114335
v -0.208977 1.802700 -0.078096
v -0.172045 1.805270 -0.136465
v -0.172368 1.802800 -0.136670
v -0.173609 1.806470 -0.137809
v -0.141630 1.801080 -0.164286
v -0.057154 1.797350 -0.210556
v -0.103104 1.798250 -0.192482
v -0.102182 1.797070 -0.190555
v -0.141937 1.798590 -0.164436
v -0.215049 1.787300 -0.037571
v -0.218095 1.775930 0.001679
v -0.213077 1.738040 0.045788
v -0.195236 1.697220 0.098962
v -0.166795 1.665050 0.150549
v -0.195261 1.699410 0.100098
v -0.210858 1.739020 0.045998
v -0.057881 1.794340 -0.213309
v -0.143429 1.797890 -0.166201
v -0.174162 1.802100 -0.138161
v -0.175116 1.804940 -0.139039
v -0.199571 1.807300 -0.105222
v -0.210708 1.801170 -0.079048
v -0.216573 1.789890 -0.037124
v -0.212663 1.790440 -0.036102
v -0.220181 1.779070 0.002894
v -0.220353 1.775060 0.001197
v -0.199004 1.698230 0.100726
v 1.232400 1.553410 0.070706
v 1.232640 1.547030 0.062272
v 1.231070 1.541220 0.068741
v 1.188600 1.528810 0.058231
v 1.231070 1.536510 0.033961
v 1.230270 1.544050 0.013678
v 1.231070 1.560680 0.011934
v 1.140130 1.568720 -0.029305
v 1.305890 1.544320 0.101583
v 1.301790 1.540610 0.107920
v 1.297580 1.529450 0.103809
v 1.310200 1.535420 0.123427
v 1.382460 1.526760 0.015129
v 1.366330 1.533920 0.020344
v 1.401730 1.517340 0.011202
v 1.405920 1.521350 0.019838
v 1.411950 1.532640 0.020350
v 1.419640 1.528490 0.017689
v -0.039835 1.972690 0.060435
v -0.040159 1.957860 0.076704
v -0.040307 1.957860 0.060405
v -0.038436 1.944200 0.076379
v -0.038524 1.944200 0.060405
v -0.035231 1.944190 0.060405
v -0.035255 1.944190 0.075778
v 0.974460 1.575780 -0.074403
v 0.909919 1.627400 -0.061477
v 0.974480 1.624560 -0.040410
v 0.909914 1.659810 -0.015560
v 0.974439 1.651470 0.001819
v 0.909575 1.670830 0.041008
v 0.974399 1.663590 0.050488
v 0.909212 1.646910 0.112112
v 0.908903 1.605660 0.144926
v 0.974310 1.551770 0.163585
v 0.974334 1.606070 0.147583
v 1.055330 1.555870 0.146290
v 1.055090 1.630460 0.107467
v 0.974353 1.642650 0.114974
v 1.055510 1.644330 0.051932
v 1.055250 1.573370 -0.049113
v 1.140800 1.568420 -0.022101
v 1.055010 1.613430 -0.020882
v 1.055170 1.635800 0.012117
v 1.140650 1.611040 0.023341
v 1.140620 1.605740 0.094706
v 1.055150 1.600760 0.134459
v 1.140680 1.586190 0.112900
v 1.140670 1.558800 0.118000
v 1.140470 1.525720 0.093702
v 1.141770 1.514290 0.062644
v 0.042683 1.927140 0.038714
v 0.058395 1.945130 0.070506
v -0.030740 1.970780 0.074244
v -0.054732 1.961960 0.066563
v -0.046916 1.951440 0.026967
v -0.058395 1.945130 0.070506
v -0.048105 1.948700 0.096443
v -0.023178 1.926860 0.116401
v -0.021444 1.946710 0.121918
v -0.017388 1.926170 0.116639
v 0.000000 1.924100 0.040416
v 0.002917 1.907780 0.004217
v 0.010213 1.923680 0.040576
v 0.013625 1.923750 0.040518
v 0.017388 1.926170 0.116639
v 0.023178 1.926860 0.116401
v 0.000000 1.925290 0.116945
v 0.000000 1.907570 0.004366
v -0.002917 1.907780 0.004217
v -0.010213 1.923680 0.040576
v -0.013625 1.923750 0.040518
v -0.048780 1.926200 0.098502
v -0.056454 1.938530 0.034386
v -0.010606 1.912370 -0.003980
v -0.027423 1.958410 0.022507
v -0.005384 1.915880 -0.009262
v 0.000000 1.915890 -0.008960
v 0.005384 1.915880 -0.009262
v 0.027423 1.958410 0.022507
v 0.010606 1.912370 -0.003980
v -0.009752 1.909740 0.000566
v -0.005931 1.908190 0.003367
v -0.042683 1.927140 0.038714
v -0.030653 1.972270 0.060435
v -0.033096 1.957500 0.060405
v -0.030834 1.972270 0.073079
v -0.029211 1.972270 0.086428
v -0.026133 1.972520 0.096326
v -0.019281 1.972520 0.104706
v -0.020823 1.957500 0.109791
v -0.011002 1.972520 0.109931
v -0.011421 1.957500 0.115551
v 0.000000 1.972520 0.111941
v 0.000000 1.957500 0.117619
v 0.011421 1.957500 0.115551
v 0.011787 1.944190 0.117005
v 0.036026 1.944200 0.091067
v 0.033194 1.957500 0.075389
v 0.035255 1.944190 0.075778
v 0.040159 1.957860 0.076704
v 0.037571 1.957860 0.091696
v 0.037161 1.972690 0.089664
v 0.032375 1.972940 0.100902
v 0.023754 1.972940 0.110311
v 0.012576 1.972940 0.116182
v 0.000000 1.972940 0.118412
v -0.012657 1.957860 0.120462
v -0.012352 1.944200 0.119247
v -0.011787 1.944190 0.117005
v -0.023468 1.944200 0.113105
v -0.037571 1.957860 0.091696
v -0.012576 1.972940 0.116182
v -0.023754 1.972940 0.110311
v -0.032375 1.972940 0.100902
v -0.037161 1.972690 0.089664
v -0.039702 1.972690 0.074753
v -0.032696 1.957860 0.104246
v -0.024336 1.957860 0.114193
v 0.000000 1.944200 0.122121
v 0.012352 1.944200 0.119247
v 0.000000 1.957860 0.122703
v -0.036026 1.944200 0.091067
v -0.031484 1.944200 0.103357
v -0.029244 1.944190 0.101714
v -0.021862 1.944190 0.111094
v 0.023468 1.944200 0.113105
v -0.033194 1.957500 0.075389
v -0.031327 1.957500 0.089154
v -0.033175 1.944190 0.089906
v -0.027794 1.957500 0.100651
v 0.012657 1.957860 0.120462
v 0.024336 1.957860 0.114193
v 0.032695 1.957860 0.104246
v 1.140460 1.533370 -0.011783
v 1.187090 1.565740 -0.000852
v 1.140670 1.595550 -0.001501
v 1.187200 1.585580 0.012032
v 1.187230 1.597510 0.029738
v 1.140570 1.615740 0.053941
v 1.187250 1.601640 0.052384
v 1.187150 1.560450 0.097610
v 1.187050 1.539550 0.078866
v 0.974346 1.504800 -0.062302
v 1.055060 1.477120 0.013968
v 0.974541 1.448430 0.073204
v 1.140400 1.514330 0.026070
v 1.054730 1.470940 0.070516
v 0.974346 1.475970 0.127937
v 1.055210 1.492140 0.115894
v 0.027794 1.957500 0.100651
v 0.033175 1.944190 0.089906
v 0.011002 1.972520 0.109931
v 0.020823 1.957500 0.109791
v 0.021862 1.944190 0.111094
v 0.029244 1.944190 0.101716
v 0.031484 1.944200 0.103357
v 0.039702 1.972690 0.074753
v 0.039835 1.972690 0.060435
v 0.030653 1.972270 0.060435
v 0.033096 1.957500 0.060405
v 0.035231 1.944190 0.060405
v 0.038524 1.944200 0.060405
v 0.038436 1.944200 0.076379
v 0.040307 1.957860 0.060405
v 0.030834 1.972270 0.073079
v 0.029211 1.972270 0.086428
v 0.031327 1.957500 0.089154
v 0.026133 1.972520 0.096326
v 0.019281 1.972520 0.104706
v 0.908624 1.546130 0.158817
v 0.849573 1.544740 0.138594
v 0.849817 1.643720 0.097125
v 0.849964 1.651250 -0.035285
v 0.850119 1.622590 -0.080587
v 0.849927 1.499410 -0.091752
v 0.909874 1.575230 -0.093325
v 1.055450 1.516960 -0.041348
v 0.030890 1.934890 0.077289
v -0.018717 1.924580 0.108260
v -0.026980 1.934890 0.101418
v -0.030799 1.934890 0.062978
v -0.028695 1.924580 0.076864
v -0.028526 1.924580 0.062978
v 0.012208 1.924300 0.119220
v 0.023625 1.934630 0.114353
v -0.030563 1.944160 0.104002
v -0.028389 1.944160 0.102434
v -0.025369 1.924580 0.100256
v -0.029975 1.934890 0.090437
v -0.027951 1.924580 0.089615
v -0.030890 1.934890 0.077289
v -0.035770 1.944160 0.078235
v -0.035950 1.934630 0.092865
v -0.031428 1.924300 0.104626
v -0.023059 1.924300 0.113613
v -0.012208 1.924300 0.119220
v 0.000000 1.924300 0.121350
v 0.000000 1.934630 0.122480
v 0.012287 1.934630 0.120340
v 0.000000 1.944160 0.121925
v 0.011990 1.944160 0.119180
v 0.022781 1.944160 0.113313
v -0.035557 1.924300 0.092705
v -0.036947 1.924300 0.078464
v -0.037372 1.934630 0.078546
v -0.037070 1.924300 0.062978
v 0.000000 1.944160 0.119708
v 0.000000 1.934890 0.117625
v 0.011442 1.944160 0.117037
v 0.030563 1.944160 0.104002
v 0.034472 1.944160 0.092264
v 0.031742 1.944160 0.091156
v 0.023059 1.924300 0.113613
v 0.031739 1.934630 0.104851
v 0.031428 1.924300 0.104626
v 0.035950 1.934630 0.092865
v 0.028526 1.924580 0.062978
v 0.028695 1.924580 0.076864
v 0.027951 1.924580 0.089615
v 0.029975 1.934890 0.090437
v 0.025369 1.924580 0.100256
v 0.026980 1.934890 0.101418
v 0.018717 1.924580 0.108260
v 0.010680 1.924580 0.113249
v 0.011086 1.934890 0.115650
v 0.000000 1.924580 0.115168
v -0.011442 1.944160 0.117037
v -0.022781 1.944160 0.113313
v -0.034472 1.944160 0.092264
v -0.031742 1.944160 0.091156
v -0.032809 1.944160 0.077662
v -0.032785 1.944160 0.062978
v -0.035850 1.944160 0.062978
v -0.037510 1.934630 0.062978
v -0.011086 1.934890 0.115650
v -0.010680 1.924580 0.113249
v -0.020215 1.934890 0.110148
v -0.021223 1.944160 0.111392
v 0.793108 1.471830 0.100772
v 0.822167 1.458710 -0.029028
v 0.822209 1.456180 0.038946
v 0.909225 1.445340 -0.002204
v 0.849421 1.445010 0.046167
v 0.909341 1.436750 0.067577
v 0.908400 1.467110 0.126598
v 0.849275 1.472810 0.100113
v 0.822035 1.479970 0.097110
v 0.822839 1.542040 0.128080
v 0.793449 1.594560 0.144936
v 0.719623 1.601080 0.177978
v 0.719537 1.641390 0.128092
v 0.632456 1.608820 0.186648
v 0.794411 1.535690 0.155376
v 0.719431 1.457060 0.117117
v 0.792977 1.453120 0.038581
v 0.793099 1.446920 -0.029360
v 0.793288 1.491990 -0.105995
v 0.822296 1.499890 -0.099761
v 0.849782 1.454060 -0.022521
v 0.909571 1.499010 -0.078143
v 0.974403 1.450800 0.005098
v 0.598146 1.466070 -0.164371
v 0.632577 1.472640 -0.160435
v 0.632468 1.406710 -0.056617
v 0.793434 1.633000 0.105016
v 0.849576 1.602020 0.131840
v 0.822350 1.634620 0.096130
v 0.849839 1.663010 0.021979
v 0.822299 1.652490 0.018029
v 0.793541 1.641440 -0.037266
v 0.822507 1.616870 -0.084840
v 0.598134 1.680200 0.031452
v 0.598140 1.682110 -0.054428
v 0.632565 1.676000 -0.056424
v 0.632478 1.645830 -0.142194
v 0.597336 1.564460 -0.202225
v 0.632534 1.571990 -0.200494
v 0.821989 1.595120 0.131570
v 0.822448 1.640600 -0.038411
v 0.850132 1.570940 -0.110895
v 0.822552 1.566330 -0.115447
v 0.793486 1.563210 -0.121792
v 0.719626 1.566000 -0.160279
v 0.719620 1.627510 -0.112172
v 0.793598 1.617660 -0.087871
v 0.719566 1.651210 -0.047079
v 0.793435 1.650820 0.021235
v 0.598128 1.529270 0.206538
v 0.598130 1.659840 0.121350
v 0.632484 1.650380 0.130039
v 0.632588 1.673370 0.022700
v 0.719533 1.658460 0.026310
v -0.115553 1.958260 -0.024093
v -0.125496 1.960490 -0.038948
v -0.100813 2.024840 -0.014757
v 0.123247 1.972080 -0.110609
v 0.113764 1.957140 -0.104649
v 0.132922 1.951570 -0.132237
v 0.113185 1.936130 -0.116835
v -0.116467 1.877900 -0.123948
v -0.117429 1.899250 -0.123547
v -0.182710 1.944000 -0.158051
v -0.128564 1.925660 -0.120665
v 0.045155 1.976050 0.096486
v 0.040587 1.993700 0.081140
v 0.027032 1.991110 0.094424
v 0.023472 1.974060 0.112343
v 0.045954 1.966850 0.098973
v 0.098369 1.961740 -0.145880
v 0.035887 1.942970 -0.181363
v 0.000000 1.958590 -0.176745
v -0.035887 1.942970 -0.181363
v -0.036022 1.959010 -0.172755
v -0.070610 1.960080 -0.163316
v -0.098369 1.961740 -0.145880
v -0.137180 1.954470 -0.132237
v -0.123247 1.972080 -0.110609
v -0.113764 1.957140 -0.104649
v -0.042223 1.958670 0.108260
v 0.000000 1.947310 0.134083
v 0.042223 1.958670 0.108260
v 0.064807 1.990290 0.076978
v 0.054673 2.000410 0.068662
v 0.034913 1.998460 0.070521
v -0.008351 1.979650 0.120051
v 0.020969 1.981920 0.104177
v -0.009705 1.977960 0.152810
v -0.005399 1.978320 0.185693
v 0.000000 1.978460 0.185232
v 0.000000 1.982410 0.187600
v -0.004132 1.982520 0.188016
v 0.000000 1.989350 0.186905
v 0.004132 1.982520 0.188016
v 0.009663 1.978550 0.182650
v 0.005399 1.978320 0.185693
v 0.009705 1.977960 0.152810
v 0.000000 1.976140 0.153013
v 0.000000 1.975950 0.146065
v -0.009939 1.978120 0.143659
v -0.013828 1.981380 0.153022
v -0.103464 1.879420 -0.142255
v -0.158874 1.883020 -0.168853
v -0.103464 1.873590 -0.187962
v -0.068649 1.876040 -0.173384
v -0.100011 1.880290 -0.208712
v -0.116822 1.902140 -0.215493
v -0.048838 1.920970 -0.265896
v 0.000000 1.908440 -0.257263
v 0.116467 1.877900 -0.123948
v 0.158874 1.883020 -0.190303
v 0.157252 1.934720 -0.150648
v 0.098709 1.917110 -0.181385
v 0.072442 1.929640 -0.182527
v 0.071052 1.942760 -0.166998
v 0.000000 1.942800 -0.185249
v -0.072442 1.929640 -0.182527
v -0.071052 1.942760 -0.166998
v -0.098636 1.943860 -0.152252
v -0.148517 1.948130 -0.147459
v 0.115373 1.993270 -0.093119
v 0.105017 1.989060 -0.110349
v 0.070610 1.959580 -0.148414
v 0.070610 1.960080 -0.163316
v 0.036022 1.956910 -0.157527
v 0.036022 1.959010 -0.172755
v 0.000000 1.950270 -0.171525
v -0.036022 1.956910 -0.157527
v -0.070610 1.959580 -0.148414
v -0.105015 1.989060 -0.110349
v -0.115373 1.993270 -0.093119
v 0.000000 1.958490 0.022462
v 0.030740 1.970780 0.074244
v 0.009752 1.909740 0.000566
v 0.046916 1.951440 0.026967
v 0.056454 1.938530 0.034386
v 0.054732 1.961960 0.066563
v 0.005931 1.908190 0.003367
v 0.048780 1.926200 0.098502
v 0.048105 1.948700 0.096443
v 0.021444 1.946710 0.121918
v -0.118412 1.937480 -0.116835
v -0.166156 1.944250 -0.150648
v -0.143266 1.925220 -0.222649
v 0.098636 1.943860 -0.152252
v 0.101125 1.929490 -0.168129
v 0.151420 1.941420 -0.147459
v 0.114428 1.919080 -0.120665
v 0.117429 1.899250 -0.123547
v 0.182710 1.923820 -0.170378
v 0.103464 1.879420 -0.145446
v 0.103464 1.867200 -0.187962
v 0.098339 1.890030 -0.188114
v 0.068649 1.876040 -0.159573
v 0.068649 1.880290 -0.208712
v 0.031392 1.876420 -0.186453
v 0.031392 1.869020 -0.220868
v 0.000000 1.872260 -0.186478
v 0.000000 1.864200 -0.224102
v -0.031392 1.876420 -0.186453
v -0.031392 1.869020 -0.220868
v -0.045413 1.908120 -0.254034
v 0.116673 1.915460 -0.245734
v -0.101125 1.929490 -0.168129
v -0.098709 1.917110 -0.181385
v -0.098731 1.911390 -0.212270
v -0.036097 1.930130 -0.192174
v 0.000000 1.929890 -0.194237
v 0.000000 1.920810 -0.235009
v 0.049743 1.930130 -0.192174
v 0.077972 1.920970 -0.265896
v 0.073316 1.908120 -0.254034
v 0.080618 1.902140 -0.215493
v 0.031866 1.994230 0.104883
v 0.022209 1.992740 0.119799
v -0.018796 1.573740 0.310297
v -0.018129 1.573350 0.294930
v -0.006382 1.575400 0.294178
v 0.000000 1.565710 0.283195
v 0.000000 1.575390 0.294165
v 0.000000 1.585080 0.294228
v 0.000000 1.579280 0.291954
v 0.006384 1.585070 0.294228
v 0.006382 1.579250 0.291974
v -0.027367 2.000640 0.097935
v -0.031782 1.995970 0.098791
v -0.031866 1.994230 0.104883
v -0.032225 1.988320 0.104834
v -0.025500 1.987650 0.119194
v -0.023643 1.983210 0.119522
v -0.027219 1.983690 0.107008
v -0.020969 1.981920 0.104177
v -0.020217 1.982330 0.112076
v -0.019780 1.982200 0.119366
v -0.012134 1.986510 0.116621
v -0.007894 1.978880 0.127407
v 0.000000 1.976460 0.127949
v 0.008351 1.979650 0.120051
v 0.027219 1.983690 0.107008
v -0.009663 1.978550 0.182650
v -0.009263 1.983070 0.184464
v -0.012749 1.986300 0.154109
v -0.009665 1.977730 0.140474
v 0.197565 1.808010 -0.103996
v 0.210858 1.739020 0.045998
v 0.206968 1.801580 -0.077514
v 0.207178 1.799170 -0.078031
v 0.212663 1.790440 -0.036102
v 0.212820 1.788080 -0.036844
v 0.218095 1.775930 0.001679
v 0.210799 1.741220 0.047115
v 0.166795 1.665050 0.150549
v 0.195236 1.697220 0.098962
v 0.168544 1.661550 0.150039
v 0.112050 1.606610 0.235776
v 0.086705 1.591610 0.264468
v 0.000000 1.584200 0.297954
v -0.038573 1.585560 0.292653
v -0.113579 1.606940 0.237608
v -0.141423 1.634150 0.198957
v -0.168815 1.665490 0.151838
v -0.139601 1.633780 0.197398
v -0.112050 1.606610 0.235776
v -0.111605 1.604260 0.235144
v -0.086705 1.591610 0.264468
v -0.086155 1.589480 0.263300
v -0.038244 1.583810 0.290944
v 0.000000 1.582410 0.296185
v 0.038244 1.583810 0.290944
v 0.086155 1.589480 0.263300
v 0.111605 1.604260 0.235144
v 0.199571 1.807300 -0.105222
v 0.172368 1.802800 -0.136670
v 0.197288 1.810460 -0.103664
v 0.173609 1.806470 -0.137809
v 0.199100 1.811640 -0.104643
v 0.175116 1.804940 -0.139039
v 0.172045 1.805270 -0.136465
v 0.141630 1.801080 -0.164286
v 0.141937 1.798590 -0.164436
v 0.143429 1.797890 -0.166201
v 0.102409 1.794580 -0.190720
v 0.103496 1.793850 -0.192754
v 0.057267 1.794880 -0.210993
v 0.057881 1.794340 -0.213309
v 0.000000 1.795250 -0.220139
v 0.000000 1.794700 -0.222595
v 0.252587 0.660250 -0.245834
v 0.158168 0.651425 -0.272015
v 0.151776 0.711782 -0.277398
v 0.244055 0.873609 -0.079530
v 0.241188 0.870016 -0.168329
v 0.226162 0.801568 -0.245806
v 0.127830 0.817134 -0.269409
v 0.161258 0.583953 -0.247829
v 0.094234 0.529296 -0.219351
v 0.126810 1.970840 -0.085255
v 0.125291 1.986350 -0.084308
v 0.134385 1.971520 -0.101090
v 0.134124 1.989530 -0.103788
v 0.126388 2.004600 -0.083196
v 0.140999 0.772694 0.041627
v 0.023125 0.700091 -0.087724
v 0.055758 0.725365 -0.246141
v 0.130046 0.813694 0.031265
v 0.237288 0.807826 0.007726
v 0.270340 0.728581 0.006560
v 0.231282 0.496258 -0.224867
v 0.167855 0.463074 -0.268473
v 0.098444 0.437929 -0.252318
v 0.174420 0.437928 -0.287781
v 0.266829 0.437928 -0.255868
v 0.274185 0.404415 -0.268797
v 0.307655 0.662045 -0.082784
v 0.277126 0.578900 -0.168477
v 0.139824 0.770754 -0.277628
v 0.278362 0.810605 -0.175371
v 0.244514 0.732130 -0.246246
v 0.296022 0.664372 -0.179711
v 0.302293 0.739847 -0.180046
v 0.302744 0.742035 -0.082044
v 0.280678 0.815326 -0.080218
v 0.280846 0.661807 0.000900
v 0.157946 0.702999 0.047534
v 0.160958 0.648916 0.039011
v 0.054363 0.728842 -0.005727
v 0.149911 1.974930 -0.120481
v 0.149401 1.993710 -0.123886
v 0.151045 2.011520 -0.114335
v 0.140226 2.015840 -0.103059
v 0.136232 2.007830 -0.077356
v 0.149869 2.018420 -0.093109
v 0.126463 2.015480 -0.080193
v 0.123999 2.010330 -0.091607
v 0.133359 2.019210 -0.108854
v 0.144796 2.015130 -0.124376
v 0.178910 0.404492 -0.304742
v 0.178969 0.403808 -0.307515
v 0.090996 0.404360 -0.264177
v 0.087654 0.403690 -0.266251
v 0.274192 0.345371 -0.263975
v 0.276443 0.403733 -0.270726
v 0.236873 0.256414 -0.216346
v 0.171891 0.199916 -0.193372
v -1.354770 1.540670 -0.019497
v -1.362680 1.527760 -0.025724
v -1.369760 1.532580 -0.028021
v -1.362730 1.543850 -0.014323
v -1.379860 1.533260 -0.013017
v -1.377320 1.534690 -0.022459
v -1.361160 1.533510 0.000069
v -1.364630 1.541200 -0.004852
v -1.385890 1.529070 -0.016619
v -1.384510 1.530190 -0.026654
v -1.390460 1.526200 -0.030045
v -1.375450 1.528290 -0.031649
v -1.380600 1.524850 -0.034325
v -1.338010 1.548970 -0.009398
v -1.335800 1.540720 -0.010357
v -1.356860 1.562450 0.023844
v -1.382470 1.551570 0.024435
v -1.378210 1.541750 0.028679
v -1.397110 1.537820 0.023734
v -1.401170 1.545110 0.009755
v -1.382010 1.553820 0.014845
v -1.395510 1.542090 0.001054
v -1.375140 1.549580 0.006728
v 0.130179 1.990320 -0.069863
v 0.122808 1.988810 -0.074223
v 0.123525 1.972380 -0.073953
v 0.161661 1.976460 -0.126557
v -1.187240 1.594130 0.082525
v -1.187250 1.601640 0.052384
v -1.230390 1.581750 0.036880
v -1.230390 1.574600 0.025313
v -1.230390 1.561030 0.015293
v -1.245730 1.549840 0.017552
v -1.251090 1.577180 0.040613
v -1.230560 1.584010 0.054274
v -1.230390 1.579660 0.070186
v -1.245310 1.571770 0.071443
v -1.274750 1.533690 0.112667
v -1.291700 1.518360 0.143785
v -1.288490 1.530970 0.138925
v -1.291930 1.527050 0.147450
v -1.312630 1.536430 0.148102
v -1.419180 1.535010 0.013851
v -1.410840 1.533120 -0.004522
v -1.404670 1.535200 -0.002976
v -1.387280 1.534160 0.001460
v -1.369690 1.540150 0.007531
v 0.225618 0.005712 -0.010352
v 0.221058 0.007796 -0.045130
v 0.220155 -0.001297 -0.045352
v 0.225183 -0.001210 -0.010772
v 0.210503 0.003405 0.025320
v 0.221348 0.019088 -0.010664
v 0.139914 1.944680 -0.099551
v 0.146540 1.956320 -0.125963
v 0.154399 1.976380 -0.137370
v 0.167585 1.978270 -0.140516
v 0.164671 2.006410 -0.135715
v 0.149169 2.003070 -0.134191
v 0.142245 2.025630 -0.098239
v 0.159686 2.016180 -0.111892
v 0.157855 2.022720 -0.122637
v 0.163092 2.000740 -0.123661
v 0.155159 1.953170 -0.125258
v 0.154104 1.957860 -0.117032
v 0.142179 1.950810 -0.094428
v 0.132522 1.950420 -0.075687
v 0.128847 1.944820 -0.075552
v 0.126580 1.953540 -0.064216
v 0.130769 1.960100 -0.067393
v 0.135998 1.975230 -0.067956
v -1.306030 1.532440 0.154804
v -1.301730 1.535780 0.147572
v -1.318030 1.531450 0.146483
v -1.311930 1.538140 0.141516
v -1.297200 1.538140 0.140015
v -1.293520 1.552110 0.110518
v -1.281910 1.552180 0.112678
v -1.275650 1.562470 0.100411
v -1.411950 1.532640 0.020350
v -1.402180 1.543800 0.019151
v -1.412510 1.537700 0.016272
v 0.175486 0.256425 -0.234660
v 0.152684 -0.000293 -0.182327
v 0.152524 0.021156 -0.184798
v 0.197450 0.020873 -0.184461
v 0.198991 -0.000293 -0.182327
v 0.206769 0.021311 -0.151128
v 0.209251 0.001619 -0.119170
v -1.296130 1.526360 0.153944
v 0.138749 -0.001617 0.023459
v 0.138411 0.005350 0.024116
v 0.125295 0.008113 -0.014890
v 0.151123 -0.000045 -0.087029
v 0.147966 0.001984 -0.119091
v 0.145220 -0.000458 -0.148394
v 0.140543 0.024450 -0.151517
v 0.147178 0.076261 -0.123749
v 0.164867 0.086185 -0.112892
v 0.188138 0.070974 -0.120837
v 0.168368 0.060409 -0.088139
v 0.175087 0.043092 -0.043836
v 0.054926 0.583213 -0.096590
v 0.157427 0.572777 0.007684
v 0.225174 0.529434 -0.049868
v 0.158456 0.005592 0.059493
v 0.172874 -0.001590 0.023866
v 0.172469 0.005592 0.062677
v 0.187801 0.005592 0.056672
v 0.208057 0.013097 0.025310
v 0.173529 0.023061 0.024476
v 0.160157 0.016643 0.058631
v 0.141589 0.018405 0.024148
v 0.173928 0.033257 -0.012533
v 0.149608 0.050329 -0.089700
v 0.172449 0.018698 0.061842
v 0.185378 0.015909 0.056377
v 0.187916 0.008428 0.057587
v 0.172449 0.008788 0.063646
v 0.158313 0.009153 0.060436
v 0.134098 0.027013 -0.014300
v 0.134786 0.010016 -0.044398
v 0.143770 0.034745 -0.044385
v 0.148369 0.017433 -0.088756
v 0.145777 0.020535 -0.119243
v 0.000000 1.970700 0.087213
v -0.045418 1.958310 0.096660
v -1.391270 1.518540 -0.030042
v -1.390960 1.525410 -0.020557
v -1.375580 1.528840 -0.007617
v -1.413050 1.540010 0.005413
v -1.419640 1.528490 0.017689
v -1.421420 1.536210 0.003459
v -1.402230 1.528810 -0.003700
v 0.298978 0.345608 -0.197637
v 1.390460 1.526200 -0.030045
v 1.391270 1.518540 -0.030042
v 1.378950 1.519820 -0.035315
v 1.380600 1.524850 -0.034325
v 1.369760 1.532580 -0.028021
v 1.375450 1.528290 -0.031649
v 1.377320 1.534690 -0.022459
v 1.384510 1.530190 -0.026654
v 1.390960 1.525410 -0.020557
v 1.392200 1.521110 -0.017306
v 1.379860 1.533260 -0.013017
v 1.375580 1.528840 -0.007617
v 0.025585 1.960030 0.114335
v 0.000000 1.957260 0.133246
v 0.026056 1.958210 0.124160
v 0.000000 1.958350 0.140459
v -0.021530 1.959880 0.132861
v -0.044030 1.956720 0.120541
v -0.051389 1.944140 0.126196
v 0.000000 1.959760 0.158557
v 0.000000 1.938010 0.170389
v 0.040599 1.901510 0.184978
v 0.254455 0.404275 -0.094995
v 0.182992 0.404258 -0.078803
v 0.115181 0.403581 -0.100628
v 0.139092 0.199911 -0.185843
v 0.118615 0.199913 -0.152252
v 0.143003 0.199914 -0.124109
v 0.149025 0.115098 -0.159971
v -0.140898 1.630090 0.197493
v -0.139309 1.631480 0.196576
v -0.166650 1.662810 0.149534
v 0.166107 0.115095 -0.119168
v 0.171316 0.199916 -0.114765
v 0.204721 0.199919 -0.124271
v 0.174469 0.256411 -0.102315
v 0.227900 0.256411 -0.114631
v 0.256131 0.403595 -0.093041
v 0.292128 0.403693 -0.130685
v 0.298401 0.404431 -0.196248
v 0.301381 0.403743 -0.196807
v 0.180306 0.345203 -0.298642
v 0.000000 2.030680 0.055550
v 0.046967 2.026100 0.051113
v 0.095628 1.999130 0.046730
v 0.079628 1.994690 0.089913
v -0.822209 1.456180 0.038946
v -0.792977 1.453120 0.038581
v -0.849782 1.454060 -0.022521
v -0.909571 1.499010 -0.078143
v -0.909225 1.445340 -0.002204
v -0.974403 1.450800 0.005098
v -0.974541 1.448430 0.073204
v -0.908400 1.467110 0.126598
v -0.908624 1.546130 0.158817
v -0.974346 1.475970 0.127937
v -0.974310 1.551770 0.163585
v -1.055330 1.555870 0.146290
v -0.974353 1.642650 0.114974
v -1.055510 1.644330 0.051932
v -1.055170 1.635800 0.012117
v -1.055250 1.573370 -0.049113
v 0.598138 1.408680 0.033291
v 0.599150 1.406340 0.034043
v 0.598144 1.403670 -0.062874
v 0.599169 1.400470 -0.064468
v 0.599176 1.463780 -0.168807
v 0.588214 1.464170 -0.169075
v 0.516582 1.463860 -0.176992
v 0.470259 1.413270 0.031616
v 0.460169 1.455930 0.129704
v 0.442943 1.538800 0.202037
v 0.516556 1.619930 0.183517
v 0.433926 1.629790 0.189696
v 0.516568 1.736880 -0.077085
v 0.444709 1.743580 -0.084364
v 0.516575 1.680370 -0.164469
v 0.464290 1.556380 -0.216993
v 0.454760 1.691470 -0.187872
v 0.391547 1.694560 -0.191750
v 0.372906 1.747750 0.018049
v 0.440202 1.750870 0.027032
v 0.369803 1.708440 0.125516
v 0.435528 1.709440 0.134513
v 0.394640 1.453370 0.125266
v 0.441920 1.376800 -0.067946
v 0.477737 1.397760 -0.066753
v 0.459029 1.457890 -0.165652
v -0.116150 2.007970 -0.010734
v -0.094581 2.011650 0.020360
v -0.046967 2.026100 0.051113
v -0.049321 2.021490 0.072435
v 0.049321 2.021490 0.072435
v 0.060403 2.007210 0.122862
v 0.000000 2.033120 0.112982
v 0.000000 2.044360 0.151356
v 0.597662 1.657900 -0.140394
v 0.588201 1.691580 -0.058647
v 0.588195 1.692970 0.033892
v 0.599138 1.687880 -0.057407
v 0.599139 1.688090 0.033103
v 0.599139 1.665020 0.127415
v 0.598127 1.609830 0.189879
v 0.597566 1.439320 0.138054
v 0.598133 1.441240 0.133931
v -0.095628 1.999130 0.046730
v -0.079628 1.994690 0.089913
v 0.000000 2.027540 0.079381
v 0.041267 2.022130 0.107465
v -0.060403 2.007210 0.122862
v -0.049735 2.028820 0.152945
v -0.598144 1.403670 -0.062874
v -0.719806 1.437240 0.038824
v -0.719431 1.457060 0.117117
v -0.719740 1.524500 0.194215
v -0.822839 1.542040 0.128080
v -0.821989 1.595120 0.131570
v -0.849576 1.602020 0.131840
v -0.822350 1.634620 0.096130
v -0.849839 1.663010 0.021979
v -0.909575 1.670830 0.041008
v -0.909914 1.659810 -0.015560
v -0.849964 1.651250 -0.035285
v -0.909874 1.575230 -0.093325
v 0.598143 1.653450 -0.133794
v -0.793486 1.563210 -0.121792
v -0.793598 1.617660 -0.087871
v -0.793541 1.641440 -0.037266
v -0.822299 1.652490 0.018029
v -0.850119 1.622590 -0.080587
v -0.822507 1.616870 -0.084840
v 0.097577 1.977380 0.076580
v 0.060535 2.015900 0.140641
v 0.031682 2.034330 0.143635
v 0.027142 2.047750 0.167246
v -0.031682 2.034330 0.143635
v -0.041267 2.022130 0.107465
v 0.094581 2.011650 0.020360
v -0.598138 1.408680 0.033291
v -0.632551 1.445500 0.121591
v -0.632434 1.522770 0.208125
v -0.632456 1.608820 0.186648
v -0.719623 1.601080 0.177978
v -0.793449 1.594560 0.144936
v -0.793434 1.633000 0.105016
v -0.632484 1.650380 0.130039
v -0.719533 1.658460 0.026310
v -0.632588 1.673370 0.022700
v -0.719566 1.651210 -0.047079
v -0.719620 1.627510 -0.112172
v -0.632478 1.645830 -0.142194
v -0.598143 1.653450 -0.133794
v -0.632565 1.676000 -0.056424
v -0.598140 1.682110 -0.054428
v -0.598134 1.680200 0.031452
v -0.598127 1.609830 0.189879
v -0.719537 1.641390 0.128092
v 0.115463 0.256438 -0.215669
v 0.084171 0.345131 -0.262080
v 0.060883 0.403509 -0.194646
v 0.068981 0.345314 -0.136255
v 0.072060 0.403566 -0.133573
v 0.182550 0.403579 -0.076547
v 0.137798 0.072020 -0.146035
v 0.137385 0.113278 -0.142156
v 0.150062 0.115043 -0.126065
v 0.183816 0.115048 -0.126557
v 0.191221 0.115023 -0.142384
v 0.206457 0.023187 -0.118504
v 0.192545 0.046471 -0.089800
v 0.211695 0.028944 -0.043778
v 0.183818 0.115111 -0.159989
v 0.254667 0.256409 -0.147289
v 0.220044 0.199919 -0.149681
v 0.253778 0.345674 -0.098736
v 0.291169 0.345661 -0.134476
v 0.250871 0.256410 -0.181378
v 0.208596 0.199919 -0.183089
v 0.166020 0.115145 -0.166013
v 0.149440 0.069770 -0.166955
v 0.167473 0.070244 -0.173824
v 0.175133 0.019852 -0.194869
v 0.185994 0.068627 -0.167304
v 0.199690 0.068032 -0.146499
v 0.208716 0.014946 -0.088761
v 0.211033 -0.001242 -0.086927
v 0.175778 -0.001242 -0.086927
v 0.175370 -0.001297 -0.045015
v 0.174191 -0.001210 -0.013021
v 0.210183 -0.001617 0.024643
v 0.125730 -0.001210 -0.015270
v 0.136252 -0.001297 -0.044633
v 0.175837 -0.000438 -0.149691
v 0.175837 -0.000293 -0.191893
v 0.207332 -0.000432 -0.148403
v 0.175837 0.001619 -0.119170
v 0.180526 0.345631 -0.084121
v 0.131707 0.256391 -0.113390
v 0.114736 0.345448 -0.107210
v 0.093028 0.255703 -0.145993
v 0.098650 0.256031 -0.180931
v 0.058624 0.345187 -0.197507
v 0.049735 2.028820 0.152945
v 0.000000 2.056440 0.173909
v 0.000000 2.079340 0.189567
v -0.042769 2.048440 0.170004
v -0.027142 2.047750 0.167246
v -0.793435 1.650820 0.021235
v -0.822448 1.640600 -0.038411
v -0.822296 1.499890 -0.099761
v -0.793288 1.491990 -0.105995
v -0.719539 1.478810 -0.141061
v -0.719626 1.566000 -0.160279
v -0.632534 1.571990 -0.200494
v -0.597336 1.564460 -0.202225
v -0.598146 1.466070 -0.164371
v 0.147798 1.830280 -0.021850
v 0.055471 1.806570 0.069963
v 0.000000 1.784370 0.090913
v 0.000000 1.797610 0.093327
v 0.089947 1.827680 0.036662
v 0.126387 1.915310 0.030596
v 0.136277 1.906450 0.002325
v 0.121616 1.943240 0.014955
v 0.126873 1.938320 -0.013000
v 0.140289 1.903780 -0.025771
v -0.140289 1.903780 -0.025771
v -0.120823 1.873090 -0.019116
v -0.135504 1.874600 -0.008775
v 0.000000 1.791050 0.130703
v -0.051340 1.797480 0.117192
v -0.090528 1.825840 0.057357
v -0.053257 1.805710 0.085099
v -0.055471 1.806570 0.069963
v 0.053257 1.805710 0.085099
v 0.090528 1.825840 0.057357
v 0.134656 1.879640 0.021087
v 0.127459 1.889760 0.049511
v 0.000000 1.782260 0.170234
v 0.024281 0.700461 -0.180975
v 0.060530 0.680107 -0.008518
v 0.254606 0.570958 -0.023780
v 0.273791 0.577670 -0.094763
v 0.243652 0.580652 -0.225774
v 0.162605 0.534184 -0.219839
v 0.104994 0.496266 -0.221241
v 0.088594 0.462600 -0.131213
v 0.086418 0.496269 -0.125822
v 0.172065 0.461986 -0.049182
v 0.250060 0.496264 -0.123374
v 0.268688 0.462774 -0.125882
v 0.277551 0.462874 -0.183227
v 0.281936 0.437925 -0.129196
v 0.227281 0.462354 -0.088681
v 0.240968 0.437929 -0.093921
v 0.117417 0.404261 -0.102379
v 0.075825 0.404236 -0.134658
v 0.064768 0.404173 -0.193931
v -1.281860 1.524870 0.107622
v -1.284270 1.524970 0.093042
v -1.290240 1.525190 0.104916
v -1.297580 1.529450 0.103809
v 0.166856 0.496256 -0.233663
v 0.219198 0.529572 -0.221967
v 0.247123 0.531084 -0.174326
v 0.250404 0.531039 -0.118439
v 0.214869 0.496282 -0.077565
v 0.166118 0.496299 -0.043463
v 0.159469 0.526159 -0.037919
v 0.113342 0.496299 -0.077577
v 0.093075 0.527235 -0.057037
v 0.082307 0.496268 -0.177444
v 0.121467 0.437927 -0.093349
v 0.120088 0.462172 -0.087381
v 0.176717 0.437931 -0.067584
v 0.076854 0.578863 -0.032263
v 0.077822 0.530264 -0.118037
v 0.068032 0.530969 -0.170250
v 0.099983 0.462855 -0.240219
v 0.036361 0.633732 -0.090320
v 0.048153 0.588192 -0.165948
v 0.036613 0.636719 -0.177674
v 0.078277 0.585220 -0.223699
v 0.069884 0.640250 -0.239162
v 0.028133 0.671090 -0.181417
v 0.063102 0.681673 -0.244659
v 0.027520 0.668658 -0.087197
v 0.063438 0.638762 -0.020397
v -1.298070 1.518830 0.153607
v -1.310950 1.523220 0.155146
v -1.318010 1.523720 0.141753
v -1.307750 1.515500 0.134314
v -1.299010 1.522300 0.117414
v -1.290860 1.519420 0.121558
v -1.286340 1.522470 0.131269
v -1.296850 1.512770 0.137888
v -1.301250 1.513240 0.146451
v -1.311470 1.516730 0.147592
v -1.315860 1.523080 0.132688
v -1.405920 1.521350 0.019838
v -1.361590 1.551150 0.038801
v -1.412280 1.515980 0.008309
v -1.422950 1.527490 0.003184
v -1.411860 1.520280 0.017669
v -1.388230 1.529810 0.024051
v -1.382460 1.526760 0.015129
v -1.382620 1.528880 0.005900
v -1.399670 1.520190 0.001794
v -1.401730 1.517340 0.011202
v -1.318050 1.541960 -0.003423
v -1.319380 1.533980 0.000308
v -1.337190 1.533250 -0.007426
v 0.000000 1.186240 0.226019
v 0.000000 1.266240 0.296289
v -0.090148 1.184640 0.198677
v -0.170491 1.176570 0.125311
v -0.285139 1.186920 -0.001394
v -0.250654 1.138420 -0.033933
v -0.204032 1.074950 0.001782
v -0.208104 1.007310 -0.055730
v -0.225222 1.150820 0.039898
v -0.149876 1.079380 0.048511
v -0.076127 1.086870 0.109381
v -0.063856 0.980709 0.079923
v 0.000000 1.090040 0.133916
v 0.000000 0.974887 0.090181
v 0.076127 1.086870 0.109381
v 0.149876 1.079380 0.048511
v 0.181750 0.998690 -0.000824
v 0.228168 1.078210 -0.053651
v 0.204032 1.074950 0.001782
v 0.170491 1.176570 0.125311
v 0.090363 1.822080 0.093487
v 0.051609 1.786980 0.163727
v 0.051340 1.797480 0.117192
v 0.000000 1.795780 0.107425
v 0.116904 1.973620 0.005822
v 0.117847 1.965050 -0.038983
v 0.130493 1.935570 -0.036474
v 0.000000 1.832790 0.219017
v 0.051740 1.861070 0.219900
v 0.000000 1.864780 0.229507
v 0.000000 1.900440 0.199550
v 0.000000 1.803320 0.197925
v 0.054275 1.828270 0.206722
v 0.116665 1.904560 0.082879
v 0.116147 1.930840 0.065128
v 0.103169 1.948850 0.087410
v 0.114279 1.955760 0.052507
v 0.109882 1.983910 0.040509
v 0.094002 2.004200 0.037511
v 0.085165 0.437929 -0.133317
v 0.072889 0.437930 -0.189212
v 0.077784 0.462632 -0.183727
v 0.000000 2.089040 -0.098446
v -0.007134 2.086250 -0.101537
v -0.007134 2.094720 -0.108204
v -0.014930 2.079590 -0.113719
v -0.007134 2.073550 -0.126937
v 0.000000 2.096990 -0.106485
v 0.007134 2.094720 -0.108204
v 0.007134 2.086250 -0.101537
v 0.014930 2.079590 -0.113719
v 0.007134 2.093470 -0.119001
v 0.007134 2.086520 -0.126797
v 0.007134 2.073550 -0.126937
v 0.000000 2.086290 -0.129913
v 0.000000 2.072450 -0.130860
v 0.000000 2.096440 -0.120453
v -0.007134 2.093470 -0.119001
v -0.007134 2.086520 -0.126797
v 0.091265 2.025810 -0.016944
v 0.100813 2.024840 -0.014757
v 0.107972 1.986280 -0.018116
v 0.119134 1.956210 -0.011464
v 0.127497 1.956210 -0.011709
v 0.128627 1.958320 -0.024488
v 0.115553 1.958260 -0.024093
v 0.125496 1.960490 -0.038948
v 0.117135 1.960490 -0.038703
v 0.108035 1.984140 -0.046909
v 0.110868 2.007580 -0.078861
v 0.101320 2.008550 -0.081047
v 0.093631 2.023910 -0.039528
v 0.118899 1.984140 -0.046934
v 0.121603 1.986050 -0.032479
v 0.118949 1.986280 -0.018111
v 0.106830 2.022580 -0.036509
v -0.849573 1.544740 0.138594
v -0.909212 1.646910 0.112112
v -0.849817 1.643720 0.097125
v -0.632577 1.472640 -0.160435
v -0.632468 1.406710 -0.056617
v -1.372440 1.522930 -0.032246
v -1.358020 1.522530 -0.019359
v -1.348220 1.533510 -0.018224
v -0.849927 1.499410 -0.091752
v -0.822167 1.458710 -0.029028
v -0.793099 1.446920 -0.029360
v -0.719599 1.422600 -0.039280
v -0.632582 1.420250 0.039124
v -0.794411 1.535690 0.155376
v -0.793108 1.471830 0.100772
v -0.822035 1.479970 0.097110
v -0.849421 1.445010 0.046167
v -0.909341 1.436750 0.067577
v -0.849275 1.472810 0.100113
v -0.908903 1.605660 0.144926
v -0.974334 1.606070 0.147583
v -0.974399 1.663590 0.050488
v -0.974439 1.651470 0.001819
v -0.974480 1.624560 -0.040410
v -0.909919 1.627400 -0.061477
v -0.974460 1.575780 -0.074403
v -0.850132 1.570940 -0.110895
v -0.822552 1.566330 -0.115447
v -1.055060 1.477120 0.013968
v -0.974346 1.504800 -0.062302
v -1.055450 1.516960 -0.041348
v -1.140400 1.514330 0.026070
v -1.187040 1.530630 0.032692
v -1.188540 1.531820 0.057272
v -1.187050 1.539550 0.078866
v -1.140470 1.525720 0.093702
v -1.187150 1.560450 0.097610
v -1.140680 1.586190 0.112900
v -1.187210 1.579660 0.095171
v -1.140620 1.605740 0.094706
v -1.187230 1.597510 0.029738
v -1.187200 1.585580 0.012032
v -1.140670 1.595550 -0.001501
v -1.187090 1.565740 -0.000852
v -1.054730 1.470940 0.070516
v -1.141770 1.514290 0.062644
v -1.055210 1.492140 0.115894
v -1.140670 1.558800 0.118000
v -1.055150 1.600760 0.134459
v -1.055090 1.630460 0.107467
v -1.140570 1.615740 0.053941
v -1.140650 1.611040 0.023341
v -1.055010 1.613430 -0.020882
v -1.140800 1.568420 -0.022101
v -1.140460 1.533370 -0.011783
v 0.055877 0.903709 0.063464
v 0.118090 0.920646 0.038261
v 0.132250 0.989372 0.041193
v 0.186418 0.997748 0.002164
v 0.208104 1.007310 -0.055730
v 0.213897 1.006970 -0.055700
v 0.197430 1.024900 -0.193207
v 0.112247 0.960204 -0.319395
v 0.000000 1.034150 -0.273075
v 0.000000 0.956163 -0.318920
v -0.037876 0.862777 -0.319914
v -0.117982 0.886448 -0.325147
v -0.039640 0.955291 -0.328743
v -0.192403 0.910743 -0.270951
v -0.126870 0.821375 -0.279710
v -0.209729 0.858094 -0.251781
v -0.227106 0.915676 -0.162605
v -0.245574 0.877524 -0.171038
v 0.048411 0.761329 -0.003041
v 0.206233 0.857085 0.004666
v 0.248797 0.881233 -0.076380
v -0.197430 1.024900 -0.193207
v -0.207305 0.955854 -0.151182
v -0.219024 1.015600 -0.126077
v -0.171528 0.936028 -0.001184
v -0.041784 0.757996 0.006300
v -0.129436 0.815153 0.041250
v -0.027014 0.737764 -0.090153
v 0.120828 0.868832 0.039199
v 0.181483 0.895096 0.001260
v 0.171528 0.936028 -0.001184
v 0.126870 0.821375 -0.279710
v 0.049910 0.764393 -0.245429
v 0.043379 0.762254 -0.255034
v 0.000000 0.863094 -0.310746
v -0.112247 0.960204 -0.319395
v -0.132855 1.032330 -0.244077
v -0.186513 0.962100 -0.251905
v -0.222695 0.910313 -0.071474
v -0.248797 0.881233 -0.076380
v -0.181483 0.895096 0.001260
v -0.120828 0.868832 0.039199
v -0.051690 0.832117 0.051517
v 0.212895 1.015580 -0.121969
v 0.219024 1.015600 -0.126077
v 0.191918 1.024530 -0.183724
v 0.132855 1.032330 -0.244077
v 0.055992 1.033670 -0.268787
v 0.000000 1.034290 -0.262368
v -0.055992 1.033670 -0.268787
v -0.055668 1.033790 -0.257050
v -0.213897 1.006970 -0.055700
v -0.181750 0.998690 -0.000824
v -0.132250 0.989372 0.041193
v -0.129266 0.991064 0.036200
v -0.065163 0.978355 0.083949
v 0.056120 2.001660 0.050111
v 0.046395 2.000990 0.053247
v 0.028211 2.002990 0.053756
v 0.021662 2.007040 0.050795
v 0.017946 2.010080 0.048509
v 0.035237 2.007340 0.033862
v 0.028131 2.004520 0.053361
v 0.037686 2.006390 0.034833
v 0.044484 2.005660 0.034894
v 0.055738 2.003230 0.050176
v 0.048138 2.005900 0.033627
v 0.063809 2.005460 0.044923
v 0.051194 2.006750 0.031639
v 0.075794 2.003140 0.061376
v 0.064308 2.004200 0.045453
v 0.046087 2.002590 0.053521
v -0.037706 2.052100 -0.169376
v 0.000000 2.088740 -0.109450
v 0.000000 2.094730 -0.063801
v -0.032666 2.096110 -0.030405
v 0.000000 2.101190 -0.028076
v 0.072742 2.026290 -0.177252
v 0.000000 2.053960 -0.173255
v 0.000000 2.022360 -0.195773
v 1.334830 1.537740 0.066965
v 1.333560 1.538800 0.080849
v 1.357420 1.538030 0.083019
v 1.332290 1.540250 0.091270
v 0.077772 2.002240 -0.180916
v 0.042297 1.995720 -0.197382
v 0.039618 2.022640 -0.191660
v 0.000000 1.994420 -0.200268
v -0.068918 2.047460 -0.154758
v -0.036100 2.081160 -0.104148
v -0.116150 2.011570 -0.010737
v -0.089278 2.032660 0.006050
v -0.097125 2.014150 0.017002
v -0.048229 2.033860 0.047614
v -0.046347 2.047650 0.029046
v 0.089278 2.032660 0.006050
v 0.039640 0.955291 -0.328743
v 0.037876 0.862777 -0.319914
v 0.117982 0.886448 -0.325147
v 0.209729 0.858094 -0.251781
v 0.205646 0.852720 -0.242743
v 0.245574 0.877524 -0.171038
v 0.204129 0.852729 -0.002698
v -0.085470 1.944600 -0.175214
v -0.087619 1.947730 -0.177357
v -0.111320 1.969920 -0.127349
v -0.114284 1.973180 -0.129168
v -0.114519 2.002850 -0.082624
v -0.117744 2.007420 -0.082462
v -0.075485 2.057460 -0.014514
v -0.041607 2.063940 0.007337
v 0.000000 2.067390 0.012209
v 0.041607 2.063940 0.007337
v 0.032666 2.096110 -0.030405
v 0.060320 2.082270 -0.036059
v 0.035070 2.089900 -0.064193
v 0.075485 2.057460 -0.014514
v 0.107389 2.030400 -0.025119
v 0.094274 2.052950 -0.041509
v 1.411860 1.520280 0.017669
v 1.422950 1.527490 0.003184
v 1.410990 1.526210 -0.005597
v 1.399670 1.520190 0.001794
v 1.406110 1.519580 0.000795
v 1.412280 1.515980 0.008309
v 1.409150 1.523110 0.103804
v 1.400230 1.524100 0.103084
v 1.387800 1.528380 0.089761
v 1.402030 1.521370 0.091745
v 1.413270 1.524680 0.085006
v 1.414730 1.519960 0.094514
v 1.418110 1.530030 0.084808
v 1.413680 1.526410 0.107570
v 1.393480 1.536860 0.104300
v 1.388250 1.531260 0.101219
v 1.368860 1.537370 0.094902
v 1.353140 1.548130 0.096660
v 1.353610 1.541110 0.092342
v 1.368990 1.535120 0.085196
v 1.374080 1.538500 0.077467
v 1.361120 1.540810 0.069231
v 1.382300 1.544810 0.065265
v 1.427600 1.527120 0.064776
v 1.409980 1.519810 0.052534
v 1.417960 1.520870 0.042252
v 1.422880 1.517430 0.051722
v 1.418860 1.521220 0.062629
v -0.035070 2.089900 -0.064193
v -0.060927 2.077260 -0.064603
v -0.072742 2.026290 -0.177252
v -0.039618 2.022640 -0.191660
v 0.000000 1.970050 -0.202085
v 0.044526 1.970380 -0.197982
v 0.087619 1.947730 -0.177357
v 0.114519 2.002850 -0.082624
v 0.116150 2.007970 -0.010734
v 0.117744 2.007420 -0.082462
v 0.099744 2.041500 -0.090156
v 0.046347 2.047650 0.029046
v 0.000000 2.052530 0.033569
v 0.066672 2.068370 -0.096312
v 0.068918 2.047460 -0.154758
v 0.037706 2.052100 -0.169376
v 0.082677 1.978970 -0.180554
v 0.114284 1.973180 -0.129168
v 0.108896 2.001460 -0.133824
v 0.112502 2.019420 -0.087139
v 0.098274 2.026890 -0.138904
v 0.060927 2.077260 -0.064603
v 0.036100 2.081160 -0.104148
v -0.107389 2.030400 -0.025119
v -0.112502 2.019420 -0.087139
v -0.044526 1.970380 -0.197982
v -0.047149 1.938570 -0.196613
v -0.046400 1.936550 -0.192670
v 0.000000 1.934250 -0.196703
v 0.000000 1.936030 -0.200576
v 0.046400 1.936550 -0.192670
v 0.085470 1.944600 -0.175214
v 0.111320 1.969920 -0.127349
v 0.047149 1.938570 -0.196613
v -0.042297 1.995720 -0.197382
v -0.082677 1.978970 -0.180554
v -0.077772 2.002240 -0.180916
v -0.108896 2.001460 -0.133824
v -0.098274 2.026890 -0.138904
v -0.066672 2.068370 -0.096312
v -0.060320 2.082270 -0.036059
v -0.094274 2.052950 -0.041509
v -0.099744 2.041500 -0.090156
v 0.207305 0.955854 -0.151182
v 0.186513 0.962100 -0.251905
v 0.192403 0.910743 -0.270951
v 0.227106 0.915676 -0.162605
v 0.222695 0.910313 -0.071474
v 0.201013 0.947738 -0.067486
v 0.129436 0.815153 0.041250
v 0.051690 0.832117 0.051517
v 0.000000 0.898290 0.070743
v -0.055877 0.903709 0.063464
v -0.118090 0.920646 0.038261
v -0.186418 0.997748 0.002164
v -0.201013 0.947738 -0.067486
v 0.129266 0.991064 0.036200
v 0.063856 0.980709 0.079923
v 0.065163 0.978355 0.083949
v 0.000000 0.972631 0.094839
v -0.048411 0.761329 -0.003041
v -0.206233 0.857085 0.004666
v -0.241188 0.870016 -0.168329
v -0.205646 0.852720 -0.242743
v -0.127830 0.817134 -0.269409
v -0.026397 0.736736 -0.176632
v -0.018998 0.732177 -0.180391
v -0.019930 0.733506 -0.088294
v 0.000000 0.774283 -0.240296
v 0.027014 0.737764 -0.090153
v 0.041784 0.757996 0.006300
v 0.000000 0.824586 0.051740
v 0.000000 0.755208 -0.003655
v 0.000000 0.729523 -0.091699
v 0.000000 0.733763 -0.172067
v -0.043379 0.762254 -0.255034
v 0.018998 0.732177 -0.180391
v 0.026397 0.736736 -0.176632
v 0.019930 0.733506 -0.088294
v 1.411150 1.524060 0.041975
v 1.396060 1.534280 0.062916
v 1.412510 1.524350 0.062797
v 1.394620 1.535100 0.042287
v 1.377100 1.540800 0.043471
v 1.392470 1.532140 0.052961
v 1.377640 1.540200 0.062696
v 1.405140 1.525980 0.082207
v 1.400060 1.537800 0.081376
v 1.392910 1.531220 0.081015
v 1.380600 1.543990 0.076879
v 0.021992 2.003480 0.071348
v 0.021649 2.006120 0.051775
v -0.028706 2.039530 -0.035801
v -0.027359 2.038030 0.004350
v -0.031221 2.037830 -0.089708
v 0.000000 2.018660 -0.139354
v 0.000000 1.995070 -0.162627
v -0.057099 1.928750 -0.173787
v -0.037081 2.012400 0.032613
v -0.026532 2.020400 0.047497
v -0.040306 2.013280 0.032658
v -0.044184 2.013390 0.032307
v -0.048140 2.012640 0.031287
v -0.055743 2.021030 0.043994
v -0.051377 2.010960 0.030149
v -0.064291 2.016590 0.040988
v -0.055468 2.022320 0.042225
v -0.045293 2.023010 0.046687
v -0.035050 2.022710 0.047617
v -0.020540 2.016790 0.047364
v -0.034812 2.011040 0.032563
v -0.026499 2.021850 0.046547
v -0.020243 2.017960 0.047302
v -0.021065 2.034390 0.052295
v -0.017561 2.009910 0.049303
v -0.056120 2.001660 0.050111
v -0.046087 2.002590 0.053521
v -0.046395 2.000990 0.053247
v -0.021992 2.003480 0.071348
v -0.034913 1.998460 0.070521
v -0.025904 1.999390 0.083304
v -0.012739 1.997570 0.099924
v -0.012244 2.019310 0.072490
v -0.012074 2.030090 0.063472
v -0.098199 2.003050 0.042479
v -0.012219 2.037110 0.040825
v 0.000000 2.040350 -0.031741
v -0.082642 1.999160 0.085483
v -0.078141 1.998590 0.109014
v -0.098781 1.984470 0.076568
v -0.060535 2.015900 0.140641
v -0.076102 1.992160 0.108881
v -0.097577 1.977380 0.076580
v -0.111491 1.985880 0.027624
v -0.114381 1.992310 0.028176
v -0.050648 2.028120 0.067604
v 0.000000 2.038470 0.051920
v 0.048229 2.033860 0.047614
v 0.098199 2.003050 0.042479
v 0.097125 2.014150 0.017002
v 0.114381 1.992310 0.028176
v 0.116150 2.011570 -0.010737
v 0.111491 1.985880 0.027624
v 0.050648 2.028120 0.067604
v 0.042886 2.027250 0.102700
v 0.000000 2.034530 0.074236
v -0.032774 2.038690 0.138644
v -0.052432 2.039650 0.155421
v -0.044441 2.051440 0.165331
v -0.028099 2.051160 0.161953
v 0.051457 2.031800 0.147945
v 0.062652 2.011140 0.119014
v -1.404720 1.541260 0.039834
v -1.381860 1.545940 0.040707
v -1.396060 1.534280 0.062916
v 0.000000 2.058290 0.167602
v 0.028099 2.051160 0.161953
v 0.062881 2.021460 0.138297
v -0.058289 1.968000 -0.166468
v -0.101075 1.930610 -0.139658
v -0.095875 1.970880 -0.131670
v -0.050143 1.997630 -0.151943
v -0.040755 2.020570 -0.128794
v -0.093936 2.012140 0.007726
v -0.064308 2.004200 0.045453
v -0.069333 2.009820 0.038459
v -0.053286 2.008390 0.029191
v -0.051194 2.006750 0.031639
v -0.063809 2.005460 0.044923
v -0.048138 2.005900 0.033627
v -0.055738 2.003230 0.050176
v -0.044484 2.005660 0.034894
v -0.037686 2.006390 0.034833
v -0.035237 2.007340 0.033862
v -0.033830 2.008490 0.032996
v -0.017946 2.010080 0.048509
v -0.021662 2.007040 0.050795
v -0.021649 2.006120 0.051775
v -0.028211 2.002990 0.053756
v -0.028131 2.004520 0.053361
v -1.400080 1.542850 0.103458
v -1.422930 1.536260 0.098744
v -1.414290 1.540970 0.097180
v -1.407060 1.537500 0.106127
v -1.403680 1.530120 0.106643
v -1.393480 1.536860 0.104300
v 1.381040 1.549960 0.099063
v 1.387140 1.553210 0.091117
v 1.422020 1.537970 0.040535
v 1.421520 1.537800 0.063786
v 1.428280 1.533560 0.063522
v 1.434220 1.527080 0.052319
v 1.436970 1.536300 0.052110
v 1.428130 1.527030 0.038934
v -1.379150 1.516530 -0.011289
v -1.360480 1.520890 -0.010647
v -1.355200 1.530510 0.001280
v -1.348050 1.528960 -0.003936
v -1.341630 1.530310 0.000590
v -1.345240 1.530210 -0.012489
v -1.349880 1.534390 0.011977
v -1.355730 1.536690 0.025118
v -1.371810 1.536830 0.028486
v -1.366330 1.533920 0.020344
v -1.365430 1.535560 0.012095
v -1.410990 1.526210 -0.005597
v -1.406110 1.519580 0.000795
v 1.412510 1.537700 0.016272
v 1.419180 1.535010 0.013851
v 1.421420 1.536210 0.003459
v 1.410840 1.533120 -0.004522
v 1.402230 1.528810 -0.003700
v 1.404670 1.535200 -0.002976
v 1.413050 1.540010 0.005413
v 1.401170 1.545110 0.009755
v 1.402180 1.543800 0.019151
v 1.397110 1.537820 0.023734
v 1.382470 1.551570 0.024435
v 1.355760 1.562310 0.039806
v 1.356860 1.562450 0.023844
v 1.375140 1.549580 0.006728
v 1.350680 1.545420 0.010513
v 1.387280 1.534160 0.001460
v 1.382010 1.553820 0.014845
v -1.350680 1.545420 0.010513
v -1.413680 1.526410 0.107570
v -1.414950 1.533630 0.106835
v -1.418110 1.530030 0.084808
v -1.419320 1.536430 0.087227
v -1.409230 1.533490 0.081727
v -1.411780 1.540030 0.086023
v -1.367480 1.522930 -0.004719
v -1.372630 1.512620 -0.017484
v -1.369650 1.515410 -0.026232
v -1.375190 1.514080 -0.029742
v -1.378950 1.519820 -0.035315
v -1.381790 1.510450 -0.023488
v -1.392200 1.521110 -0.017306
v -1.385370 1.515220 -0.015812
v -1.386070 1.524510 -0.012778
v 1.386370 1.551020 0.080704
v 1.404900 1.543080 0.084446
v 1.404750 1.545140 0.094597
v -1.307480 1.528360 0.117468
v 0.078141 1.998590 0.109014
v 0.082642 1.999160 0.085483
v 0.032774 2.038690 0.138644
v 0.000000 2.037870 0.110361
v 0.000000 2.049020 0.146215
v -0.051457 2.031800 0.147945
v -0.062881 2.021460 0.138297
v -0.062652 2.011140 0.119014
v -0.042886 2.027250 0.102700
v 0.098781 1.984470 0.076568
v 0.076102 1.992160 0.108881
v 0.052432 2.039650 0.155421
v 0.044441 2.051440 0.165331
v 1.388480 1.554580 0.042086
v 1.410430 1.545560 0.041948
v 1.389820 1.554310 0.062574
v 1.364210 1.549860 0.069713
v -0.106750 1.993000 -0.041110
v -0.117847 1.965050 -0.038983
v -0.105621 1.992230 -0.021814
v -0.116904 1.973620 0.005822
v 1.402660 1.538500 0.065583
v 1.410550 1.544740 0.063197
v 1.418270 1.531620 0.066585
v 1.414700 1.548080 0.052262
v 1.428280 1.541240 0.051980
v 1.429250 1.533690 0.040640
v 1.418860 1.532670 0.037777
v 1.404720 1.541260 0.039834
v 1.381860 1.545940 0.040707
v 1.392140 1.558740 0.052401
v 1.363850 1.569510 0.054736
v -1.355360 1.558290 0.093394
v -1.381040 1.549960 0.099063
v -1.360590 1.564970 0.085398
v -1.386370 1.551020 0.080704
v -1.400060 1.537800 0.081376
v -1.404900 1.543080 0.084446
v -1.404750 1.545140 0.094597
v -1.387140 1.553210 0.091117
v -0.050320 2.036700 0.160126
v -0.023693 2.075530 0.179767
v -0.022719 2.069780 0.186281
v 0.000000 2.084690 0.182637
v 0.023693 2.075530 0.179767
v 0.022719 2.069780 0.186281
v 0.042769 2.048440 0.170004
v 0.050320 2.036700 0.160126
v 0.106750 1.993000 -0.041110
v 0.111403 1.994390 -0.053023
v 0.123636 1.993960 -0.067268
v 0.109573 1.998960 -0.066637
v 0.118672 1.999930 -0.075440
v 0.109651 1.992870 -0.093838
v 0.074928 2.023650 -0.101380
v 0.040755 2.020570 -0.128794
v 0.031221 2.037830 -0.089708
v 0.028706 2.039530 -0.035801
v 0.027359 2.038030 0.004350
v 0.000000 2.037160 -0.097596
v 0.058289 1.968000 -0.166468
v 0.000000 1.964390 -0.179976
v 0.057099 1.928750 -0.173787
v 0.056722 1.893030 -0.175843
v 0.000360 1.894860 -0.191863
v 0.000000 1.927790 -0.186745
v -0.056722 1.893030 -0.175843
v -0.144527 1.884900 -0.096100
v 1.414950 1.533630 0.106835
v 1.421920 1.527730 0.097615
v 1.419320 1.536430 0.087227
v 1.409230 1.533490 0.081727
v 1.411780 1.540030 0.086023
v 1.422930 1.536260 0.098744
v 1.414290 1.540970 0.097180
v 1.407060 1.537500 0.106127
v 1.403680 1.530120 0.106643
v 1.400080 1.542850 0.103458
v 1.373040 1.542790 0.099488
v -0.024365 2.036940 0.038231
v -0.055752 2.034720 -0.002885
v -0.096465 2.011710 -0.022691
v -0.097130 2.014010 -0.054680
v -0.120380 1.963630 -0.052256
v -0.109651 1.992870 -0.093838
v -0.128847 1.944820 -0.075552
v -0.128374 1.937960 -0.069970
v -0.132860 1.914990 -0.062729
v -0.138673 1.875250 -0.042367
v -0.109806 1.821910 0.018534
v -0.089947 1.827680 0.036662
v -0.111403 1.994390 -0.053023
v -0.109573 1.998960 -0.066637
v -0.113402 1.973460 -0.102044
v -0.122574 1.947300 -0.100753
v -0.128110 1.925630 -0.102556
v 0.130660 1.908290 -0.041659
v 0.128374 1.937960 -0.069970
v 0.122574 1.947300 -0.100753
v 0.095875 1.970880 -0.131670
v 0.087864 2.005340 -0.118019
v 0.117587 1.994590 -0.091425
v 0.113402 1.973460 -0.102044
v 0.122622 1.953630 -0.093301
v 0.123204 1.943140 -0.055530
v 0.117552 1.968610 -0.019298
v 0.105621 1.992230 -0.021814
v 0.096465 2.011710 -0.022691
v 0.103342 1.994350 0.003648
v -0.081335 2.025610 -0.013710
v -0.055248 2.035270 -0.039831
v -0.056208 2.036760 -0.071070
v -0.084456 2.027090 -0.046499
v -0.074928 2.023650 -0.101380
v -0.087864 2.005340 -0.118019
v 0.120380 1.963630 -0.052256
v 0.127740 1.970600 -0.058796
v 0.079391 2.024730 0.015870
v 0.093936 2.012140 0.007726
v 0.084456 2.027090 -0.046499
v 0.097130 2.014010 -0.054680
v 0.056208 2.036760 -0.071070
v 0.055248 2.035270 -0.039831
v 0.081335 2.025610 -0.013710
v 0.055752 2.034720 -0.002885
v 0.053024 2.033260 0.028686
v 0.024365 2.036940 0.038231
v 0.012219 2.037110 0.040825
v 0.000000 2.038790 0.008980
v 0.000000 2.037080 0.042634
v 0.109806 1.821910 0.018534
v 0.138673 1.875250 -0.042367
v 0.132860 1.914990 -0.062729
v 0.144527 1.884900 -0.096100
v 0.128110 1.925630 -0.102556
v 0.101075 1.930610 -0.139658
v 0.050143 1.997630 -0.151943
v -1.394620 1.535100 0.042287
v -1.411150 1.524060 0.041975
v -1.392470 1.532140 0.052961
v -1.412510 1.524350 0.062797
v -1.418860 1.521220 0.062629
v -1.418270 1.531620 0.066585
v -1.427600 1.527120 0.064776
v -1.434220 1.527080 0.052319
v -1.422880 1.517430 0.051722
v -1.428130 1.527030 0.038934
v -1.417960 1.520870 0.042252
v -1.418860 1.532670 0.037777
v -1.409980 1.519810 0.052534
vn -0.7079 -0.7057 -0.0298
vn -0.9575 -0.2310 0.1728
vn -0.5959 -0.7991 -0.0793
vn -0.8137 -0.5145 -0.2705
vn -0.9740 0.1592 0.1610
vn -0.9583 -0.1072 -0.2650
vn -0.9455 0.3141 0.0853
vn -0.9548 0.2674 -0.1296
vn -0.9912 0.0782 -0.1067
vn -0.9777 0.1775 0.1123
vn -0.9443 0.3245 0.0553
vn -0.9290 0.3666 -0.0508
vn -0.9284 0.3686 0.0463
vn -0.9605 0.2389 0.1429
vn -0.9562 0.2082 0.2060
vn -0.9642 -0.0364 0.2627
vn -0.8608 -0.4933 0.1248
vn -0.4180 -0.8930 0.1666
vn -0.5074 -0.6563 0.5584
vn -0.9098 -0.2396 0.3390
vn -0.5334 -0.4070 0.7415
vn -0.0000 -0.6911 0.7227
vn -0.0000 -0.9734 0.2290
vn 0.5074 -0.6563 0.5584
vn 0.4180 -0.8930 0.1666
vn 0.8608 -0.4933 0.1248
vn -0.0000 0.1550 0.9879
vn 0.4495 0.1680 0.8773
vn -0.0000 0.0312 0.9995
vn 0.5009 0.1620 0.8502
vn 0.6223 0.3071 0.7200
vn 0.6583 0.2109 0.7226
vn 0.8357 0.3055 0.4564
vn 0.7992 0.3550 0.4851
vn 0.9112 0.3890 -0.1356
vn 0.9273 0.3450 -0.1452
vn 0.6677 0.2654 -0.6955
vn 0.6684 0.2628 -0.6959
vn 0.4088 0.1981 -0.8908
vn 0.4211 0.1808 -0.8888
vn -0.0000 0.1861 -0.9825
vn -0.0002 0.1953 -0.9807
vn -0.4211 0.1808 -0.8888
vn -0.4088 0.1981 -0.8908
vn -0.0000 0.2126 -0.9771
vn 0.4040 0.1915 -0.8945
vn 0.6128 0.3026 -0.7300
vn 0.8825 0.4537 -0.1240
vn 0.8623 0.2145 0.4587
vn 0.8656 0.1557 0.4759
vn 0.8736 0.4731 -0.1136
vn 0.6005 0.3432 -0.7222
vn 0.4099 0.1512 -0.8995
vn -0.0000 0.1893 -0.9819
vn -0.4040 0.1915 -0.8945
vn -0.6677 0.2654 -0.6955
vn -0.6128 0.3026 -0.7300
vn -0.9112 0.3890 -0.1356
vn -0.8825 0.4537 -0.1240
vn -0.8623 0.2145 0.4587
vn -0.8656 0.1557 0.4759
vn -0.8736 0.4731 -0.1136
vn -0.6005 0.3432 -0.7222
vn -0.4099 0.1512 -0.8995
vn 0.8184 -0.4177 0.3946
vn 0.9691 -0.2212 0.1093
vn 0.8137 -0.5145 -0.2705
vn 0.9583 -0.1072 -0.2650
vn 0.9740 0.1592 0.1610
vn 0.8929 0.4142 -0.1764
vn 0.8401 0.5348 -0.0908
vn 0.5310 0.4988 -0.6850
vn 0.5433 0.6197 -0.5664
vn -0.0891 0.6321 -0.7697
vn -0.0529 0.5129 -0.8568
vn 0.6357 0.4823 -0.6027
vn 0.9262 0.3639 -0.0987
vn 0.8527 0.2820 0.4397
vn 0.6049 0.7447 0.2819
vn 0.3480 0.7163 0.6048
vn 0.4970 0.1170 0.8598
vn 0.0003 0.5635 0.8261
vn 0.5264 -0.4362 -0.7298
vn 0.5601 -0.5383 -0.6297
vn 0.8679 -0.4217 -0.2624
vn 0.9738 -0.1943 -0.1186
vn 0.6807 -0.2630 -0.6837
vn 0.7874 0.6123 -0.0713
vn 0.8389 -0.1497 0.5233
vn 0.6845 0.5777 0.4446
vn 0.4582 -0.1246 0.8801
vn 0.4010 0.5459 0.7357
vn 0.0601 -0.1564 0.9859
vn 0.0558 0.5014 0.8634
vn 0.9959 -0.0654 0.0621
vn 0.5443 -0.1560 0.8243
vn 0.6192 0.0315 0.7846
vn 0.0028 0.0768 0.9970
vn 0.0168 -0.1412 0.9898
vn 0.0151 -0.2165 0.9762
vn 0.4617 -0.2259 0.8578
vn 0.8822 -0.3308 0.3351
vn -0.4786 -0.2014 0.8546
vn -0.8611 -0.4403 0.2543
vn -0.5042 -0.3260 0.7997
vn -0.8900 -0.4395 0.1210
vn -0.5742 -0.2650 0.7746
vn -0.9966 -0.0662 0.0482
vn -0.6768 0.0053 0.7361
vn 0.0133 -0.0859 -0.9962
vn 0.0221 0.2750 -0.9612
vn -0.6733 -0.0923 -0.7336
vn -0.6339 0.2524 -0.7310
vn -0.9703 0.2108 -0.1186
vn -0.7783 0.3781 0.5013
vn 0.0883 0.3850 0.9187
vn 0.8395 0.1634 0.5182
vn 0.9966 0.0135 -0.0811
vn 0.9904 -0.0622 0.1239
vn 0.9907 -0.0789 -0.1105
vn 0.6781 0.1372 -0.7221
vn 0.6943 0.0672 -0.7166
vn 0.5690 -0.6570 -0.4945
vn 0.6656 -0.7463 0.0025
vn 0.6792 -0.7308 0.0680
vn 0.9971 -0.0321 -0.0683
vn 0.5927 -0.7980 -0.1090
vn 0.9510 0.1146 -0.2872
vn 0.6223 -0.7488 -0.2281
vn 0.7521 -0.6590 -0.0064
vn 0.9844 0.1759 0.0079
vn 0.6590 0.7451 0.1022
vn 0.6843 0.7281 0.0405
vn 0.8439 0.4668 0.2646
vn -0.0681 0.9547 0.2898
vn -0.0082 0.8501 0.5266
vn -0.7286 0.6585 0.1884
vn -0.6825 0.7305 0.0215
vn -0.0549 0.9647 0.2576
vn -0.7322 0.6586 0.1737
vn -0.9714 0.1591 -0.1763
vn -0.9515 0.2871 -0.1105
vn -0.7038 -0.6953 -0.1458
vn -0.7643 -0.6440 -0.0335
vn 0.0241 -0.9987 -0.0449
vn 0.0105 -0.9999 -0.0063
vn 0.0015 -0.9995 0.0326
vn -0.0100 -0.6759 -0.7369
vn -0.6052 -0.6226 -0.4961
vn -0.4234 0.5163 0.7444
vn -0.3480 0.7163 0.6048
vn -0.6049 0.7447 0.2819
vn -0.7467 0.5485 0.3763
vn -0.6506 0.7559 -0.0734
vn -0.8208 0.5649 -0.0851
vn -0.3885 0.8328 -0.3944
vn -0.6132 0.5061 -0.6065
vn 0.0298 0.4911 -0.8706
vn 0.0117 -0.3468 -0.9379
vn -0.9691 0.2407 0.0544
vn -0.9773 0.1270 -0.1694
vn -0.7242 0.1759 -0.6668
vn -0.0151 0.1081 -0.9940
vn 0.6342 -0.1045 -0.7661
vn -0.0132 -0.4592 -0.8883
vn -0.5905 -0.5203 -0.6169
vn -0.8435 -0.5003 -0.1955
vn -0.8768 -0.2318 0.4212
vn 0.6480 0.6753 0.3523
vn -0.0619 0.9786 0.1965
vn -0.6696 0.6267 0.3986
vn -0.4939 0.6694 0.5550
vn -0.6148 0.0278 0.7882
vn -0.8732 0.0373 0.4859
vn -0.9837 0.1124 0.1404
vn -0.0787 -0.9954 0.0548
vn -0.2562 -0.9661 -0.0316
vn -0.0392 -0.9992 0.0049
vn 0.0759 -0.7871 0.6121
vn -0.9941 -0.0278 0.1045
vn -0.0634 -0.1615 0.9848
vn -0.3660 -0.9296 -0.0432
vn 0.2423 -0.9581 -0.1528
vn 0.0554 -0.8270 0.5595
vn 0.3288 -0.7365 0.5912
vn 0.3785 -0.9177 -0.1207
vn 0.0940 -0.5516 -0.8288
vn 0.0122 -0.5745 -0.8184
vn -0.3340 -0.6653 -0.6677
vn -0.6824 -0.1935 -0.7049
vn -0.9032 -0.4082 0.1330
vn -0.2964 -0.4212 0.8572
vn 0.2058 -0.1488 0.9672
vn 0.2077 0.0199 0.9780
vn 0.4183 -0.6034 0.6789
vn 0.2484 -0.0967 0.9638
vn 0.3421 -0.7579 0.5555
vn 0.0684 -0.0977 0.9929
vn 0.1508 -0.7969 0.5850
vn 0.0886 -0.9959 0.0188
vn 0.2531 -0.9556 -0.1507
vn -0.0507 -0.6759 -0.7352
vn -0.0555 -0.9918 0.1153
vn -0.0736 -0.8334 0.5478
vn -0.0314 -0.0870 0.9957
vn -0.1823 -0.0918 0.9790
vn -0.3307 -0.8733 0.3579
vn -0.6754 -0.0737 0.7337
vn -0.5853 -0.8089 0.0562
vn -0.0536 -0.9968 -0.0588
vn -0.2148 -0.9766 -0.0097
vn 0.0799 -0.9771 -0.1972
vn 0.5382 -0.8249 0.1730
vn 0.2814 -0.9454 0.1644
vn 0.4610 -0.5929 0.6603
vn 0.7847 -0.3245 0.5281
vn 0.2718 0.1959 0.9422
vn -0.2830 -0.0501 -0.9578
vn -0.2288 0.1319 -0.9645
vn -0.2050 0.1227 -0.9711
vn -0.0712 -0.9904 -0.1184
vn 0.6940 -0.6808 -0.2343
vn -0.1545 -0.5871 -0.7946
vn 0.1951 -0.8359 -0.5130
vn 0.1374 -0.2174 -0.9664
vn 0.3239 -0.6940 -0.6430
vn 0.1583 -0.9833 -0.0897
vn 0.1374 -0.7735 -0.6187
vn -0.0425 -0.9991 -0.0066
vn -0.1307 -0.9904 0.0446
vn 0.1117 -0.9815 -0.1554
vn -0.0989 -0.9938 0.0501
vn -0.1280 -0.9837 0.1265
vn -0.1236 -0.9809 0.1502
vn -0.0747 -0.9953 0.0619
vn 0.0628 -0.9851 -0.1602
vn 0.1861 -0.7806 -0.5967
vn 0.2709 -0.1548 -0.9501
vn 0.2120 -0.0727 -0.9746
vn 0.3196 -0.0309 -0.9470
vn 0.9760 -0.1135 -0.1859
vn 0.9358 -0.3205 -0.1472
vn 0.9181 -0.2413 0.3146
vn 0.8954 -0.3931 0.2090
vn 0.9335 -0.3166 -0.1682
vn 0.9049 -0.3918 0.1664
vn 0.9411 -0.2865 0.1796
vn 0.6737 -0.4107 0.6143
vn 0.7284 -0.2688 0.6303
vn 0.1033 -0.5188 0.8486
vn 0.0737 -0.2656 0.9613
vn -0.6232 -0.5312 0.5740
vn -0.7215 -0.1598 0.6738
vn -0.9808 -0.1527 0.1209
vn -0.9688 0.1839 0.1661
vn -0.9208 0.1386 -0.3645
vn -0.8510 0.4090 -0.3294
vn -0.5762 0.0984 -0.8114
vn -0.5616 0.2419 -0.7913
vn 0.0169 0.0786 -0.9968
vn -0.0004 -0.0380 -0.9993
vn -0.5984 -0.1070 -0.7940
vn 0.0077 -0.2137 -0.9769
vn 0.0077 -0.3352 -0.9421
vn 0.6022 -0.2594 -0.7550
vn 0.6283 -0.2768 -0.7271
vn 0.5556 -0.2333 -0.7980
vn 0.0520 -0.1293 -0.9902
vn 0.5702 0.2220 -0.7910
vn 0.0762 0.5168 -0.8527
vn 0.6425 0.4277 -0.6359
vn 0.0891 0.6321 -0.7697
vn 0.6641 0.3739 -0.6474
vn 0.0529 0.5129 -0.8568
vn 0.3892 0.8378 -0.3829
vn 0.0162 0.8323 -0.5540
vn 0.4506 -0.6428 0.6195
vn 0.5900 0.0458 0.8061
vn -0.0539 -0.6982 0.7139
vn -0.0709 -0.0388 0.9967
vn 0.4633 0.6661 0.5845
vn -0.0568 0.7044 0.7075
vn -0.4353 -0.6723 0.5987
vn -0.5767 -0.7336 0.3594
vn -0.7309 -0.6767 0.0888
vn 0.9270 -0.3597 0.1067
vn -0.0003 0.5635 0.8261
vn 0.4243 0.6048 0.6740
vn 0.5298 0.7849 0.3213
vn 0.6127 0.7877 -0.0647
vn 0.5830 0.5658 -0.5831
vn 0.6154 -0.7251 0.3092
vn 0.9137 0.0591 0.4020
vn 0.0171 -0.5798 -0.8146
vn -0.5597 -0.5858 -0.5861
vn -0.6748 -0.3204 -0.6649
vn -0.9570 -0.2635 -0.1210
vn -0.7141 -0.6954 -0.0810
vn 0.4312 -0.8563 -0.2842
vn 0.4745 -0.8480 0.2362
vn 0.9824 -0.0261 0.1847
vn 0.7419 -0.1310 0.6575
vn -0.0266 -0.8402 0.5416
vn 0.1028 0.1244 0.9869
vn -0.3759 -0.5387 0.7540
vn -0.5586 0.3674 0.7436
vn -0.7527 -0.2136 0.6227
vn -0.9802 -0.0641 0.1875
vn -0.8917 0.4121 0.1870
vn -0.9703 -0.0496 -0.2367
vn -0.7303 -0.3994 -0.5542
vn -0.3305 -0.4774 -0.8142
vn -0.0548 -0.7524 -0.6564
vn 0.6634 -0.0919 -0.7426
vn 0.6206 -0.1589 -0.7679
vn 0.9617 -0.1898 0.1976
vn 0.7140 -0.1794 0.6768
vn 0.0595 -0.0468 0.9971
vn -0.6844 0.1434 0.7149
vn 0.9315 -0.2636 -0.2506
vn 0.9460 -0.1865 -0.2650
vn 0.9690 -0.0352 -0.2444
vn 0.9765 0.1953 -0.0911
vn 0.6472 -0.4612 0.6069
vn 0.6023 -0.5804 0.5480
vn 0.1309 -0.5066 0.8522
vn -0.8786 -0.4583 0.1345
vn -0.8937 -0.3782 -0.2413
vn -0.9231 -0.1358 -0.3598
vn -0.5980 -0.3067 -0.7405
vn -0.6357 0.4823 -0.6027
vn -0.9262 0.3639 -0.0987
vn -0.5433 0.6197 -0.5664
vn -0.8401 0.5348 -0.0908
vn -0.8527 0.2820 0.4397
vn -0.8012 0.3932 0.4510
vn -0.4970 0.1170 0.8598
vn -0.6053 0.0505 0.7944
vn -0.0058 -0.4232 0.9060
vn -0.0164 -0.3677 0.9298
vn 0.6627 -0.2786 0.6952
vn 0.0680 -0.2747 0.9591
vn -0.7063 -0.2763 0.6518
vn -0.5490 -0.6248 0.5551
vn -0.9190 -0.3479 0.1855
vn -0.9067 0.1863 0.3785
vn -0.9509 -0.1534 -0.2688
vn -0.8929 0.4142 -0.1764
vn -0.5310 0.4988 -0.6850
vn -0.4683 -0.0450 -0.8824
vn 0.9150 -0.0155 0.4031
vn 0.8662 0.1235 0.4842
vn 0.9681 0.2337 -0.0906
vn 0.9967 0.0623 0.0529
vn 0.9979 0.0641 0.0074
vn 0.6543 0.7555 0.0323
vn 0.6448 0.7643 0.0034
vn -0.6301 0.7765 0.0029
vn -0.6216 0.7830 -0.0227
vn -0.9781 0.2057 -0.0301
vn -0.9775 0.2109 0.0079
vn 0.7279 0.6327 0.2645
vn 0.7541 0.5868 0.2950
vn -0.0000 0.9112 0.4119
vn -0.0000 0.8936 0.4488
vn -0.7541 0.5868 0.2950
vn -0.7279 0.6327 0.2645
vn -0.0000 0.9582 0.2861
vn 0.6015 0.7691 0.2161
vn 0.6056 0.7804 0.1556
vn 0.7679 0.6229 0.1493
vn 0.9076 0.3783 0.1819
vn 0.5011 0.7570 0.4194
vn 0.9158 -0.3756 0.1425
vn -0.7207 0.6048 0.3388
vn 0.0131 0.9071 0.4207
vn -0.5353 0.7526 0.3835
vn 0.0136 0.9223 0.3862
vn 0.7144 0.6164 0.3312
vn 0.5240 0.7512 0.4015
vn 0.2208 0.9117 0.3465
vn 0.6659 0.5846 0.4635
vn 0.0891 0.9561 0.2792
vn 0.4409 0.6143 0.6544
vn 0.9761 -0.0409 0.2135
vn 0.9977 -0.0417 0.0527
vn 0.9991 -0.0426 0.0079
vn -0.3385 -0.6075 -0.7186
vn -0.2783 -0.9449 -0.1723
vn -0.2753 -0.9436 0.1840
vn -0.0695 -0.9905 0.1189
vn -0.0585 -0.9079 0.4151
vn -0.3021 -0.7878 0.5368
vn -0.1908 -0.4517 0.8715
vn -0.3829 -0.2482 0.8898
vn 0.0042 -1.0000 -0.0041
vn -0.0002 -1.0000 -0.0040
vn -0.6702 -0.7321 -0.1221
vn -0.0013 -0.9955 0.0952
vn -0.4003 0.3845 0.8318
vn -0.3319 0.2744 0.9025
vn 0.1632 -0.9845 0.0642
vn 0.1893 -0.9750 -0.1164
vn -0.3287 0.0027 0.9444
vn -0.2427 0.7232 0.6466
vn -0.6250 0.0217 0.7803
vn -0.4391 0.7185 0.5394
vn -0.8628 0.0488 0.5031
vn 0.4715 0.8585 0.2017
vn -0.0000 0.9706 0.2405
vn -0.4715 0.8585 0.2017
vn -0.3229 0.6760 0.6623
vn -0.6350 0.6322 0.4441
vn -0.7679 0.6229 0.1493
vn -0.6015 0.7691 0.2161
vn -0.6056 0.7804 0.1556
vn 0.8094 0.0160 0.5871
vn 0.7600 0.6487 0.0386
vn 0.7458 -0.4457 -0.4950
vn 0.8690 0.2238 -0.4414
vn 0.1895 0.7802 -0.5962
vn 0.5361 0.8285 0.1618
vn 0.4597 0.8589 0.2255
vn 0.5651 0.7975 0.2112
vn 0.8273 0.4713 0.3056
vn -0.8273 0.4713 0.3056
vn -0.5361 0.8285 0.1618
vn -0.5651 0.7975 0.2112
vn 0.9401 0.2075 0.2703
vn 0.9224 -0.3856 0.0211
vn 0.8928 0.0331 0.4492
vn 0.6455 -0.7304 0.2232
vn 0.4185 -0.9065 0.0569
vn 0.3155 -0.9489 -0.0038
vn -0.0479 -0.9903 -0.1306
vn 0.3532 -0.8362 0.4194
vn 0.5384 -0.8347 -0.1156
vn 0.1799 -0.9765 0.1186
vn 0.7218 -0.6248 0.2977
vn -0.0000 -0.9974 -0.0721
vn -0.0000 -0.9999 0.0142
vn 0.4239 -0.9056 0.0142
vn 0.7050 -0.6320 0.3216
vn 0.8356 0.0962 0.5409
vn 0.6350 0.6322 0.4441
vn 0.2942 0.6533 0.6976
vn 0.0298 0.6690 0.7427
vn -0.2401 -0.1115 0.9643
vn -0.8356 0.0962 0.5409
vn -0.9076 0.3783 0.1819
vn -0.5011 0.7570 0.4194
vn -0.4597 0.8589 0.2255
vn -0.1895 0.7802 -0.5962
vn -0.7600 0.6487 0.0386
vn -0.8690 0.2238 -0.4414
vn -0.7458 -0.4457 -0.4950
vn -0.8094 0.0160 0.5871
vn -0.4210 0.4491 0.7881
vn -0.2680 0.8002 0.5365
vn -0.2074 0.6753 0.7077
vn -0.0347 0.9219 0.3858
vn -0.1913 0.9568 0.2187
vn -0.1019 0.6760 0.7298
vn -0.1836 0.7520 0.6331
vn -0.1589 0.9070 0.3900
vn -0.1517 0.8222 0.5486
vn -0.5654 0.7780 0.2738
vn -0.5361 0.6133 0.5800
vn -0.8665 0.4415 0.2329
vn -0.8588 0.5099 0.0488
vn 0.2512 0.2361 0.9387
vn -0.5971 0.2347 0.7671
vn -0.4404 0.6186 0.6506
vn -0.7394 -0.2048 0.6413
vn -0.9224 -0.3856 0.0211
vn -0.0000 -0.0252 0.9997
vn -0.0000 0.6912 0.7227
vn -0.0008 0.0338 -0.9994
vn -0.0192 -0.6589 0.7520
vn -0.8206 -0.5626 -0.1006
vn 0.0009 -0.9880 -0.1546
vn -0.6033 -0.5422 -0.5849
vn -0.9512 0.3072 -0.0310
vn -0.6424 0.2969 0.7065
vn -0.6137 -0.5189 0.5950
vn 0.0170 0.0263 0.9995
vn -0.3039 0.6232 0.7206
vn 0.0328 0.8532 0.5205
vn -0.6223 0.7799 -0.0675
vn -0.1434 0.9694 -0.1994
vn -0.6080 0.1073 -0.7866
vn -0.7431 -0.1381 -0.6548
vn -0.0000 0.9713 0.2380
vn 0.0421 0.9650 0.2588
vn 0.0521 0.9756 0.2134
vn 0.7480 0.6011 0.2814
vn 0.6530 0.4885 0.5788
vn 0.3025 0.4042 0.8632
vn -0.0000 0.9548 0.2973
vn -0.0421 0.9650 0.2588
vn -0.0521 0.9756 0.2134
vn -0.7482 0.6023 0.2784
vn -0.7374 0.6650 0.1186
vn -0.0000 0.9725 0.2327
vn 0.7367 0.6657 0.1190
vn 0.7683 -0.6198 -0.1598
vn 0.7571 -0.6525 0.0322
vn 0.0834 -0.9873 -0.1351
vn -0.0000 -0.9829 -0.1842
vn -0.0000 -0.9947 -0.1033
vn -0.0844 -0.9874 -0.1341
vn -0.0000 -0.9998 -0.0181
vn -0.0702 -0.9971 -0.0308
vn -0.0000 -0.8441 0.5362
vn -0.3007 -0.7443 0.5964
vn -0.6362 -0.6972 0.3304
vn -0.7569 -0.6528 0.0302
vn -0.7690 -0.6189 -0.1600
vn 0.0690 -0.9972 -0.0297
vn -0.7157 0.6844 -0.1394
vn -0.7582 -0.6515 0.0278
vn -0.7915 -0.6009 -0.1117
vn -0.0000 -0.9990 0.0453
vn -0.0000 -0.9794 0.2017
vn 0.7655 -0.6423 0.0381
vn 0.7930 -0.5968 -0.1222
vn 0.7128 0.6959 -0.0872
vn 0.7201 0.6819 -0.1286
vn -0.0000 0.9991 0.0421
vn -0.0000 0.9985 -0.0540
vn -0.7105 0.6992 -0.0800
vn -0.7670 -0.6002 -0.2270
vn -0.7204 0.6933 0.0196
vn -0.0000 0.9801 0.1986
vn 0.7198 0.6939 0.0188
vn 0.7664 -0.6004 -0.2281
vn -0.0000 -0.9877 -0.1564
vn -1.0000 0.0039 -0.0014
vn -0.4887 0.3891 0.7809
vn -1.0000 -0.0019 -0.0017
vn -0.5079 0.7350 0.4493
vn -1.0000 -0.0040 -0.0000
vn -0.5446 0.8379 0.0356
vn -1.0000 -0.0045 -0.0011
vn -0.5344 0.7908 -0.2986
vn 0.3546 0.8689 -0.3453
vn 0.3511 0.9359 0.0286
vn 0.3933 0.7866 0.4759
vn 0.4365 0.3723 0.8191
vn -0.4689 -0.1743 0.8659
vn -0.5042 -0.7056 0.4980
vn -0.9997 -0.0157 -0.0179
vn -0.4975 -0.8534 0.1554
vn -0.9999 -0.0141 0.0094
vn -0.5248 -0.8309 -0.1848
vn -0.9998 0.0023 0.0190
vn -1.0000 0.0092 0.0027
vn -0.4704 -0.5491 -0.6908
vn 0.3625 -0.6041 -0.7097
vn 0.2968 -0.9398 -0.1695
vn 0.2944 -0.9384 0.1809
vn 0.3215 -0.8219 0.4703
vn 0.6902 -0.6562 0.3050
vn 0.7201 -0.3456 0.6017
vn 0.9871 -0.0451 0.1535
vn 0.7453 0.1830 0.6412
vn 0.9815 0.0346 0.1884
vn 0.7567 0.5166 0.4007
vn 0.9845 0.1305 0.1171
vn 0.7434 0.6666 0.0555
vn 0.9735 0.2287 0.0023
vn 0.7357 0.6371 -0.2299
vn 0.9699 0.2293 -0.0815
vn 0.7429 0.4929 -0.4530
vn 0.9733 0.1758 -0.1473
vn 0.9839 0.0489 -0.1721
vn 0.7300 0.1388 -0.6693
vn 0.3689 0.6599 -0.6546
vn 0.4081 0.1590 -0.8990
vn -0.5219 0.6214 -0.5843
vn -0.4363 0.1583 -0.8858
vn -1.0000 0.0026 0.0004
vn -0.6514 0.4889 0.5802
vn -0.3025 0.4042 0.8632
vn -0.0000 0.2843 0.9587
vn 0.3007 -0.7443 0.5964
vn 0.6389 -0.6943 0.3313
vn -0.2916 -0.5163 0.8053
vn -0.2588 -0.3417 0.9035
vn -0.6244 -0.5195 0.5833
vn -0.6123 -0.1162 0.7820
vn -0.6807 -0.5051 0.5306
vn -0.2449 0.8996 -0.3616
vn -0.0000 0.9258 -0.3780
vn 0.2080 0.9650 0.1597
vn -0.0000 0.9836 0.1805
vn 0.4305 0.7276 0.5342
vn -0.0000 0.7186 0.6954
vn -0.4305 0.7276 0.5342
vn -0.2080 0.9650 0.1597
vn 0.2449 0.8996 -0.3616
vn -0.3345 -0.1011 -0.9370
vn 0.0568 0.5964 -0.8006
vn -0.2977 -0.1473 -0.9432
vn -0.0420 0.5147 -0.8563
vn 0.3816 0.9008 -0.2072
vn -0.5786 -0.4903 0.6518
vn -0.4779 -0.6232 0.6190
vn 0.1463 -0.9642 -0.2211
vn 0.1158 -0.9873 -0.1088
vn -0.0000 0.7190 0.6950
vn -0.0428 -0.4280 0.9028
vn 0.4404 0.6186 0.6506
vn 0.5786 -0.4903 0.6518
vn 0.4779 -0.6232 0.6190
vn 0.5971 0.2347 0.7671
vn -0.2512 0.2361 0.9387
vn -0.1158 -0.9873 -0.1088
vn -0.1463 -0.9642 -0.2211
vn -0.5857 -0.5790 0.5672
vn -0.6923 -0.4852 0.5342
vn -0.6959 -0.4244 0.5793
vn -0.6942 -0.5475 0.4673
vn -0.7804 -0.3900 0.4888
vn -0.7685 -0.6359 -0.0707
vn -0.8854 -0.4561 -0.0898
vn -0.7520 -0.6431 -0.1446
vn -0.4952 -0.7229 0.4818
vn -0.3578 -0.7236 0.5902
vn -0.1930 -0.1469 0.9701
vn 0.1687 0.6788 -0.7147
vn 0.3922 -0.0386 -0.9191
vn 0.3732 0.1581 -0.9142
vn 0.4254 -0.2990 -0.8542
vn 0.5245 -0.4959 -0.6921
vn 0.6627 -0.3978 -0.6345
vn 0.4329 -0.3739 -0.8203
vn 0.6278 -0.4799 -0.6128
vn 0.3594 -0.5013 0.7871
vn 0.5972 -0.5517 0.5822
vn 0.5857 -0.5790 0.5672
vn 0.6959 -0.4244 0.5793
vn 0.6491 -0.5352 0.5406
vn 0.6942 -0.5475 0.4673
vn 0.6705 -0.6671 0.3246
vn 0.7685 -0.6359 -0.0707
vn 0.7804 -0.3900 0.4888
vn 0.8854 -0.4561 -0.0898
vn 0.7520 -0.6431 -0.1446
vn 0.4952 -0.7229 0.4818
vn 0.6807 -0.5051 0.5306
vn 0.3578 -0.7236 0.5902
vn -0.0000 0.4624 0.8867
vn -0.0000 0.9241 0.3822
vn -0.2110 0.6079 0.7655
vn 0.0746 0.9772 0.1987
vn -0.1980 0.6779 0.7080
vn 0.3589 0.8875 0.2890
vn -0.1355 0.8560 0.4988
vn 0.2494 0.9013 0.3542
vn -0.3566 0.9327 -0.0538
vn 0.2987 0.9525 0.0598
vn 0.8860 0.3760 0.2714
vn 0.8188 0.5630 -0.1122
vn 0.7059 0.4075 -0.5794
vn 0.4245 0.5823 -0.6933
vn -0.0000 0.7421 -0.6703
vn -0.0746 0.9772 0.1987
vn -0.4245 0.5823 -0.6933
vn -0.7059 0.4075 -0.5794
vn -0.3589 0.8875 0.2890
vn -0.8188 0.5630 -0.1122
vn -0.2494 0.9013 0.3542
vn -0.8860 0.3760 0.2714
vn -0.2987 0.9525 0.0598
vn 0.3566 0.9327 -0.0538
vn 0.2110 0.6079 0.7655
vn 0.0909 0.8221 0.5621
vn 0.1980 0.6779 0.7080
vn -0.0781 0.8146 0.5748
vn 0.1355 0.8560 0.4988
vn 0.0419 0.9303 0.3644
vn 0.3266 0.9298 -0.1697
vn 0.1493 0.9595 -0.2388
vn 0.0133 0.9747 0.2231
vn -0.1664 0.8156 0.5542
vn -0.0173 0.7332 0.6798
vn -0.0557 0.4383 0.8971
vn 0.2293 0.4172 0.8794
vn 0.1930 -0.1469 0.9701
vn 0.6123 -0.1162 0.7820
vn 0.6244 -0.5195 0.5833
vn 0.6923 -0.4852 0.5342
vn 0.0173 0.7332 0.6798
vn -0.1200 0.6797 0.7236
vn -0.0378 0.8444 0.5343
vn -0.0000 0.7247 0.6890
vn -0.0000 0.3690 0.9294
vn 0.1200 0.6797 0.7236
vn 0.0378 0.8444 0.5343
vn 0.2468 0.2643 0.9323
vn 0.2588 -0.3417 0.9035
vn 0.2916 -0.5163 0.8053
vn -0.0000 -0.2635 0.9647
vn -0.0000 -0.4108 0.9117
vn -0.2468 0.2643 0.9323
vn -0.2293 0.4172 0.8794
vn 0.0557 0.4383 0.8971
vn 0.1664 0.8156 0.5542
vn 0.0781 0.8146 0.5748
vn -0.0133 0.9747 0.2231
vn -0.0419 0.9303 0.3644
vn -0.1493 0.9595 -0.2388
vn -0.3266 0.9298 -0.1697
vn 0.5361 0.6133 0.5800
vn 0.2362 0.4354 0.8687
vn 0.6587 0.4525 0.6011
vn 0.1960 0.5188 0.8322
vn 0.7317 0.4081 0.5459
vn 0.4054 0.6570 0.6356
vn 0.7829 0.3720 0.4987
vn 0.5829 0.5484 0.5996
vn 0.5568 0.6744 0.4850
vn 0.6026 0.7048 0.3744
vn 0.2562 0.9561 0.1426
vn -0.4466 0.7961 -0.4083
vn 0.4558 0.5989 0.6585
vn 0.4296 0.6054 0.6700
vn 0.8234 0.2066 0.5285
vn -0.0000 0.6451 0.7641
vn 0.5120 0.1623 0.8435
vn 0.5334 -0.4070 0.7415
vn 0.9098 -0.2396 0.3390
vn 0.9469 0.0841 0.3103
vn -0.6627 -0.3978 -0.6345
vn -0.5245 -0.4959 -0.6921
vn -0.4254 -0.2990 -0.8542
vn -0.3922 -0.0386 -0.9191
vn -0.3732 0.1581 -0.9142
vn -0.1687 0.6788 -0.7147
vn -0.3188 0.6775 -0.6629
vn -0.2937 0.8197 -0.4918
vn 0.2809 0.9525 0.1180
vn 0.6002 0.2605 0.7562
vn -0.0000 0.9869 0.1613
vn -0.0000 0.2525 0.9676
vn -0.6002 0.2605 0.7562
vn -0.2809 0.9525 0.1180
vn -0.0000 0.7502 -0.6612
vn 0.2937 0.8197 -0.4918
vn 0.2470 0.6225 -0.7426
vn -0.0000 0.5477 -0.8366
vn -0.2470 0.6225 -0.7426
vn -0.0000 0.2130 -0.9770
vn -0.2172 0.2467 -0.9444
vn -0.0000 -0.2301 -0.9732
vn -0.1567 -0.1973 -0.9677
vn -0.1282 -0.2983 -0.9458
vn -0.0000 -0.2518 -0.9678
vn 0.1282 -0.2983 -0.9458
vn 0.1567 -0.1973 -0.9677
vn 0.2172 0.2467 -0.9444
vn -0.4329 -0.3739 -0.8203
vn -0.6278 -0.4799 -0.6128
vn -0.7319 -0.6681 -0.1341
vn -0.6850 -0.4885 -0.5405
vn -0.8527 -0.4902 -0.1803
vn -0.7667 -0.3370 -0.5464
vn -0.5242 -0.3025 -0.7961
vn -0.5604 -0.2080 -0.8017
vn -0.1766 -0.1452 -0.9735
vn -0.1854 -0.1035 -0.9772
vn -0.0000 -0.0581 -0.9983
vn -0.0000 0.0011 -1.0000
vn 0.1854 -0.1035 -0.9772
vn 0.1766 -0.1452 -0.9735
vn 0.5604 -0.2080 -0.8017
vn 0.5242 -0.3025 -0.7961
vn 0.7667 -0.3370 -0.5464
vn 0.6850 -0.4885 -0.5405
vn 0.8527 -0.4902 -0.1803
vn 0.7319 -0.6681 -0.1341
vn 0.4611 0.8174 0.3454
vn 0.5952 0.7894 0.1505
vn 0.8725 0.3909 0.2932
vn 0.8296 0.4209 0.3670
vn 0.4967 -0.0929 0.8629
vn 0.0708 0.1422 0.9873
vn 0.2671 0.6400 0.7204
vn 0.0383 0.4273 0.9033
vn 0.2408 0.5410 0.8058
vn 0.5219 0.6214 -0.5843
vn -0.4081 0.1590 -0.8990
vn -0.3689 0.6599 -0.6546
vn -0.7300 0.1388 -0.6692
vn -0.3625 -0.6041 -0.7097
vn -0.6574 -0.4808 -0.5803
vn -0.2968 -0.9398 -0.1695
vn -0.6806 -0.7227 -0.1204
vn -0.2944 -0.9384 0.1809
vn -0.6980 -0.7100 0.0936
vn -0.6902 -0.6562 0.3050
vn -0.9699 0.2293 -0.0815
vn -0.7429 0.4929 -0.4530
vn -0.9733 0.1758 -0.1473
vn -0.9839 0.0489 -0.1720
vn 0.4102 0.5751 0.7078
vn 0.2990 0.7739 0.5583
vn 0.2449 0.9668 0.0726
vn 0.0954 0.9887 0.1160
vn 0.0303 0.9927 0.1170
vn -0.0000 0.9927 0.1207
vn -0.0128 0.9769 0.2133
vn -0.0155 0.9588 0.2836
vn -0.2017 0.9259 0.3194
vn -0.0825 0.9551 0.2846
vn -0.0303 0.9927 0.1170
vn -0.4409 0.6143 0.6544
vn -0.6659 0.5846 0.4635
vn 0.0224 0.5752 0.8177
vn 0.2145 0.9447 0.2482
vn 0.1032 0.9109 0.3995
vn 0.3384 0.9236 0.1799
vn 0.2128 0.9581 0.1918
vn 0.1721 0.9832 -0.0602
vn 0.2391 0.9707 -0.0232
vn 0.2984 0.9161 -0.2678
vn 0.2058 0.9502 -0.2339
vn 0.0845 0.9808 -0.1757
vn 0.1502 0.9252 -0.3484
vn 0.1631 0.9423 -0.2923
vn 0.2231 0.8907 -0.3962
vn 0.1926 0.8854 -0.4230
vn 0.0604 0.9056 -0.4198
vn 0.2035 0.9450 -0.2560
vn -0.2118 0.5761 -0.7894
vn -0.1453 0.6011 -0.7858
vn -0.1086 0.6324 -0.7670
vn 1.0000 -0.0028 -0.0002
vn 0.5344 0.7908 -0.2986
vn 1.0000 -0.0020 -0.0008
vn 1.0000 -0.0045 -0.0011
vn 0.5446 0.8379 0.0356
vn 1.0000 -0.0040 -0.0000
vn 0.5079 0.7350 0.4493
vn 1.0000 -0.0019 -0.0017
vn 0.4887 0.3891 0.7809
vn 1.0000 0.0039 -0.0014
vn -0.7357 0.6371 -0.2299
vn -0.3511 0.9359 0.0286
vn -0.3546 0.8689 -0.3453
vn 0.4363 0.1583 -0.8858
vn 1.0000 0.0026 0.0004
vn 0.4704 -0.5491 -0.6908
vn 1.0000 0.0092 0.0027
vn 0.5248 -0.8309 -0.1848
vn 0.9998 0.0023 0.0190
vn 0.9999 -0.0141 0.0094
vn 0.4975 -0.8534 0.1554
vn 0.9997 -0.0157 -0.0179
vn 0.5042 -0.7056 0.4980
vn -0.3215 -0.8219 0.4703
vn -0.4179 -0.3465 0.8398
vn -0.7201 -0.3456 0.6017
vn -0.7453 0.1830 0.6412
vn 0.4689 -0.1743 0.8659
vn -0.4365 0.3723 0.8191
vn -0.3933 0.7866 0.4759
vn 0.3188 0.6775 -0.6629
vn -0.5325 -0.6286 0.5669
vn -0.3954 -0.4957 0.7733
vn -0.3327 -0.6706 0.6631
vn -0.0000 -0.5555 0.8315
vn -0.0000 -0.6813 0.7320
vn 0.3327 -0.6706 0.6631
vn 0.5325 -0.6286 0.5669
vn 0.6624 -0.5609 0.4967
vn 0.8073 -0.5483 0.2181
vn -0.9735 0.2287 0.0023
vn 0.3325 0.7887 0.5171
vn 0.8066 0.2614 0.5301
vn 0.1070 0.7857 0.6093
vn 0.6596 0.2617 0.7046
vn 0.5739 0.4535 0.6819
vn 0.0833 0.8566 0.5093
vn 0.0470 0.9063 0.4201
vn -0.2576 0.7709 0.5826
vn -0.0849 0.7470 0.6593
vn -0.9057 0.3650 -0.2158
vn -0.3718 0.9061 0.2017
vn -0.8707 0.3686 -0.3257
vn -0.4060 0.8404 0.3591
vn -0.9934 0.1096 -0.0352
vn -0.0387 0.6423 0.7655
vn -0.1032 0.9109 0.3995
vn 0.1086 0.6324 -0.7670
vn -0.0546 0.9101 -0.4108
vn 0.1592 0.6220 -0.7666
vn -0.0235 0.8871 -0.4610
vn -0.0837 0.9829 -0.1639
vn -0.1534 0.9550 -0.2540
vn -0.1558 0.9674 0.1997
vn -0.0271 0.9840 0.1760
vn -0.0458 0.7589 0.6496
vn 0.1453 0.6011 -0.7858
vn 0.2118 0.5761 -0.7894
vn -0.0604 0.9056 -0.4198
vn -0.2035 0.9450 -0.2560
vn -0.2231 0.8907 -0.3962
vn -0.1926 0.8854 -0.4230
vn -0.1502 0.9252 -0.3484
vn -0.0366 0.5018 -0.8642
vn -0.1349 0.8152 -0.5632
vn -0.1631 0.9423 -0.2923
vn -0.2984 0.9161 -0.2678
vn -0.2058 0.9502 -0.2339
vn -0.0845 0.9808 -0.1757
vn -0.0469 0.9846 0.1683
vn -0.1721 0.9832 -0.0602
vn -0.2128 0.9581 0.1918
vn -0.3384 0.9236 0.1799
vn -0.2145 0.9447 0.2482
vn -0.0224 0.5752 0.8177
vn -0.2391 0.9707 -0.0232
vn -0.2840 0.5825 0.7616
vn 0.0458 -0.0267 0.9986
vn -0.2882 0.6055 0.7418
vn -0.3803 0.9248 -0.0113
vn -0.2030 0.5704 -0.7959
vn -0.9654 0.0812 -0.2478
vn 0.0224 -0.1390 -0.9900
vn 0.0213 0.0804 -0.9965
vn -0.2956 0.6464 -0.7034
vn -0.4591 0.8882 0.0166
vn 0.5810 -0.1874 0.7920
vn 0.6754 0.1603 0.7198
vn 0.4420 0.1202 0.8889
vn -0.0000 0.1467 0.9892
vn -0.4420 0.1202 0.8889
vn -0.4495 0.1680 0.8773
vn -0.5009 0.1620 0.8502
vn 0.6994 0.5923 0.4001
vn 0.7459 0.6123 -0.2623
vn 0.3690 0.8232 0.4315
vn 0.3931 0.5589 -0.7301
vn 0.6619 0.3985 -0.6349
vn -0.0000 0.5403 -0.8415
vn 0.6109 -0.1247 -0.7818
vn -0.0000 -0.0942 -0.9955
vn 0.5714 -0.6564 -0.4926
vn -0.0000 -0.7964 -0.6048
vn -0.0000 -0.9959 0.0905
vn 0.6448 -0.7560 0.1129
vn 0.8696 -0.4903 -0.0584
vn -0.0000 -0.9215 -0.3884
vn 0.3991 -0.8372 -0.3739
vn -0.0000 -0.9137 -0.4064
vn -0.3991 -0.8372 -0.3739
vn -0.8696 -0.4903 -0.0584
vn -0.6448 -0.7560 0.1129
vn -0.5714 -0.6564 -0.4926
vn -0.6109 -0.1247 -0.7818
vn -0.6619 0.3985 -0.6349
vn 0.6091 -0.3897 0.6907
vn 0.7824 0.3161 0.5365
vn -0.6091 -0.3897 0.6908
vn -0.7824 0.3161 0.5365
vn -0.0000 0.5598 0.8286
vn -0.0000 -0.3845 0.9231
vn 0.6213 -0.0599 -0.7813
vn 0.5888 0.6958 -0.4113
vn 0.6310 0.6614 0.4054
vn -0.0006 0.8538 0.5206
vn -0.0007 0.8624 -0.5063
vn -0.6306 0.6622 0.4049
vn -0.5884 0.6965 -0.4107
vn -0.6210 -0.0604 -0.7815
vn -0.3927 0.5591 -0.7302
vn -0.3690 0.8232 0.4316
vn -0.0000 0.7001 0.7140
vn -0.0000 0.6924 0.7215
vn -0.6994 0.5923 0.4001
vn -0.7459 0.6123 -0.2623
vn -0.0678 -0.9736 0.2180
vn 0.0098 -0.9818 0.1895
vn -0.1372 -0.7938 0.5925
vn -0.0388 -0.8314 0.5543
vn -0.1098 -0.2342 0.9660
vn -0.1175 -0.2366 0.9645
vn 0.6134 -0.6520 0.4457
vn 0.6410 -0.1987 0.7414
vn 0.6968 0.3913 0.6011
vn -0.0415 0.5147 0.8564
vn 0.7776 0.5604 0.2850
vn 0.2572 0.8314 0.4926
vn 0.8513 0.5202 0.0679
vn 0.4608 0.8769 0.1371
vn 0.7426 -0.6523 -0.1519
vn 0.0210 -0.9700 -0.2421
vn 0.0298 -0.9727 -0.2300
vn 0.5372 0.0953 -0.8381
vn -0.0398 0.1438 -0.9888
vn 0.6864 0.5750 -0.4453
vn 0.2783 0.7164 -0.6398
vn 0.4517 0.8766 -0.1658
vn 0.3226 0.9092 -0.2631
vn 0.3358 0.9261 0.1718
vn 0.2559 0.7521 0.6073
vn 0.0531 0.4120 0.9096
vn 0.3466 0.6061 -0.7159
vn 0.0821 0.0581 -0.9949
vn 0.0151 -0.6481 -0.7614
vn 0.0341 -0.6600 -0.7505
vn 0.7069 -0.4734 -0.5256
vn -0.6754 0.1603 0.7198
vn -0.6583 0.2109 0.7226
vn -0.6223 0.3071 0.7200
vn -0.6385 0.3189 0.7005
vn -0.6118 -0.5637 0.5550
vn -0.0000 -0.8714 0.4905
vn -0.7992 0.3550 0.4851
vn -0.8357 0.3055 0.4564
vn -0.6684 0.2628 -0.6959
vn -0.9273 0.3450 -0.1452
vn -0.3594 -0.5013 0.7871
vn -0.0000 -0.3678 0.9299
vn -0.2362 0.4354 0.8687
vn -0.1960 0.5188 0.8322
vn -0.4054 0.6570 0.6356
vn -0.5568 0.6744 0.4850
vn -0.5829 0.5484 0.5996
vn -0.4558 0.5989 0.6585
vn -0.4296 0.6054 0.6700
vn -0.8234 0.2066 0.5285
vn -0.7829 0.3720 0.4987
vn -0.9469 0.0841 0.3103
vn -0.9398 0.2098 0.2698
vn -0.7317 0.4081 0.5459
vn -0.9269 0.2681 0.2625
vn -0.6587 0.4525 0.6011
vn -0.5120 0.1623 0.8435
vn -0.0000 0.5752 0.8180
vn 0.5215 0.5596 -0.6441
vn 0.8058 0.1047 -0.5828
vn 0.4735 0.2392 -0.8477
vn 0.4232 -0.1848 -0.8870
vn 0.7547 -0.1453 -0.6398
vn 0.4879 -0.5242 -0.6980
vn 0.5924 -0.6205 -0.5138
vn -0.4623 -0.2979 -0.8352
vn 0.0934 0.0620 -0.9937
vn 0.5904 0.5694 -0.5720
vn 0.8460 0.4935 -0.2018
vn 0.6621 0.6502 -0.3727
vn 0.4466 0.7961 -0.4083
vn -0.2562 0.9561 0.1426
vn -0.6026 0.7048 0.3744
vn -0.4103 0.5751 0.7078
vn -0.2407 0.5410 0.8058
vn -0.2990 0.7739 0.5583
vn -0.2671 0.6400 0.7204
vn -0.0383 0.4273 0.9033
vn -0.0708 0.1422 0.9873
vn -0.0954 0.9887 0.1160
vn -0.2449 0.9668 0.0726
vn -0.4979 0.7728 0.3936
vn -0.5554 0.4499 0.6994
vn -0.5777 0.6389 0.5079
vn -0.5584 0.8101 0.1786
vn -0.5435 0.7422 0.3922
vn -0.3630 0.5127 0.7781
vn -0.5972 -0.5517 0.5822
vn -0.6491 -0.5352 0.5406
vn -0.6705 -0.6671 0.3246
vn -0.8073 -0.5483 0.2181
vn -0.9201 -0.3424 0.1900
vn -0.9404 -0.2936 -0.1714
vn -0.7672 0.6410 -0.0214
vn -0.7430 0.5984 0.2998
vn -0.9837 -0.1215 -0.1324
vn -0.9788 -0.2017 -0.0347
vn -0.9751 -0.2198 0.0288
vn -0.9804 -0.1822 0.0744
vn -0.9871 -0.0451 0.1535
vn -0.9815 0.0346 0.1884
vn -0.7567 0.5166 0.4007
vn -0.9845 0.1305 0.1171
vn -0.7434 0.6666 0.0555
vn 0.1200 -0.7367 -0.6655
vn -0.3012 -0.9518 0.0577
vn 0.1926 -0.9806 -0.0367
vn 0.8770 0.2951 0.3791
vn 0.9179 0.3213 -0.2331
vn 0.6638 0.2346 -0.7101
vn 0.4134 0.1516 -0.8979
vn 0.0034 0.2010 -0.9796
vn -0.4128 0.1516 -0.8981
vn -0.6638 0.2346 -0.7101
vn -0.9179 0.3213 -0.2331
vn -0.8770 0.2951 0.3791
vn 0.4003 0.3845 0.8318
vn 0.3829 -0.2482 0.8898
vn 0.3319 0.2744 0.9025
vn 0.1908 -0.4517 0.8715
vn 0.3021 -0.7878 0.5368
vn 0.0585 -0.9079 0.4151
vn 0.2753 -0.9436 0.1840
vn 0.0695 -0.9905 0.1189
vn 0.0712 -0.9904 -0.1184
vn 0.2783 -0.9449 -0.1723
vn 0.1175 -0.2366 0.9645
vn 0.1098 -0.2342 0.9660
vn 0.0415 0.5147 0.8564
vn -0.0531 0.4120 0.9096
vn -0.2572 0.8314 0.4926
vn -0.2559 0.7521 0.6073
vn -0.4608 0.8769 0.1371
vn -0.3358 0.9261 0.1718
vn -0.4517 0.8766 -0.1658
vn -0.3226 0.9092 -0.2631
vn -0.2783 0.7164 -0.6398
vn -0.3466 0.6061 -0.7159
vn -0.0821 0.0581 -0.9949
vn 0.0398 0.1438 -0.9888
vn -0.4610 -0.5929 0.6603
vn -0.2814 -0.9454 0.1644
vn -0.1632 -0.9845 0.0642
vn -0.1893 -0.9750 -0.1164
vn -0.6940 -0.6808 -0.2343
vn -0.1951 -0.8359 -0.5130
vn 0.1545 -0.5871 -0.7946
vn 0.3385 -0.6075 -0.7186
vn 0.0469 0.9846 0.1683
vn 0.0271 0.9840 0.1760
vn -0.0470 0.9063 0.4201
vn 0.0849 0.7470 0.6593
vn 0.0387 0.6423 0.7655
vn 0.0314 -0.0870 0.9957
vn 0.1823 -0.0918 0.9790
vn 0.6754 -0.0737 0.7337
vn 0.2576 0.7709 0.5826
vn 0.4060 0.8404 0.3591
vn 0.9934 0.1096 -0.0352
vn 0.8707 0.3686 -0.3257
vn 0.3718 0.9061 0.2017
vn -0.3325 0.7887 0.5171
vn 0.5127 0.8478 0.1359
vn -0.3137 0.8174 0.4832
vn 0.4279 0.7908 0.4377
vn 0.0006 0.5227 0.8525
vn 0.1558 0.9674 0.1997
vn 0.0837 0.9829 -0.1639
vn 0.1534 0.9550 -0.2540
vn 0.0235 0.8871 -0.4610
vn 0.1349 0.8152 -0.5632
vn 0.0366 0.5018 -0.8642
vn -0.1592 0.6220 -0.7666
vn -0.1374 -0.2174 -0.9664
vn -0.3196 -0.0309 -0.9470
vn -0.2120 -0.0727 -0.9746
vn -0.2709 -0.1548 -0.9501
vn -0.4578 -0.0654 -0.8867
vn -0.5510 -0.1488 -0.8212
vn -0.1836 0.5468 -0.8169
vn 0.3396 0.8991 -0.2761
vn 0.6479 0.6098 0.4564
vn 0.8135 0.3008 -0.4977
vn 0.5635 -0.0926 0.8209
vn 0.5037 0.1107 0.8567
vn 0.6148 0.6853 0.3903
vn 0.3850 0.8700 -0.3079
vn -0.1192 0.5621 -0.8185
vn -0.5278 -0.0729 -0.8462
vn -0.7904 -0.5076 0.3430
vn -0.3563 -0.5109 0.7823
vn -0.8191 0.2251 0.5276
vn -0.5781 0.2342 0.7816
vn 0.4512 -0.2515 0.8562
vn -0.7847 -0.3245 0.5281
vn -0.7888 -0.4771 0.3875
vn -0.6596 0.2617 0.7046
vn -0.8066 0.2614 0.5301
vn -0.8397 -0.5098 0.1874
vn 0.9004 0.3171 0.2978
vn 0.9002 0.3745 -0.2222
vn -0.9052 -0.2667 -0.3308
vn -0.8209 0.0571 -0.5683
vn -0.7069 -0.4734 -0.5256
vn -0.5372 0.0953 -0.8381
vn -0.6864 0.5750 -0.4453
vn -0.8294 0.5501 -0.0969
vn -0.8513 0.5202 0.0679
vn -0.7776 0.5604 0.2850
vn -0.6968 0.3913 0.6011
vn -0.6410 -0.1987 0.7414
vn -0.6134 -0.6520 0.4457
vn 0.0388 -0.8314 0.5543
vn 0.1372 -0.7938 0.5925
vn -0.0098 -0.9818 0.1895
vn 0.0678 -0.9736 0.2180
vn -0.7901 -0.5186 0.3267
vn -0.9196 -0.3834 0.0858
vn -0.8116 -0.5750 0.1033
vn -0.9067 -0.3981 -0.1392
vn -0.7426 -0.6523 -0.1519
vn -0.0210 -0.9700 -0.2421
vn -0.0341 -0.6600 -0.7505
vn -0.0298 -0.9727 -0.2300
vn -0.0151 -0.6481 -0.7614
vn -0.1860 -0.6702 -0.7185
vn -0.2663 -0.9364 -0.2285
vn 0.0226 -0.9527 0.3031
vn 0.0985 -0.7860 0.6103
vn -0.0105 -0.2754 0.9613
vn -0.0336 0.3629 0.9312
vn -0.0161 0.7910 0.6116
vn -0.0318 0.9871 0.1571
vn -0.0831 0.9605 -0.2654
vn -0.2415 0.6208 -0.7459
vn -0.2449 -0.0851 -0.9658
vn 0.0792 -0.7005 0.7092
vn 0.0521 -0.9842 0.1690
vn -0.2738 -0.9521 0.1359
vn -0.3148 -0.7876 -0.5296
vn 0.3255 -0.9367 0.1291
vn 0.1306 -0.8050 0.5787
vn -0.0842 -0.9961 0.0255
vn -0.2762 -0.9431 0.1852
vn -0.4271 -0.7456 -0.5116
vn -0.5685 -0.7496 -0.3390
vn -0.1861 -0.7806 -0.5967
vn -0.1374 -0.7735 -0.6187
vn -0.3239 -0.6940 -0.6430
vn -0.1583 -0.9833 -0.0897
vn -0.1117 -0.9815 -0.1554
vn -0.8398 -0.0955 0.5344
vn -0.8882 0.2259 0.4002
vn -0.8508 0.4876 0.1958
vn -0.8401 0.5372 0.0753
vn -0.8533 0.5155 -0.0787
vn -0.7713 0.5299 -0.3524
vn 0.0546 0.9101 -0.4108
vn 0.0458 0.7589 0.6496
vn -0.5739 0.4535 0.6819
vn -0.0833 0.8566 0.5093
vn -0.1070 0.7857 0.6093
vn 0.3692 0.7929 0.4848
vn 0.3360 0.7651 0.5493
vn 0.3297 0.9436 0.0289
vn 0.3130 0.9474 0.0671
vn 0.3162 0.8927 -0.3211
vn 0.3325 0.8751 -0.3516
vn 0.3067 0.7057 -0.6387
vn 0.3448 0.6628 -0.6646
vn 0.2590 0.2437 -0.9346
vn 0.3801 0.1593 -0.9111
vn -0.2718 0.1959 0.9422
vn -0.0909 0.8221 0.5621
vn -0.0797 0.7650 0.6391
vn -0.0000 0.6179 0.7862
vn 0.0797 0.7650 0.6391
vn -0.0000 0.7825 0.6226
vn 0.0007 0.0223 -0.9998
vn -0.3247 0.6040 -0.7278
vn 0.2257 -0.5967 -0.7701
vn 0.3301 -0.5559 -0.7629
vn 0.1753 -0.9606 -0.2156
vn 0.2735 -0.9500 -0.1506
vn 0.3798 -0.5708 -0.7279
vn 0.3370 -0.9241 -0.1802
vn 0.2076 -0.9554 0.2103
vn 0.2277 -0.9484 0.2208
vn 0.2128 -0.8615 0.4611
vn 0.2232 -0.8516 0.4743
vn 0.3065 -0.3029 0.9024
vn 0.0505 -0.2868 0.9567
vn -0.6170 0.3391 -0.7101
vn -0.9319 0.3620 0.0212
vn -0.4833 0.8754 0.0088
vn -0.5908 0.3336 0.7346
vn -0.3417 0.5733 0.7447
vn -0.0347 -0.0296 0.9990
vn -0.5396 -0.3371 0.7715
vn -0.8760 -0.4808 0.0367
vn -0.5122 -0.3490 -0.7848
vn 0.8189 0.5587 0.1312
vn 0.3918 0.8644 -0.3151
vn 0.6604 0.6931 0.2890
vn -0.8288 -0.1712 -0.5326
vn -0.5513 -0.0761 -0.8308
vn -0.1761 -0.0141 -0.9843
vn -0.0000 0.0815 -0.9967
vn 0.1761 -0.0141 -0.9843
vn 0.5513 -0.0761 -0.8308
vn 0.8288 -0.1712 -0.5326
vn 0.9404 -0.2936 -0.1714
vn 0.7672 0.6410 -0.0214
vn 0.5949 0.7339 -0.3279
vn 0.3528 0.7398 -0.5729
vn 0.1115 0.7591 -0.6413
vn -0.0000 0.7870 -0.6169
vn -0.1115 0.7591 -0.6413
vn -0.3528 0.7398 -0.5729
vn -0.5949 0.7339 -0.3279
vn 0.6025 0.7229 0.3383
vn -0.5231 0.8074 -0.2728
vn -0.3910 0.8022 -0.4511
vn -0.6505 0.1987 -0.7330
vn -0.3415 0.1906 -0.9203
vn -0.0530 -0.2722 -0.9608
vn -0.5630 -0.6938 -0.4491
vn -0.5002 -0.0335 -0.8652
vn -0.6181 -0.6780 -0.3979
vn -0.4056 -0.8657 0.2933
vn 0.1144 -0.5482 0.8285
vn 0.5945 0.1266 0.7941
vn 0.4939 -0.6920 0.5266
vn 0.8908 -0.1435 0.4311
vn 0.7605 -0.4057 -0.5070
vn 0.2141 -0.9735 -0.0805
vn -0.2771 -0.7480 -0.6031
vn -0.2568 -0.9380 0.2329
vn 0.2483 -0.6026 0.7585
vn -0.0759 -0.7871 0.6121
vn 0.0392 -0.9992 0.0049
vn -0.1926 -0.9806 -0.0367
vn -0.1200 -0.7367 -0.6655
vn 0.3012 -0.9518 0.0577
vn 0.9654 0.0812 -0.2478
vn -0.0224 -0.1390 -0.9900
vn 0.0736 -0.8334 0.5478
vn 0.3307 -0.8733 0.3579
vn 0.0555 -0.9918 0.1153
vn 0.2148 -0.9766 -0.0097
vn 0.0787 -0.9954 0.0548
vn 0.0989 -0.9938 0.0501
vn 0.1280 -0.9837 0.1265
vn 0.1307 -0.9904 0.0446
vn 0.1236 -0.9809 0.1502
vn 0.0425 -0.9991 -0.0066
vn 0.0747 -0.9953 0.0619
vn -0.0628 -0.9851 -0.1602
vn -0.0799 -0.9771 -0.1972
vn -0.5382 -0.8249 0.1730
vn -0.7138 -0.2247 -0.6633
vn -0.6453 0.4273 -0.6333
vn -0.7715 -0.1155 0.6256
vn -0.4062 0.8465 -0.3441
vn 0.0168 0.9852 0.1704
vn 0.7687 -0.3421 -0.5405
vn 0.3309 -0.8341 -0.4413
vn 0.7072 -0.5986 -0.3761
vn 0.2310 -0.9373 -0.2609
vn 0.5852 -0.8089 0.0562
vn 0.0536 -0.9968 -0.0588
vn -0.4116 -0.9101 0.0477
vn 0.4179 -0.3465 0.8398
vn -1.0000 -0.0020 -0.0008
vn -1.0000 -0.0028 -0.0002
vn -0.2749 -0.6792 0.6805
vn 0.3036 0.0331 0.9522
vn -0.0960 -0.8033 0.5878
vn 0.0266 -0.8318 0.5544
vn 0.1771 0.0474 0.9830
vn 0.1317 -0.8169 0.5615
vn 0.0576 0.0266 0.9980
vn 0.2820 -0.7476 0.6013
vn 0.0167 -0.0812 0.9966
vn 0.5382 -0.4678 0.7011
vn 0.4051 -0.0861 0.9102
vn 0.6636 0.3878 0.6397
vn 0.7848 0.2956 0.5447
vn 0.3397 -0.0260 0.9402
vn -0.5020 0.2231 0.8356
vn -0.0255 0.4012 0.9156
vn 0.3630 0.5127 0.7781
vn 0.5554 0.4499 0.6994
vn 0.4979 0.7728 0.3936
vn 0.5777 0.6389 0.5079
vn 0.5435 0.7422 0.3922
vn 0.5584 0.8101 0.1786
vn -0.4702 -0.6587 -0.5874
vn -0.3101 -0.2054 -0.9282
vn 0.3353 -0.0799 0.9387
vn -0.0483 -0.5765 0.8156
vn 0.2752 0.1082 0.9553
vn 0.9804 -0.1822 0.0744
vn 0.6980 -0.7100 0.0936
vn 0.9751 -0.2198 0.0288
vn 0.9788 -0.2017 -0.0347
vn 0.6806 -0.7227 -0.1204
vn 0.9837 -0.1215 -0.1324
vn 0.6574 -0.4808 -0.5803
vn 0.5454 -0.7744 0.3207
vn 0.9398 -0.3411 0.0224
vn 0.8503 -0.3800 -0.3642
vn 0.4090 -0.8666 -0.2859
vn -0.2892 -0.9298 -0.2276
vn -0.2622 -0.9634 -0.0563
vn -0.0424 -0.9426 0.3311
vn 0.4623 -0.2979 -0.8352
vn -0.0934 0.0620 -0.9937
vn -0.7547 -0.1453 -0.6398
vn -0.8058 0.1047 -0.5828
vn -0.5904 0.5694 -0.5720
vn -0.8460 0.4935 -0.2018
vn -0.6621 0.6502 -0.3727
vn -0.5215 0.5596 -0.6441
vn -0.4735 0.2392 -0.8477
vn -0.4232 -0.1848 -0.8870
vn -0.4879 -0.5242 -0.6980
vn -0.5924 -0.6205 -0.5138
vn 0.0161 -0.7461 -0.6657
vn -0.0026 -0.6363 -0.7714
vn -0.2430 0.3884 -0.8889
vn -0.3340 -0.8783 -0.3421
vn -0.3142 -0.8988 -0.3056
vn -0.9812 0.1732 -0.0849
vn -0.3716 -0.8145 -0.4455
vn -0.9839 0.1569 0.0860
vn -0.1792 0.9507 0.2529
vn -0.2243 0.8593 0.4597
vn 0.1355 -0.8680 -0.4776
vn -0.0000 -0.8636 -0.5041
vn 0.2758 0.2637 -0.9243
vn -0.0000 0.2668 -0.9637
vn -0.0000 0.9975 -0.0711
vn 0.0275 0.9980 -0.0560
vn -0.0000 0.4223 0.9065
vn -0.2561 0.4116 0.8747
vn 0.0277 0.9914 -0.1279
vn -0.4448 0.4615 0.7676
vn 0.0512 -0.9091 -0.4135
vn 0.0005 -0.9058 -0.4237
vn -0.2924 -0.6090 0.7373
vn -0.0005 -0.6142 0.7891
vn -0.0002 0.5251 0.8510
vn -0.2431 0.5051 0.8281
vn -0.6322 -0.4119 0.6563
vn -0.1052 -0.9596 -0.2610
vn -0.3300 -0.9007 -0.2826
vn -0.8172 -0.1628 0.5529
vn -0.3380 -0.8651 -0.3706
vn -0.8673 -0.1289 0.4809
vn -0.3065 -0.8625 -0.4026
vn -0.8942 -0.1216 0.4309
vn -0.3427 -0.8253 -0.4489
vn -0.9395 -0.0863 0.3314
vn -0.1277 0.7874 0.6031
vn -0.1769 0.7552 0.6312
vn 0.8061 0.5850 0.0887
vn 0.8381 0.5005 0.2167
vn 0.7876 -0.3753 -0.4886
vn 0.8426 -0.4709 -0.2615
vn 0.3065 -0.8625 -0.4026
vn 0.3427 -0.8253 -0.4489
vn 0.8942 -0.1216 0.4309
vn 0.9395 -0.0863 0.3314
vn 0.3338 -0.7713 -0.5419
vn 0.9763 -0.0015 0.2164
vn 0.3716 -0.8145 -0.4455
vn 0.9839 0.1569 0.0860
vn 0.9812 0.1732 -0.0849
vn 0.3142 -0.8988 -0.3056
vn 0.3347 -0.8783 -0.3414
vn 0.9639 0.1797 -0.1964
vn 0.2177 0.9472 0.2353
vn 0.1792 0.9507 0.2529
vn 0.2243 0.8593 0.4597
vn 0.1801 0.7445 0.6429
vn 0.1769 0.7552 0.6312
vn 0.1277 0.7874 0.6031
vn 0.1048 0.7907 0.6032
vn -0.7616 0.6465 -0.0439
vn -0.7277 0.6673 -0.1589
vn -0.6988 -0.2907 -0.6536
vn -0.7297 -0.2946 -0.6170
vn -0.7727 0.6346 -0.0143
vn -0.8061 0.5850 0.0887
vn -0.8381 0.5005 0.2167
vn -0.7919 0.5303 0.3026
vn -0.8404 0.4780 0.2555
vn -0.8211 0.4567 0.3424
vn 0.1418 0.9896 0.0241
vn 0.8467 0.2962 -0.4420
vn 0.4010 -0.8609 -0.3133
vn 0.7034 0.2211 -0.6755
vn 0.3880 -0.8940 -0.2242
vn 0.5888 0.2062 -0.7816
vn 0.3271 -0.9014 -0.2838
vn 0.4681 0.1791 -0.8653
vn 0.2288 -0.9124 -0.3395
vn -0.0047 0.9896 -0.1437
vn 0.8355 -0.3431 0.4292
vn 0.1430 0.7850 0.6028
vn 0.6344 -0.4100 0.6553
vn 0.3220 0.6953 0.6426
vn -0.4647 0.8627 -0.1995
vn -0.1097 0.9891 -0.0984
vn 0.2432 0.5054 0.8279
vn 0.0005 0.9889 -0.1483
vn -0.0000 -0.7233 0.6906
vn -0.1355 -0.8680 -0.4776
vn 0.2048 -0.7153 0.6682
vn -0.2288 -0.9124 -0.3395
vn 0.3427 -0.6545 0.6739
vn -0.3271 -0.9014 -0.2838
vn 0.4146 -0.6551 0.6316
vn 0.4448 0.4615 0.7676
vn 0.2561 0.4116 0.8747
vn -0.0275 0.9980 -0.0560
vn -0.2758 0.2637 -0.9243
vn -0.4681 0.1791 -0.8653
vn -0.0277 0.9914 -0.1279
vn -0.5888 0.2062 -0.7816
vn 0.0046 0.9896 -0.1435
vn -0.7034 0.2211 -0.6755
vn -0.0008 0.9882 -0.1532
vn -0.8469 0.2963 -0.4415
vn -0.1419 0.9896 0.0239
vn 0.6943 0.4400 0.5695
vn 0.7247 0.5114 0.4618
vn 0.7016 -0.6367 0.3200
vn 0.8211 0.4564 0.3428
vn 0.7800 -0.6257 0.0010
vn 0.8404 0.4779 0.2555
vn 0.8105 -0.5827 -0.0599
vn 0.7919 0.5304 0.3026
vn -0.1801 0.7445 0.6429
vn -0.9763 -0.0015 0.2164
vn 0.3381 -0.8622 -0.3772
vn 0.8694 -0.1245 0.4782
vn -0.0518 -0.9090 -0.4136
vn 0.1064 -0.9587 -0.2637
vn 0.2171 -0.9142 -0.3423
vn 0.2928 -0.6092 0.7370
vn 0.1093 0.9891 -0.0985
vn -0.3166 0.6972 0.6432
vn -0.0893 0.8153 0.5722
vn -0.5820 0.4538 0.6748
vn -0.4146 -0.6551 0.6316
vn -0.3427 -0.6545 0.6739
vn -0.2048 -0.7153 0.6682
vn 0.4809 0.8419 0.2447
vn 0.4139 0.7795 0.4702
vn -0.4149 0.5527 0.7228
vn -0.8258 -0.1124 0.5527
vn -0.8469 -0.0498 0.5294
vn -0.5905 -0.7205 0.3635
vn -0.8431 -0.5293 -0.0954
vn -0.8403 -0.0533 0.5395
vn -0.9431 0.0018 0.3325
vn -0.8191 0.2545 0.5141
vn -0.6084 0.2193 0.7627
vn -0.8657 -0.0911 0.4922
vn -0.8911 -0.1019 0.4421
vn -0.2076 -0.9769 -0.0505
vn -0.5095 -0.7825 -0.3579
vn -0.7542 -0.0551 0.6543
vn -0.5104 -0.1688 0.8432
vn -0.4081 -0.5581 0.7225
vn -0.8318 -0.0112 0.5549
vn -0.8985 -0.1690 -0.4052
vn -0.9917 0.0418 0.1215
vn -0.9892 0.0831 -0.1207
vn -0.7123 0.0382 0.7009
vn -0.9649 -0.1087 0.2389
vn -0.8913 -0.1328 0.4336
vn -0.9172 -0.3893 0.0847
vn -0.8776 -0.1771 0.4455
vn -0.9096 0.2657 0.3193
vn -0.9201 0.2026 -0.3353
vn -0.9638 0.1801 -0.1968
vn -0.2182 0.9472 0.2350
vn 0.4922 -0.6670 0.5593
vn 0.5818 0.4539 0.6749
vn -0.3880 -0.8940 -0.2242
vn -0.4009 -0.8612 -0.3125
vn -0.3338 -0.7713 -0.5419
vn 0.7449 -0.3391 -0.5745
vn 0.7297 -0.2946 -0.6170
vn 0.7727 0.6346 -0.0143
vn 0.7616 0.6465 -0.0439
vn -0.3843 -0.9132 0.1358
vn -0.2484 -0.9593 0.1343
vn 0.0343 -0.6048 0.7956
vn 0.3643 0.1868 0.9124
vn 0.7521 -0.1154 0.6489
vn -0.9995 0.0318 0.0093
vn -0.9988 -0.0480 0.0081
vn -0.9957 0.0415 0.0823
vn -0.9949 -0.0409 0.0920
vn -0.6770 -0.7338 0.0573
vn -0.6622 -0.7493 0.0036
vn 0.6489 -0.7609 0.0028
vn 0.6301 -0.7752 -0.0443
vn 0.2614 0.1692 -0.9503
vn 0.1955 0.6853 -0.7016
vn 0.2895 0.2085 -0.9342
vn 0.2585 0.6991 -0.6667
vn 0.0973 0.9212 -0.3768
vn 0.2136 0.9028 -0.3734
vn -0.0068 0.9982 0.0599
vn 0.1602 0.9858 0.0500
vn -0.0746 0.8145 0.5753
vn 0.1001 0.8301 0.5486
vn -0.1428 0.4303 0.8913
vn 0.0685 0.4807 0.8742
vn 0.0796 -0.0770 0.9938
vn 0.2681 -0.0965 0.9585
vn 0.2307 0.4676 0.8533
vn 0.2397 0.8340 0.4970
vn 0.2613 0.9649 0.0268
vn 0.2626 0.8872 -0.3792
vn 0.2702 0.6928 -0.6686
vn 0.3122 0.2218 -0.9238
vn 0.3289 -0.4904 -0.8070
vn 0.3747 -0.5684 -0.7324
vn 0.3612 0.1619 -0.9183
vn 0.3224 0.6936 -0.6441
vn 0.3113 0.8889 -0.3359
vn 0.3061 0.9509 0.0448
vn 0.3197 0.8117 0.4888
vn 0.3403 0.4208 0.8409
vn 0.3534 -0.2096 0.9117
vn 0.3822 -0.7195 0.5798
vn 0.3289 -0.6746 0.6609
vn 0.4012 -0.9001 0.1699
vn -0.4718 0.8817 0.0009
vn -0.6521 0.6174 -0.4400
vn -0.9804 0.1960 -0.0176
vn -0.7826 0.2051 -0.5878
vn -0.7043 -0.7031 0.0979
vn -0.1796 -0.9836 -0.0140
vn -0.0000 -0.9945 -0.1043
vn -0.0000 -0.8393 0.5436
vn 0.1796 -0.9836 -0.0140
vn 0.2106 -0.7708 0.6012
vn 0.7043 -0.7031 0.0979
vn 0.6117 -0.4923 0.6193
vn 0.9089 0.2387 0.3421
vn 0.9804 0.1960 -0.0176
vn 0.7826 0.2051 -0.5878
vn 0.6521 0.6174 -0.4400
vn 0.3273 0.6788 -0.6574
vn 0.5128 0.4269 -0.7449
vn 0.0825 0.7842 -0.6150
vn -0.0000 0.8478 -0.5304
vn -0.0054 0.9765 -0.2155
vn -0.0000 0.9761 -0.2172
vn -0.2830 0.9289 -0.2387
vn -0.1360 0.9147 -0.3807
vn -0.0718 0.9780 -0.1957
vn 0.0054 0.9765 -0.2155
vn -0.0825 0.7842 -0.6150
vn -0.3273 0.6788 -0.6574
vn -0.5128 0.4269 -0.7449
vn -0.0000 0.6276 -0.7786
vn -0.0000 0.9090 -0.4168
vn 0.1360 0.9147 -0.3807
vn 0.0718 0.9780 -0.1957
vn 0.4718 0.8817 0.0009
vn 0.6350 0.7620 0.1272
vn 0.8197 0.1838 0.5425
vn 0.3112 -0.4492 0.8375
vn -0.0000 -0.5936 0.8048
vn -0.3112 -0.4492 0.8375
vn -0.2106 -0.7708 0.6012
vn -0.8197 0.1838 0.5425
vn 0.2830 0.9289 -0.2387
vn 0.9865 -0.1632 0.0141
vn 0.9848 -0.1671 -0.0485
vn 0.9872 -0.1590 0.0082
vn 0.9850 -0.1599 -0.0650
vn 0.9633 -0.1787 -0.2002
vn 0.9626 -0.1632 -0.2162
vn 0.8700 -0.2231 -0.4397
vn 0.8667 -0.1869 -0.4625
vn 0.6489 -0.2956 -0.7011
vn 0.6489 -0.2145 -0.7301
vn 0.3508 -0.3395 -0.8727
vn 0.3411 -0.2259 -0.9125
vn -0.0000 -0.3542 -0.9352
vn -0.0000 -0.2418 -0.9703
vn -0.3411 -0.2259 -0.9125
vn -0.2216 -0.7835 -0.5806
vn -0.4045 -0.7901 -0.4605
vn 0.4531 -0.7036 0.5474
vn 0.6089 -0.7110 0.3518
vn 0.8534 0.0199 0.5209
vn 0.9618 -0.0218 0.2730
vn 0.6621 -0.7285 0.1758
vn -0.5404 -0.7898 -0.2901
vn -0.6157 -0.7748 -0.1439
vn -0.9850 -0.1599 -0.0650
vn -0.6301 -0.7752 -0.0443
vn -0.9626 -0.1632 -0.2162
vn 0.6770 -0.7338 0.0573
vn 0.9949 -0.0409 0.0920
vn 0.9598 0.0645 0.2731
vn 0.8482 0.1240 0.5149
vn 0.6157 0.2083 0.7600
vn 0.6240 0.0619 0.7790
vn 0.3224 0.2580 0.9108
vn 0.3283 0.0914 0.9401
vn -0.0000 0.2738 0.9618
vn -0.0000 0.1150 0.9934
vn -0.3283 0.0914 0.9401
vn -0.0006 -0.6792 0.7340
vn -0.2512 -0.7097 0.6582
vn 0.2222 -0.7837 -0.5801
vn -0.4531 -0.7036 0.5474
vn 0.4045 -0.7902 -0.4605
vn 0.5405 -0.7898 -0.2902
vn -0.6088 -0.7110 0.3518
vn -0.8534 0.0199 0.5208
vn -0.9618 -0.0218 0.2730
vn -0.3224 0.2580 0.9108
vn -0.6157 0.2083 0.7600
vn -0.6240 0.0619 0.7790
vn -0.8483 0.1240 0.5149
vn -0.9598 0.0645 0.2731
vn 0.2520 -0.7093 0.6583
vn 0.6156 -0.7748 -0.1439
vn -0.6621 -0.7285 0.1759
vn 0.3873 -0.8944 -0.2237
vn 0.3439 -0.8807 -0.3258
vn 0.2653 -0.5108 -0.8177
vn 0.2302 -0.9109 -0.3424
vn 0.2158 -0.9530 0.2128
vn 0.3489 -0.9231 0.1615
vn 0.1501 -0.6789 0.7187
vn -0.8667 -0.1869 -0.4625
vn -0.6489 -0.2145 -0.7301
vn -0.3508 -0.3395 -0.8727
vn 0.9957 0.0415 0.0823
vn 0.9988 -0.0480 0.0081
vn 0.9995 0.0318 0.0093
vn -0.9865 -0.1632 0.0141
vn -0.9872 -0.1590 0.0082
vn -0.9848 -0.1671 -0.0485
vn -0.6489 -0.7609 0.0027
vn 0.6622 -0.7493 0.0036
vn -0.9633 -0.1787 -0.2002
vn -0.8700 -0.2231 -0.4397
vn -0.6489 -0.2956 -0.7011
vn -0.1816 -0.0908 0.9792
vn -0.1283 -0.6759 0.7257
vn -0.3033 -0.1698 0.9377
vn -0.1808 0.4122 0.8930
vn -0.2414 0.8300 0.5028
vn -0.2380 0.9712 0.0048
vn -0.1392 0.9121 -0.3857
vn 0.0460 0.7088 -0.7040
vn 0.1966 0.1480 -0.9693
vn 0.1931 -0.5814 -0.7904
vn 0.2057 -0.5480 -0.8108
vn -0.8750 0.1918 -0.4446
vn -0.5993 0.7930 -0.1092
vn -0.9669 0.1974 -0.1617
vn 0.8750 0.1943 -0.4435
vn 0.8750 0.1917 -0.4446
vn 0.6483 0.2189 -0.7292
vn 0.6506 0.1986 -0.7330
vn 0.3509 0.2287 -0.9080
vn 0.6301 0.7765 0.0029
vn 0.9781 0.2057 -0.0301
vn 0.9775 0.2109 0.0079
vn 0.9773 0.2107 -0.0235
vn 0.9765 0.2153 0.0119
vn -0.0000 -0.1089 0.9941
vn 0.3225 -0.1021 0.9411
vn 0.3287 0.0027 0.9444
vn 0.6250 0.0217 0.7803
vn 0.2427 0.7232 0.6466
vn 0.5231 0.8074 -0.2728
vn 0.3911 0.8022 -0.4511
vn -0.6025 0.7229 0.3383
vn 0.5993 0.7930 -0.1092
vn 0.9669 0.1974 -0.1617
vn 0.9680 0.2047 -0.1450
vn 0.6216 0.7830 -0.0227
vn -0.6543 0.7555 0.0323
vn -0.6579 0.7403 0.1381
vn -0.9967 0.0623 0.0529
vn -0.9749 0.0594 0.2147
vn -0.9761 -0.0409 0.2135
vn -0.8558 -0.0382 0.5159
vn -0.6121 -0.0783 0.7869
vn -0.3225 -0.1021 0.9411
vn -0.2140 0.7943 -0.5685
vn 0.4391 0.7185 0.5394
vn 0.8628 0.0488 0.5031
vn -0.9977 -0.0417 0.0527
vn -0.9979 0.0641 0.0074
vn -0.9991 -0.0426 0.0079
vn 0.2141 0.7943 -0.5685
vn -0.0000 0.2113 -0.9774
vn 0.9749 0.0594 0.2147
vn 0.6579 0.7403 0.1381
vn 0.6121 -0.0783 0.7869
vn 0.8558 -0.0382 0.5159
vn -0.9765 0.2153 0.0119
vn -0.9773 0.2107 -0.0235
vn -0.9680 0.2047 -0.1450
vn -0.8750 0.1943 -0.4435
vn -0.6483 0.2188 -0.7292
vn -0.3509 0.2287 -0.9080
vn -0.0000 0.2325 -0.9726
vn 0.3415 0.1906 -0.9203
vn -0.6448 0.7643 0.0034
vn 0.2947 -0.7835 0.5471
vn 0.1753 -0.9706 0.1647
vn -0.1294 -0.9839 0.1236
vn 0.1442 -0.9451 -0.2933
vn -0.0555 -0.9381 -0.3418
vn -0.2776 -0.9515 0.1325
vn 0.0531 -0.9358 -0.3486
vn -0.0371 -0.9785 0.2029
vn -0.3083 -0.6973 0.6471
vn 0.1735 -0.2876 0.9419
vn 0.0012 -0.7059 0.7084
vn 0.5587 -0.2355 0.7952
vn 0.4150 0.4128 0.8108
vn 0.2662 0.4940 0.8277
vn 0.1844 0.8874 0.4225
vn 0.1006 0.5484 0.8301
vn 0.2707 -0.5455 -0.7932
vn 0.9052 -0.2667 -0.3308
vn 0.9067 -0.3981 -0.1392
vn 0.9196 -0.3834 0.0858
vn 0.1801 0.8644 0.4695
vn 0.1161 0.3707 0.9215
vn -0.1045 0.8597 0.5000
vn -0.2060 0.9785 0.0017
vn -0.1312 0.9240 -0.3593
vn 0.0781 0.9526 -0.2939
vn 0.0253 0.7227 -0.6907
vn 0.1868 0.7472 -0.6378
vn 0.1716 0.1478 -0.9740
vn 0.3312 0.1643 -0.9291
vn 0.8508 0.4876 0.1958
vn 0.2043 0.9741 0.0968
vn 0.8401 0.5372 0.0753
vn 0.8533 0.5155 -0.0787
vn 0.2234 0.9617 -0.1590
vn 0.7713 0.5299 -0.3524
vn 0.1803 0.7738 -0.6072
vn 0.8209 0.0571 -0.5683
vn 0.2048 0.1765 -0.9628
vn 0.4167 0.1740 -0.8922
vn 0.3331 0.7584 -0.5602
vn 0.2192 0.9524 -0.2119
vn 0.1426 0.9888 0.0448
vn 0.0285 0.9991 0.0312
vn 0.1240 0.8991 0.4199
vn 0.8882 0.2259 0.4002
vn 0.8398 -0.0955 0.5344
vn 0.7901 -0.5186 0.3267
vn 0.8611 0.4733 -0.1858
vn 0.7531 -0.2832 0.5938
vn 0.9531 0.2948 0.0684
vn 0.8281 0.5534 0.0897
vn 0.6817 -0.2108 0.7006
vn 0.6737 0.7385 0.0284
vn 0.6014 -0.0644 0.7963
vn -0.5479 -0.7140 0.4360
vn -0.6748 -0.2166 0.7055
vn -0.6914 -0.7225 -0.0017
vn -0.8461 0.5133 0.1436
vn -0.6282 0.0145 0.7779
vn 0.2074 0.6753 0.7077
vn 0.2680 0.8002 0.5365
vn 0.4210 0.4491 0.7881
vn 0.7382 -0.2046 0.6428
vn 0.3194 0.6298 -0.7081
vn 0.3604 0.5423 -0.7590
vn 0.2078 0.7733 -0.5991
vn 0.3395 0.5230 -0.7818
vn 0.0480 0.8860 -0.4612
vn 0.1593 0.5897 -0.7917
vn -0.0000 0.9955 -0.0944
vn 0.0086 0.5311 -0.8473
vn -0.1829 0.5692 -0.8016
vn -0.0480 0.8860 -0.4612
vn -0.3375 0.5215 -0.7837
vn -0.2078 0.7733 -0.5991
vn -0.2829 0.5690 -0.7721
vn -0.2925 0.6384 -0.7119
vn -0.8334 0.5315 0.1514
vn -0.9352 0.3375 0.1077
vn -0.7390 -0.2212 0.6363
vn -0.8610 0.4734 -0.1859
vn 0.1589 0.9070 0.3900
vn 0.0347 0.9219 0.3858
vn 0.1913 0.9568 0.2187
vn 0.1019 0.6760 0.7298
vn 0.1697 0.7756 0.6080
vn 0.0479 -0.9903 -0.1306
vn -0.1935 -0.9734 0.1223
vn -0.3532 -0.8362 0.4194
vn -0.7899 0.2497 0.5601
vn -0.0009 -0.9985 -0.0554
vn -0.9158 -0.3756 0.1425
vn -0.4239 -0.9056 0.0142
vn -0.7051 -0.6320 0.3216
vn -0.2355 -0.7651 0.5993
vn -0.0000 -0.9994 0.0334
vn 0.0017 -0.8602 0.5099
vn 0.2340 -0.7646 0.6005
vn 0.2135 -0.0858 0.9732
vn 0.0271 -0.1985 0.9797
vn -0.4185 -0.9064 0.0569
vn -0.8928 0.0331 0.4492
vn -0.9401 0.2075 0.2703
vn -0.0457 -0.9984 0.0340
vn -0.1418 -0.9647 -0.2217
vn -0.0195 -0.9987 0.0469
vn -0.3824 -0.7981 -0.4656
vn -0.3551 -0.1006 -0.9294
vn -0.1045 -0.5746 -0.8118
vn -0.3689 0.8761 -0.3105
vn -0.1564 0.2844 -0.9459
vn 0.0204 0.9335 -0.3580
vn -0.0105 0.1814 -0.9834
vn 0.1221 -0.7463 -0.6543
vn 0.6416 -0.5888 0.4915
vn 0.6550 -0.4557 -0.6028
vn 0.7197 -0.1508 0.6778
vn 0.9141 0.3633 -0.1801
vn 0.4634 0.1101 -0.8793
vn 0.7163 0.6786 0.1627
vn 0.5890 0.5238 -0.6154
vn 0.2264 0.7224 -0.6534
vn 0.2780 0.8796 -0.3860
vn 0.0929 0.9172 -0.3875
vn 0.0065 0.8406 -0.5417
vn -0.1166 0.8610 -0.4950
vn -0.2577 0.8114 -0.5247
vn -0.1524 0.7294 -0.6669
vn -0.2804 0.9588 -0.0453
vn 0.4940 0.6637 -0.5617
vn -0.0688 0.9914 -0.1112
vn -0.1361 0.9833 0.1212
vn -0.0000 0.6787 0.7344
vn 0.1361 0.9833 0.1212
vn 0.0688 0.9914 -0.1112
vn -0.4939 0.6637 -0.5617
vn -0.6117 -0.4923 0.6193
vn -0.6350 0.7620 0.1272
vn -0.9089 0.2387 0.3421
vn -0.7169 -0.0264 0.6966
vn -0.1608 0.9336 0.3202
vn -0.2141 0.3409 -0.9154
vn -0.1235 0.8875 -0.4440
vn -0.0885 -0.9948 0.0507
vn 0.1031 -0.8473 -0.5210
vn -0.3520 -0.8996 0.2586
vn 0.3709 -0.8589 -0.3532
vn 0.1326 -0.9841 0.1179
vn 0.2005 -0.9339 -0.2960
vn -0.0000 -0.9777 0.2099
vn -0.0000 -0.9318 -0.3630
vn -0.1484 -0.9281 -0.3414
vn -0.0116 -0.9776 0.2102
vn 0.6689 -0.6933 -0.2682
vn 0.9182 0.0107 -0.3959
vn 0.1031 0.3092 -0.9454
vn -0.0004 0.1652 -0.9863
vn -0.0004 -0.0715 -0.9974
vn -0.6455 -0.7304 0.2232
vn -0.5150 -0.8470 -0.1320
vn -0.3155 -0.9489 -0.0038
vn -0.5384 -0.8347 -0.1156
vn 0.5150 -0.8470 -0.1320
vn -0.7023 -0.6362 0.3195
vn -0.7801 -0.6257 0.0018
vn -0.8105 -0.5827 -0.0599
vn -0.8426 -0.4709 -0.2615
vn -0.7876 -0.3753 -0.4886
vn -0.7449 -0.3391 -0.5745
vn -0.7241 0.5114 0.4627
vn -0.6231 -0.3126 -0.7170
vn -0.5951 -0.1153 -0.7954
vn -0.3393 0.2052 -0.9180
vn 0.0007 0.1933 -0.9811
vn 0.3386 0.2054 -0.9182
vn 0.4599 0.8644 -0.2033
vn 0.7302 0.6653 -0.1555
vn -0.1048 0.7907 0.6032
vn 0.6988 -0.2907 -0.6535
vn 0.6253 -0.3095 -0.7163
vn 0.5989 -0.1111 -0.7931
vn -0.4922 -0.6670 0.5593
vn -0.6945 0.4397 0.5695
vn 0.0009 0.9881 -0.1536
vn 0.5980 -0.3067 -0.7405
vn -0.0077 -0.3352 -0.9421
vn 0.5984 -0.1070 -0.7940
vn -0.0077 -0.2137 -0.9769
vn 0.0004 -0.0380 -0.9993
vn 0.3759 -0.5387 0.7540
vn 0.5586 0.3674 0.7436
vn 0.7527 -0.2136 0.6227
vn 0.9802 -0.0641 0.1875
vn 0.8917 0.4121 0.1870
vn 0.9703 -0.0496 -0.2367
vn 0.8510 0.4090 -0.3294
vn 0.5616 0.2419 -0.7913
vn 0.7303 -0.3994 -0.5542
vn 0.3305 -0.4774 -0.8142
vn -0.0169 0.0786 -0.9968
vn 0.0548 -0.7524 -0.6564
vn -0.6634 -0.0919 -0.7426
vn -0.6206 -0.1589 -0.7679
vn -0.6022 -0.2594 -0.7550
vn -0.6283 -0.2768 -0.7271
vn -0.5556 -0.2333 -0.7980
vn 0.9096 0.2657 0.3193
vn 0.8191 0.2545 0.5141
vn 0.9431 0.0018 0.3325
vn 0.8403 -0.0533 0.5395
vn 0.8431 -0.5293 -0.0954
vn 0.7123 0.0382 0.7009
vn 0.9892 0.0831 -0.1207
vn 0.4149 0.5527 0.7228
vn 0.9917 0.0418 0.1215
vn 0.9201 0.2026 -0.3353
vn 0.8985 -0.1690 -0.4052
vn -0.0595 -0.0468 0.9971
vn -0.1028 0.1244 0.9869
vn -0.7419 -0.1310 0.6575
vn 0.0266 -0.8402 0.5416
vn -0.4745 -0.8480 0.2362
vn -0.9824 -0.0261 0.1847
vn -0.4312 -0.8563 -0.2842
vn -0.9690 -0.0352 -0.2444
vn 0.6844 0.1434 0.7149
vn -0.0762 0.5168 -0.8527
vn -0.6425 0.4277 -0.6359
vn -0.6641 0.3739 -0.6474
vn -0.3892 0.8378 -0.3829
vn -0.0162 0.8323 -0.5540
vn 0.3885 0.8328 -0.3944
vn 0.6506 0.7559 -0.0734
vn 0.6232 -0.5312 0.5740
vn 0.8786 -0.4583 0.1345
vn 0.9808 -0.1527 0.1209
vn 0.8937 -0.3782 -0.2413
vn 0.9231 -0.1358 -0.3598
vn 0.5762 0.0984 -0.8114
vn 0.9208 0.1386 -0.3645
vn 0.9688 0.1839 0.1661
vn 0.7215 -0.1598 0.6738
vn -0.0737 -0.2656 0.9613
vn -0.7140 -0.1794 0.6768
vn 0.6084 0.2193 0.7627
vn 0.5104 -0.1688 0.8432
vn 0.7542 -0.0551 0.6543
vn 0.7715 -0.1155 0.6256
vn 0.4081 -0.5581 0.7225
vn 0.5905 -0.7205 0.3636
vn 0.8258 -0.1124 0.5527
vn 0.8469 -0.0498 0.5294
vn -0.4139 0.7795 0.4702
vn -0.0168 0.9852 0.1704
vn -0.0298 0.4911 -0.8706
vn -0.5830 0.5658 -0.5831
vn -0.0117 -0.3468 -0.9379
vn -0.6807 -0.2630 -0.6837
vn -0.0171 -0.5798 -0.8146
vn 0.5597 -0.5858 -0.5861
vn 0.6748 -0.3204 -0.6649
vn 0.6132 0.5061 -0.6065
vn 0.8208 0.5649 -0.0851
vn 0.9570 -0.2635 -0.1210
vn 0.8435 -0.5003 -0.1955
vn 0.5905 -0.5203 -0.6169
vn 0.0132 -0.4592 -0.8883
vn 0.5584 -0.1492 -0.8160
vn 0.5329 -0.0733 -0.8430
vn 0.1836 0.5468 -0.8169
vn 0.1256 0.5819 -0.8035
vn -0.3396 0.8991 -0.2761
vn -0.3769 0.8761 -0.3007
vn -0.6415 0.6456 0.4143
vn -0.6479 0.6098 0.4564
vn 0.4967 -0.0432 -0.8669
vn 0.0848 0.5594 -0.8246
vn -0.3923 0.8634 -0.3173
vn -0.8135 0.3008 -0.4977
vn -0.5635 -0.0926 0.8209
vn -0.5157 0.1120 0.8494
vn -0.6552 0.6765 0.3362
vn -0.7081 0.4901 -0.5084
vn -0.1143 0.4007 -0.9090
vn 0.4529 -0.0727 -0.8886
vn 0.0626 0.5372 -0.8411
vn -0.2900 0.9364 -0.1976
vn -0.4700 0.6683 0.5765
vn -0.3353 -0.0799 0.9387
vn -0.2752 0.1082 0.9553
vn -0.4732 0.7177 0.5108
vn -0.3817 0.9008 -0.2072
vn -0.0568 0.5964 -0.8006
vn -0.4809 0.8419 0.2447
vn 0.9649 -0.1087 0.2389
vn 0.8776 -0.1771 0.4455
vn 0.8911 -0.1019 0.4421
vn 0.8657 -0.0911 0.4922
vn -0.3692 0.7929 0.4848
vn -0.3360 0.7651 0.5493
vn -0.3297 0.9436 0.0289
vn -0.3130 0.9474 0.0671
vn -0.3162 0.8927 -0.3211
vn -0.3325 0.8751 -0.3516
vn -0.3067 0.7057 -0.6387
vn -0.3448 0.6628 -0.6646
vn -0.2590 0.2437 -0.9346
vn -0.3801 0.1593 -0.9111
vn 0.7888 -0.4771 0.3875
vn 0.8397 -0.5098 0.1874
vn 0.7904 -0.5076 0.3430
vn 0.8191 0.2251 0.5276
vn 0.3137 0.8174 0.4832
vn -0.5127 0.8478 0.1359
vn -0.4279 0.7908 0.4377
vn -0.7182 0.5679 0.4021
vn -0.3299 0.9168 -0.2250
vn -0.7593 0.5756 -0.3034
vn -0.2039 0.4260 -0.8815
vn 0.0420 0.5147 -0.8563
vn 0.3070 -0.1263 -0.9433
vn 0.3345 -0.1011 -0.9370
vn 0.3101 -0.2054 -0.9282
vn 0.9837 0.1124 0.1404
vn 0.9714 0.1591 -0.1763
vn 0.7322 0.6586 0.1737
vn 0.6825 0.7305 0.0215
vn 0.9515 0.2871 -0.1105
vn 0.7038 -0.6953 -0.1458
vn 0.6702 -0.7321 -0.1221
vn 0.7309 -0.6767 0.0888
vn 0.5767 -0.7336 0.3594
vn 0.8732 0.0373 0.4859
vn 0.6696 0.6267 0.3986
vn 0.0549 0.9647 0.2576
vn 0.0619 0.9786 0.1965
vn 0.9172 -0.3893 0.0847
vn 0.2076 -0.9769 -0.0505
vn 0.5095 -0.7825 -0.3579
vn 0.7138 -0.2247 -0.6633
vn 0.6453 0.4273 -0.6333
vn 0.4062 0.8465 -0.3441
vn 0.8318 -0.0112 0.5549
vn 0.8913 -0.1328 0.4336
vn 0.5781 0.2342 0.7816
vn -0.0006 0.5227 0.8525
vn -0.9028 0.3150 0.2930
vn -0.3674 0.1776 0.9129
vn -0.4977 0.7237 0.4781
vn -0.5264 -0.4362 -0.7298
vn -0.5601 -0.5383 -0.6297
vn -0.5690 -0.6570 -0.4945
vn -0.6943 0.0672 -0.7166
vn 0.0100 -0.6759 -0.7369
vn 0.0151 0.1081 -0.9940
vn 0.7242 0.1759 -0.6668
vn 0.6052 -0.6226 -0.4961
vn 0.9773 0.1270 -0.1694
vn 0.7141 -0.6954 -0.0810
vn 0.7643 -0.6440 -0.0335
vn -0.0105 -0.9999 -0.0063
vn -0.0241 -0.9987 -0.0449
vn -0.4512 -0.2515 0.8562
vn 0.3563 -0.5109 0.7823
vn -0.4506 -0.6428 0.6195
vn -0.9137 0.0591 0.4020
vn -0.6154 -0.7251 0.3092
vn -0.9844 0.1759 0.0079
vn -0.7521 -0.6590 -0.0064
vn -0.9510 0.1146 -0.2872
vn -0.6223 -0.7488 -0.2281
vn -0.5927 -0.7980 -0.1090
vn -0.9971 -0.0321 -0.0683
vn -0.6792 -0.7308 0.0680
vn -0.9904 -0.0622 0.1239
vn -0.6656 -0.7463 0.0025
vn -0.9907 -0.0789 -0.1105
vn -0.6781 0.1372 -0.7221
vn -0.9966 0.0135 -0.0811
vn -0.8395 0.1634 0.5182
vn -0.8439 0.4668 0.2646
vn 0.0082 0.8501 0.5266
vn -0.0883 0.3850 0.9187
vn 0.7783 0.3781 0.5013
vn 0.7286 0.6585 0.1884
vn 0.0681 0.9547 0.2898
vn -0.8954 -0.3931 0.2090
vn -0.6023 -0.5804 0.5480
vn -0.9049 -0.3918 0.1664
vn -0.6737 -0.4107 0.6143
vn -0.1309 -0.5066 0.8522
vn -0.1033 -0.5188 0.8486
vn 0.5490 -0.6248 0.5551
vn 0.0013 -0.9955 0.0952
vn 0.0539 -0.6982 0.7139
vn 0.4353 -0.6723 0.5987
vn 0.6148 0.0278 0.7882
vn 0.4939 0.6694 0.5550
vn 0.0568 0.7044 0.7075
vn -0.4633 0.6661 0.5845
vn 0.0709 -0.0388 0.9967
vn -0.5900 0.0458 0.8061
vn -0.6480 0.6753 0.3523
vn -0.6590 0.7451 0.1022
vn -0.6843 0.7281 0.0405
vn -0.0000 -0.9999 -0.0111
vn -0.5916 0.1601 0.7902
vn -0.8405 0.5248 0.1345
vn -0.8954 -0.1262 0.4270
vn -0.7672 -0.3986 -0.5025
vn 0.0488 -0.2715 -0.9612
vn -0.7463 -0.1190 0.6549
vn -0.9096 -0.2610 -0.3233
vn -0.2097 -0.3049 -0.9290
vn 0.7467 0.5485 0.3763
vn 0.8768 -0.2318 0.4212
vn 0.6976 0.5003 -0.5129
vn 0.1122 0.4071 -0.9064
vn -0.1018 0.5679 -0.8168
vn -0.0000 -0.2475 0.9689
vn -0.0558 0.5014 0.8634
vn -0.4243 0.6048 0.6740
vn -0.4010 0.5459 0.7357
vn -0.5298 0.7849 0.3213
vn -0.6845 0.5777 0.4446
vn -0.6127 0.7877 -0.0647
vn -0.7874 0.6123 -0.0713
vn -0.6342 -0.1045 -0.7661
vn -0.9270 -0.3597 0.1067
vn -0.8679 -0.4217 -0.2624
vn -0.8822 -0.3308 0.3351
vn -0.4617 -0.2259 0.8578
vn -0.5443 -0.1560 0.8243
vn -0.9959 -0.0654 0.0621
vn -0.0028 0.0768 0.9970
vn 0.6768 0.0053 0.7361
vn -0.0168 -0.1412 0.9898
vn 0.5742 -0.2650 0.7746
vn -0.0151 -0.2165 0.9762
vn 0.5042 -0.3260 0.7997
vn -0.0601 -0.1564 0.9859
vn 0.4786 -0.2014 0.8546
vn 0.4234 0.5163 0.7444
vn -0.0000 -0.9889 -0.1485
vn -0.3260 -0.9241 -0.1993
vn -0.3738 -0.9161 -0.1452
vn -0.6820 -0.6642 -0.3061
vn -0.6895 -0.6878 -0.2269
vn -0.0012 -0.7059 0.7084
vn 0.1294 -0.9839 0.1236
vn -0.2947 -0.7835 0.5471
vn -0.1753 -0.9706 0.1647
vn -0.2076 -0.9554 0.2103
vn -0.3370 -0.9241 -0.1802
vn -0.1442 -0.9451 -0.2933
vn 0.0555 -0.9381 -0.3418
vn -0.1931 -0.5814 -0.7904
vn -0.2057 -0.5480 -0.8108
vn -0.0531 -0.9358 -0.3486
vn -0.2653 -0.5108 -0.8177
vn -0.2302 -0.9109 -0.3424
vn 0.0371 -0.9785 0.2029
vn -0.2158 -0.9530 0.2128
vn 0.1283 -0.6759 0.7257
vn -0.1501 -0.6789 0.7187
vn 0.1816 -0.0908 0.9792
vn -0.0796 -0.0770 0.9938
vn -0.3289 -0.6746 0.6609
vn -0.2681 -0.0965 0.9585
vn -0.0685 0.4807 0.8742
vn -0.2307 0.4676 0.8533
vn -0.1001 0.8301 0.5486
vn -0.2397 0.8340 0.4970
vn -0.2613 0.9649 0.0268
vn -0.1602 0.9858 0.0500
vn -0.2626 0.8872 -0.3792
vn -0.2136 0.9028 -0.3734
vn -0.2702 0.6928 -0.6686
vn -0.2585 0.6991 -0.6667
vn -0.3122 0.2218 -0.9238
vn -0.2895 0.2085 -0.9342
vn 0.8116 -0.5750 0.1033
vn 0.1860 -0.6702 -0.7185
vn 0.2663 -0.9364 -0.2285
vn -0.0226 -0.9527 0.3031
vn -0.0985 -0.7860 0.6103
vn 0.0105 -0.2754 0.9613
vn 0.0336 0.3629 0.9312
vn 0.0161 0.7910 0.6116
vn 0.0318 0.9871 0.1571
vn 0.0831 0.9605 -0.2654
vn 0.2415 0.6208 -0.7459
vn 0.2449 -0.0851 -0.9658
vn -0.9832 -0.1701 -0.0664
vn 0.6550 -0.6658 -0.3574
vn -0.1744 -0.9570 -0.2318
vn 0.6820 -0.6642 -0.3061
vn 0.3260 -0.9241 -0.1993
vn 0.3738 -0.9161 -0.1452
vn -0.4307 -0.9008 0.0557
vn -0.5519 -0.8097 0.1997
vn -0.3545 -0.8729 0.3351
vn -0.0000 -0.9743 0.2253
vn -0.0000 -0.9173 0.3982
vn 0.8294 0.5501 -0.0969
vn 0.6895 -0.6878 -0.2269
vn 0.4307 -0.9008 0.0557
vn -0.2024 -0.9655 0.1639
vn 0.0198 -0.9113 0.4113
vn 0.5519 -0.8097 0.1997
vn -0.2551 -0.6629 0.7039
vn 0.2185 -0.7654 0.6053
vn -0.5369 -0.3464 0.7692
vn -0.5135 -0.2360 0.8250
vn -0.2257 -0.5967 -0.7701
vn -0.1753 -0.9606 -0.2156
vn -0.2277 -0.9484 0.2208
vn -0.2128 -0.8615 0.4611
vn -0.2232 -0.8516 0.4743
vn -0.5587 -0.2355 0.7952
vn -0.3065 -0.3029 0.9024
vn -0.0505 -0.2868 0.9567
vn -0.2662 0.4940 0.8277
vn -0.4150 0.4128 0.8108
vn -0.1735 -0.2876 0.9419
vn -0.1161 0.3707 0.9215
vn -0.1801 0.8644 0.4695
vn 0.1045 0.8597 0.5000
vn 0.1808 0.4122 0.8930
vn 0.2414 0.8300 0.5028
vn 0.2380 0.9712 0.0048
vn 0.0068 0.9982 0.0599
vn -0.0973 0.9212 -0.3768
vn 0.1392 0.9121 -0.3857
vn -0.1955 0.6853 -0.7016
vn -0.0460 0.7088 -0.7040
vn -0.2614 0.1692 -0.9503
vn -0.1966 0.1480 -0.9693
vn -0.4167 0.1740 -0.8922
vn -0.3312 0.1643 -0.9291
vn -0.3331 0.7584 -0.5602
vn -0.1868 0.7472 -0.6378
vn -0.2192 0.9524 -0.2119
vn -0.0781 0.9526 -0.2939
vn -0.1426 0.9888 0.0448
vn -0.0285 0.9991 0.0312
vn 0.2060 0.9785 0.0017
vn 0.1312 0.9240 -0.3593
vn -0.0253 0.7227 -0.6907
vn -0.1716 0.1478 -0.9740
vn 0.1744 -0.9570 -0.2318
vn 0.2024 -0.9655 0.1639
vn -0.0198 -0.9113 0.4113
vn 0.2551 -0.6629 0.7039
vn -0.2185 -0.7654 0.6053
vn -0.1498 -0.7653 0.6260
vn -0.0000 -0.7319 0.6814
vn 0.1498 -0.7653 0.6260
vn 0.3545 -0.8729 0.3351
vn 0.9832 -0.1701 -0.0664
vn -0.6550 -0.6658 -0.3574
vn -0.1006 0.5484 0.8301
vn -0.1844 0.8874 0.4225
vn -0.1240 0.8991 0.4199
vn -0.2043 0.9741 0.0968
vn -0.2234 0.9617 -0.1590
vn -0.1803 0.7738 -0.6072
vn -0.2048 0.1765 -0.9628
vn -0.9738 -0.1943 -0.1186
vn -0.8389 -0.1497 0.5233
vn -0.4582 -0.1246 0.8801
vn -0.6192 0.0315 0.7846
vn 0.9966 -0.0662 0.0482
vn 0.9703 0.2108 -0.1186
vn 0.9691 0.2407 0.0544
vn 0.8900 -0.4395 0.1210
vn 0.6733 -0.0923 -0.7336
vn 0.6339 0.2524 -0.7310
vn -0.0221 0.2750 -0.9612
vn -0.0133 -0.0859 -0.9962
vn 0.8611 -0.4403 0.2543
vn -0.0042 -1.0000 -0.0041
vn 0.0002 -1.0000 -0.0040
vn -0.0015 -0.9995 0.0326
vn 0.5360 -0.3539 0.7665
vn 0.5096 -0.2343 0.8279
vn 0.3947 0.0026 0.9188
vn -0.0000 0.2846 0.9587
vn -0.3947 0.0026 0.9188
vn -0.2707 -0.5455 -0.7932
vn -0.3798 -0.5708 -0.7279
vn -0.3301 -0.5559 -0.7629
vn 0.6385 0.3189 0.7005
vn 0.6118 -0.5637 0.5550
vn 0.2537 -0.9573 -0.1383
vn 0.5959 -0.7991 -0.0793
vn 0.9575 -0.2310 0.1728
vn 0.9562 0.2082 0.2060
vn 0.9605 0.2389 0.1429
vn 0.9455 0.3141 0.0853
vn 0.9548 0.2674 -0.1296
vn -0.9691 -0.2212 0.1093
vn -0.8184 -0.4177 0.3946
vn -0.2537 -0.9573 -0.1383
vn -0.0000 -0.9833 -0.1820
vn -0.2486 -0.9451 -0.2119
vn -0.0000 -0.9776 -0.2106
vn 0.2486 -0.9451 -0.2119
vn 0.7079 -0.7057 -0.0298
vn 0.9642 -0.0364 0.2627
vn 0.9398 0.2098 0.2698
vn 0.9269 0.2681 0.2625
vn 0.8665 0.4415 0.2329
vn -0.9460 -0.1865 -0.2650
vn -0.9617 -0.1898 0.1976
vn -0.7284 -0.2688 0.6303
vn 0.9190 -0.3479 0.1855
vn 0.9509 -0.1534 -0.2688
vn 0.4683 -0.0450 -0.8824
vn -0.0520 -0.1293 -0.9902
vn -0.5702 0.2220 -0.7910
vn -0.9150 -0.0155 0.4031
vn -0.6627 -0.2786 0.6952
vn -0.9181 -0.2413 0.3146
vn -0.6472 -0.4612 0.6069
vn -0.0680 -0.2747 0.9591
vn 0.0164 -0.3677 0.9298
vn 0.7063 -0.2763 0.6518
vn 0.6053 0.0505 0.7944
vn 0.9067 0.1863 0.3785
vn 0.8012 0.3932 0.4510
vn 0.0058 -0.4232 0.9060
vn -0.5810 -0.1874 0.7920
vn -0.8662 0.1235 0.4842
vn -0.9681 0.2337 -0.0906
vn 0.4116 -0.9101 0.0477
vn -0.2310 -0.9373 -0.2609
vn -0.7072 -0.5986 -0.3761
vn -0.3309 -0.8341 -0.4413
vn -0.7687 -0.3421 -0.5405
vn -0.9358 -0.3205 -0.1472
vn -0.9760 -0.1135 -0.1859
vn -0.9765 0.1953 -0.0911
vn -0.9411 -0.2865 0.1796
vn -0.9335 -0.3166 -0.1682
vn -0.9315 -0.2636 -0.2506
vn 0.2622 -0.9634 -0.0563
vn 0.0424 -0.9426 0.3311
vn -0.5454 -0.7744 0.3207
vn -0.9455 -0.3255 0.0109
vn -0.8534 -0.3771 -0.3597
vn -0.4090 -0.8666 -0.2859
vn 0.2892 -0.9298 -0.2276
vn -0.0440 -0.6024 0.7970
vn 0.0483 -0.5765 0.8156
vn -0.0792 -0.7005 0.7092
vn 0.0324 -0.8191 -0.5728
vn -0.3365 -0.9403 -0.0514
vn -0.3520 -0.6631 0.6605
vn 0.2484 -0.9593 0.1343
vn 0.3843 -0.9132 0.1358
vn 0.2738 -0.9521 0.1359
vn 0.3148 -0.7876 -0.5296
vn 0.4702 -0.6587 -0.5874
vn 0.3524 -0.7583 -0.5484
vn 0.4315 -0.7288 -0.5317
vn -0.6624 -0.5609 0.4967
vn -0.7637 -0.3590 0.5366
vn -0.5433 0.5891 0.5981
vn -0.5794 -0.4051 0.7073
vn -0.4477 0.4916 0.7469
vn -0.2760 0.4192 0.8649
vn -0.0000 0.4479 0.8941
vn 0.3954 -0.4957 0.7733
vn 0.2760 0.4192 0.8649
vn 0.4477 0.4916 0.7469
vn 0.5794 -0.4051 0.7073
vn 0.5433 0.5891 0.5981
vn 0.7637 -0.3590 0.5366
vn 0.7430 0.5984 0.2998
vn 0.9201 -0.3424 0.1900
vn 0.5654 0.7780 0.2738
vn 0.8588 0.5099 0.0488
vn 0.9284 0.3686 0.0463
vn 0.9290 0.3666 -0.0508
vn 0.9443 0.3245 0.0553
vn 0.9777 0.1775 0.1123
vn 0.9912 0.0782 -0.1067
vn -0.0000 -0.4466 0.8947
vn -0.0000 0.1994 0.9799
vn 0.0292 0.6842 0.7287
vn -0.6441 0.7162 0.2685
vn -0.7034 0.4396 0.5585
vn -0.9425 0.2928 -0.1609
vn -0.6596 0.6872 -0.3046
vn -0.6316 0.3313 -0.7009
vn -0.6433 0.0294 -0.7650
vn -0.0000 0.3476 -0.9377
vn -0.0000 0.9098 -0.4150
vn 0.6316 0.3313 -0.7009
vn 0.6596 0.6872 -0.3046
vn 0.6333 0.7156 0.2948
vn 0.0171 0.9171 0.3983
vn 0.6812 0.4806 0.5522
vn 0.9425 0.2928 -0.1609
vn 0.6433 0.0294 -0.7650
vn -0.0000 0.0683 -0.9977
vn 0.1434 0.9694 -0.1994
vn -0.0328 0.8532 0.5205
vn 0.6223 0.7799 -0.0675
vn 0.3039 0.6232 0.7206
vn -0.0170 0.0263 0.9995
vn 0.6424 0.2969 0.7065
vn 0.0192 -0.6589 0.7520
vn 0.6137 -0.5189 0.5950
vn 0.8206 -0.5626 -0.1006
vn -0.0009 -0.9880 -0.1546
vn 0.6033 -0.5422 -0.5849
vn -0.0161 -0.7461 -0.6657
vn 0.7431 -0.1381 -0.6548
vn 0.0026 -0.6363 -0.7714
vn 0.6080 0.1073 -0.7866
vn 0.2430 0.3884 -0.8889
vn 0.9512 0.3072 -0.0310
vn 0.3083 -0.6973 0.6471
vn 0.3033 -0.1698 0.9377
vn 0.1428 0.4303 0.8913
vn 0.0746 0.8145 0.5753
vn -0.2735 -0.9500 -0.1506
vn 0.2717 -0.7534 -0.5988
vn 0.5644 -0.6941 -0.4468
vn 0.6181 -0.6780 -0.3979
vn 0.2776 -0.9515 0.1325
vn -0.3489 -0.9231 0.1615
vn -0.3439 -0.8807 -0.3258
vn -0.3289 -0.4904 -0.8070
vn -0.3747 -0.5684 -0.7324
vn -0.3873 -0.8944 -0.2237
vn -0.4012 -0.9001 0.1699
vn -0.3822 -0.7195 0.5798
vn -0.3534 -0.2096 0.9117
vn -0.3403 0.4208 0.8409
vn -0.3197 0.8117 0.4888
vn -0.3061 0.9509 0.0448
vn -0.3113 0.8889 -0.3359
vn -0.3224 0.6936 -0.6441
vn -0.3612 0.1619 -0.9183
vn 0.1027 -0.3226 0.9410
vn 0.3481 0.0475 0.9363
vn 0.2575 -0.2093 0.9433
vn 0.5051 -0.0676 0.8604
vn 0.2776 0.3596 0.8909
vn 0.4293 0.5278 0.7329
vn 0.7654 0.0020 0.6436
vn 0.6470 0.4929 0.5817
vn 0.7963 0.5347 0.2829
vn 0.9549 0.0943 0.2817
vn 0.8166 0.5772 0.0061
vn 0.9782 0.1901 -0.0834
vn 0.6741 0.6991 -0.2383
vn 0.7826 0.3524 -0.5131
vn 0.3014 0.8665 -0.3980
vn 0.3381 0.3725 -0.8643
vn 0.0827 0.8866 -0.4550
vn -0.0702 0.2565 -0.9640
vn -0.0000 0.8764 -0.4816
vn -0.0000 0.2340 -0.9722
vn 0.0702 0.2565 -0.9640
vn 0.0864 -0.3456 -0.9344
vn -0.0000 -0.3491 -0.9371
vn -0.0737 -0.8253 -0.5599
vn -0.3945 -0.6379 -0.6614
vn -0.3347 -0.2225 -0.9157
vn -0.3381 0.3725 -0.8643
vn -0.7608 0.0842 -0.6436
vn -0.7594 -0.3661 -0.5378
vn -0.8889 0.4355 -0.1420
vn -0.9694 -0.0157 -0.2448
vn -0.9680 0.0627 0.2431
vn 0.1990 -0.8439 0.4981
vn 0.4110 -0.5079 0.7570
vn 0.7520 -0.1640 0.6384
vn 0.9680 0.0627 0.2431
vn 0.7905 0.5250 0.3155
vn -0.3014 0.8665 -0.3980
vn -0.7826 0.3524 -0.5131
vn -0.6741 0.6991 -0.2383
vn -0.9782 0.1901 -0.0834
vn -0.8166 0.5772 0.0061
vn -0.9549 0.0943 0.2817
vn -0.7905 0.5250 0.3155
vn -0.6330 0.3204 0.7047
vn -0.7654 0.0020 0.6436
vn -0.5051 -0.0676 0.8604
vn -0.3481 0.0475 0.9363
vn -0.2575 -0.2093 0.9433
vn -0.1027 -0.3226 0.9410
vn -0.0000 -0.2542 0.9671
vn -0.0000 -0.4215 0.9068
vn -0.1990 -0.8439 0.4981
vn -0.4110 -0.5079 0.7570
vn -0.3204 -0.9414 0.1053
vn 0.6330 0.3204 0.7047
vn 0.3945 -0.6379 -0.6614
vn 0.0737 -0.8253 -0.5599
vn -0.0864 -0.3456 -0.9344
vn -0.0827 0.8866 -0.4550
vn -0.7520 -0.1639 0.6384
vn -0.7963 0.5347 0.2829
vn -0.6470 0.4929 0.5817
vn -0.4293 0.5278 0.7329
vn -0.2776 0.3596 0.8909
vn -0.0000 0.3464 0.9381
vn 0.1836 0.7520 0.6331
vn 0.1230 0.5328 0.8372
vn 0.0102 0.6641 0.7476
vn 0.2895 0.8022 0.5221
vn 0.4057 0.8259 0.3915
vn 0.3490 0.8892 0.2958
vn 0.1758 0.9663 0.1882
vn 0.0456 0.9863 0.1585
vn 0.2505 0.6312 0.7340
vn -0.0700 0.9792 0.1905
vn 0.1437 0.7634 0.6297
vn -0.2062 0.9356 0.2867
vn 0.1517 0.8222 0.5486
vn -0.0000 0.9848 -0.1740
vn 0.3118 0.9125 -0.2649
vn -0.0000 0.9573 -0.2890
vn 0.2217 0.7640 -0.6059
vn -0.0000 0.7496 -0.6619
vn -0.2217 0.7640 -0.6059
vn -0.3118 0.9125 -0.2649
vn -0.2850 0.9420 -0.1770
vn -0.2950 0.9258 0.2364
vn -0.0000 0.9646 0.2637
vn 0.6221 0.1835 -0.7611
vn 0.2066 0.3992 -0.8933
vn 0.5512 0.4453 -0.7056
vn -0.0000 0.3735 -0.9276
vn -0.0886 -0.9959 0.0188
vn -0.1508 -0.7969 0.5850
vn -0.0684 -0.0977 0.9929
vn 0.6552 0.0712 -0.7521
vn 0.2342 0.1345 -0.9628
vn -0.0000 0.1261 -0.9920
vn -0.2066 0.3992 -0.8933
vn -0.5512 0.4453 -0.7056
vn -0.5051 0.7548 -0.4185
vn -0.9193 0.3481 0.1835
vn -0.6311 0.6625 0.4034
vn -0.6227 0.6342 0.4583
vn -0.3440 0.8537 0.3909
vn -0.3255 0.7759 0.5404
vn -0.0000 0.9149 0.4038
vn -0.0000 0.8062 0.5916
vn 0.3255 0.7759 0.5404
vn 0.3440 0.8537 0.3909
vn 0.6227 0.6342 0.4583
vn 0.6311 0.6625 0.4034
vn 0.9193 0.3481 0.1835
vn 0.8139 0.5537 0.1758
vn 0.7608 0.0842 -0.6436
vn 0.3347 -0.2225 -0.9157
vn 0.7594 -0.3661 -0.5378
vn 0.9694 -0.0157 -0.2448
vn -0.2172 -0.8852 -0.4114
vn -0.6071 -0.6936 -0.3876
vn -0.2778 -0.5164 -0.8100
vn -0.7238 -0.3558 -0.5912
vn -0.7694 -0.6265 0.1243
vn -0.9502 -0.2885 -0.1183
vn -0.7944 -0.5674 0.2169
vn -0.9992 -0.0404 0.0074
vn -0.8139 0.5537 0.1758
vn -0.5746 0.7002 0.4238
vn -0.3030 0.7788 0.5492
vn -0.0000 0.7982 0.6024
vn 0.3030 0.7788 0.5492
vn 0.2950 0.9258 0.2364
vn 0.5443 0.8226 0.1642
vn 0.2850 0.9420 -0.1770
vn 0.5305 0.8360 -0.1403
vn 0.5746 0.7002 0.4238
vn 0.7400 0.6654 0.0980
vn 0.3365 -0.9403 -0.0514
vn 0.3526 -0.6806 0.6422
vn 0.9096 -0.2610 -0.3233
vn 0.1972 -0.3127 -0.9292
vn -0.0568 -0.7947 -0.6044
vn -0.3382 -0.7544 -0.5625
vn 0.3660 -0.9296 -0.0432
vn -0.0554 -0.8270 0.5595
vn -0.2423 -0.9581 -0.1528
vn -0.3288 -0.7365 0.5912
vn -0.3785 -0.9177 -0.1207
vn -0.0940 -0.5516 -0.8288
vn -0.0122 -0.5745 -0.8184
vn 0.3340 -0.6653 -0.6677
vn 0.6824 -0.1935 -0.7049
vn 0.9032 -0.4082 0.1330
vn 0.2964 -0.4212 0.8572
vn -0.2058 -0.1488 0.9672
vn -0.2077 0.0199 0.9780
vn -0.4183 -0.6034 0.6789
vn -0.2484 -0.0967 0.9638
vn -0.3421 -0.7579 0.5555
vn -0.2531 -0.9556 -0.1507
vn 0.0507 -0.6759 -0.7352
vn 0.2562 -0.9661 -0.0316
vn 0.9941 -0.0278 0.1045
vn 0.0634 -0.1615 0.9848
vn -0.3026 -0.6335 0.7121
vn -0.0458 -0.0267 0.9986
vn -0.3014 -0.6020 0.7394
vn 0.0401 -0.0541 0.9977
vn 0.5283 -0.3416 0.7773
vn -0.0060 -0.7204 0.6936
vn -0.4175 -0.9082 0.0292
vn 0.2730 -0.9620 -0.0082
vn -0.0598 -0.7593 -0.6480
vn -0.3584 -0.5956 -0.7189
vn -0.0007 0.0223 -0.9998
vn 0.5122 -0.3490 -0.7848
vn 0.8760 -0.4808 0.0367
vn -0.5305 0.8360 -0.1403
vn -0.5400 0.8180 -0.1980
vn -0.7975 0.4855 -0.3581
vn -0.6221 0.1835 -0.7611
vn -0.2342 0.1345 -0.9628
vn -0.0000 0.0075 -1.0000
vn 0.2562 0.0072 -0.9666
vn 0.7238 -0.3558 -0.5912
vn 0.9502 -0.2885 -0.1183
vn 0.7694 -0.6265 0.1243
vn 0.7944 -0.5674 0.2169
vn 0.9992 -0.0404 0.0074
vn 0.9027 0.4173 -0.1044
vn 0.7670 0.6277 -0.1329
vn 0.7975 0.4855 -0.3581
vn 0.5051 0.7548 -0.4185
vn 0.5400 0.8180 -0.1980
vn 0.9084 0.2082 -0.3626
vn -0.5443 0.8226 0.1642
vn -0.7400 0.6654 0.0980
vn -0.9027 0.4173 -0.1044
vn -0.9084 0.2082 -0.3626
vn -0.6552 0.0712 -0.7521
vn -0.2562 0.0072 -0.9666
vn -0.0000 -0.5556 -0.8315
vn -0.0000 -0.9086 -0.4176
vn 0.2172 -0.8852 -0.4114
vn 0.2778 -0.5164 -0.8100
vn 0.6071 -0.6936 -0.3876
vn -0.7670 0.6277 -0.1329
vn 0.8889 0.4355 -0.1420
vn -0.1275 -0.9648 -0.2300
vn -0.0000 -0.9806 -0.1960
vn -0.0000 -0.7673 -0.6413
vn 0.1275 -0.9648 -0.2300
vn 0.3204 -0.9414 0.1053
vn -0.0000 -0.8632 0.5049
vn -0.0000 -0.9954 0.0960
vn -0.0213 0.0804 -0.9965
vn -0.2963 -0.5856 -0.7545
vn -0.4397 -0.8982 0.0002
vn 0.2373 0.1096 -0.9652
vn 0.1873 0.1195 -0.9750
vn 0.2830 -0.0501 -0.9578
vn -0.2439 0.9689 0.0420
vn -0.0838 0.9956 0.0421
vn -0.0815 0.9966 0.0104
vn -0.0000 1.0000 0.0042
vn -0.0982 0.9722 -0.2126
vn -0.0000 0.9675 -0.2528
vn -0.2036 0.8296 -0.5199
vn -0.0000 0.8131 -0.5821
vn -0.3240 0.5949 -0.7356
vn -0.0000 0.5889 -0.8082
vn -0.4209 0.3299 -0.8450
vn -0.0000 0.3279 -0.9447
vn -0.4186 0.1012 -0.9025
vn -0.0004 0.1498 -0.9887
vn -0.5382 -0.4678 0.7011
vn -0.0167 -0.0812 0.9966
vn -0.2820 -0.7476 0.6013
vn -0.0576 0.0266 0.9980
vn -0.1317 -0.8169 0.5615
vn -0.1771 0.0474 0.9830
vn -0.0266 -0.8318 0.5544
vn -0.3036 0.0331 0.9522
vn 0.0960 -0.8033 0.5878
vn 0.2749 -0.6792 0.6805
vn -0.3397 -0.0260 0.9402
vn 0.5020 0.2231 0.8356
vn 0.0255 0.4012 0.9156
vn -0.4051 -0.0861 0.9102
vn -0.6636 0.3878 0.6397
vn -0.7848 0.2956 0.5447
vn -0.8296 0.4209 0.3670
vn -0.4967 -0.0929 0.8629
vn -0.8725 0.3909 0.2932
vn -0.5952 0.7894 0.1505
vn -0.1437 0.7634 0.6297
vn -0.2505 0.6312 0.7340
vn -0.1230 0.5328 0.8372
vn -0.0102 0.6641 0.7476
vn -0.1697 0.7756 0.6080
vn -0.4611 0.8174 0.3454
vn -0.9758 0.1037 0.1926
vn -0.8962 0.1858 0.4029
vn -0.6364 0.7106 0.3001
vn -0.6593 0.7252 0.1985
vn -0.3873 0.9040 0.1812
vn -0.0000 0.9992 0.0393
vn 0.0838 0.9956 0.0421
vn -0.8718 0.2654 0.4118
vn -0.0000 0.9979 0.0641
vn 0.3873 0.9040 0.1812
vn 0.6364 0.7106 0.3001
vn 0.9758 0.1037 0.1926
vn 0.8962 0.1858 0.4029
vn 0.6593 0.7252 0.1985
vn 0.4310 0.9022 -0.0191
vn -0.0000 0.9805 -0.1967
vn -0.4310 0.9022 -0.0191
vn -0.3646 0.8771 -0.3128
vn -0.5309 0.8230 -0.2022
vn -0.2541 0.7740 -0.5800
vn -0.8617 0.4994 0.0897
vn -0.7782 0.5987 -0.1898
vn -0.7338 0.6614 -0.1551
vn -0.5257 0.8430 -0.1141
vn -0.1673 0.7539 -0.6353
vn -0.0000 0.7268 -0.6868
vn -0.0000 0.9290 -0.3701
vn 0.1673 0.7539 -0.6353
vn 0.3646 0.8771 -0.3128
vn 0.2244 0.7669 -0.6012
vn 0.5309 0.8230 -0.2022
vn 0.3584 -0.5956 -0.7189
vn 0.2963 -0.5856 -0.7545
vn 0.4397 -0.8982 0.0002
vn 0.3026 -0.6335 0.7121
vn 0.3214 -0.6025 0.7305
vn 0.5257 0.8430 -0.1141
vn 0.7275 0.6686 -0.1541
vn 0.8623 0.4985 0.0889
vn 0.8718 0.2654 0.4118
vn -0.7078 0.1836 -0.6822
vn -0.7121 0.3227 -0.6235
vn -0.6154 0.6067 -0.5032
vn -0.4652 0.8268 -0.3162
vn -0.2442 0.9653 -0.0921
vn -0.2299 0.9723 0.0410
vn -0.5217 0.8512 0.0571
vn -0.7840 0.6080 0.1255
vn 0.2062 0.9356 0.2867
vn 0.0700 0.9792 0.1905
vn -0.0456 0.9863 0.1585
vn -0.1758 0.9663 0.1882
vn -0.3490 0.8892 0.2958
vn -0.2895 0.8022 0.5221
vn -0.4057 0.8259 0.3915
vn -0.1520 0.6248 0.7658
vn -0.3979 0.9076 0.1342
vn -0.0829 0.4980 0.8632
vn -0.3956 0.8942 0.2095
vn -0.4138 0.7138 -0.5650
vn -0.7271 0.4584 -0.5110
vn -0.8729 0.4199 0.2483
vn -0.3938 0.3233 0.8604
vn -0.0355 0.5783 0.8150
vn 0.0355 0.5783 0.8150
vn 0.1520 0.6248 0.7658
vn 0.3590 0.9206 0.1537
vn 0.3979 0.9076 0.1342
vn 0.4033 0.6835 -0.6084
vn 0.4465 0.6393 -0.6261
vn 0.2956 0.6464 -0.7034
vn 0.4591 0.8882 0.0166
vn 0.3247 0.6040 -0.7278
vn 0.4833 0.8754 0.0088
vn 0.3417 0.5733 0.7447
vn 0.5908 0.3336 0.7346
vn 0.9319 0.3620 0.0212
vn 0.6170 0.3391 -0.7101
vn -0.2141 -0.9735 -0.0805
vn 0.2568 -0.9380 0.2329
vn -0.4939 -0.6920 0.5266
vn -0.2483 -0.6026 0.7585
vn -0.1144 -0.5482 0.8285
vn -0.1306 -0.8050 0.5787
vn 0.4056 -0.8657 0.2933
vn 0.2472 -0.9493 0.1940
vn 0.0892 -0.9950 0.0460
vn 0.5864 -0.7225 -0.3661
vn -0.3255 -0.9367 0.1291
vn -0.0521 -0.9842 0.1690
vn 0.2039 0.4260 -0.8815
vn 0.3322 0.9164 -0.2233
vn 0.7589 0.5768 -0.3021
vn 0.4990 0.7238 0.4766
vn 0.7165 0.5718 0.3996
vn 0.4732 0.7177 0.5108
vn 0.4700 0.6683 0.5765
vn 0.2900 0.9364 -0.1976
vn -0.0626 0.5372 -0.8411
vn -0.4257 0.6488 -0.6307
vn 0.4345 0.7150 -0.5476
vn 0.3956 0.8942 0.2095
vn 0.0829 0.4980 0.8632
vn 0.8626 0.5059 -0.0056
vn 0.2030 0.5704 -0.7959
vn 0.3803 0.9248 -0.0113
vn 0.2882 0.6055 0.7418
vn 0.2840 0.5825 0.7616
vn -0.8165 0.5736 0.0656
vn -0.8985 0.4382 0.0279
vn -0.8788 0.4345 0.1975
vn -0.3590 0.9206 0.1537
vn -0.4465 0.6393 -0.6261
vn -0.0000 0.9919 -0.1270
vn 0.8985 0.4382 0.0279
vn 0.8788 0.4345 0.1975
vn 0.8165 0.5736 0.0656
vn 0.7516 0.6591 -0.0251
vn 0.7562 0.5382 0.3722
vn 0.5218 0.8516 0.0499
vn 0.5216 0.6635 -0.5364
vn 0.6154 0.6067 -0.5032
vn 0.4652 0.8268 -0.3162
vn 0.2036 0.8296 -0.5199
vn 0.0982 0.9722 -0.2126
vn 0.2442 0.9653 -0.0921
vn 0.0815 0.9966 0.0104
vn 0.2299 0.9723 0.0410
vn 0.2439 0.9689 0.0420
vn 0.3240 0.5949 -0.7356
vn 0.4209 0.3299 -0.8450
vn 0.4186 0.1012 -0.9025
vn -0.9017 0.2630 -0.3431
vn -0.9603 0.2571 0.1078
vn 0.3938 0.3233 0.8604
vn 0.8729 0.4199 0.2483
vn 0.7271 0.4584 -0.5110
vn -0.5360 0.8442 -0.0001
vn -0.7516 0.6591 -0.0251
vn -0.7562 0.5382 0.3722
vn -0.9012 0.0887 0.4242
vn -0.5219 0.8516 0.0499
vn -0.5216 0.6635 -0.5364
vn -0.7637 0.2921 -0.5757
vn -0.9002 0.2437 -0.3608
vn -0.9895 0.1175 0.0840
vn 0.9603 0.2571 0.1078
vn 0.9895 0.1175 0.0840
vn 0.9017 0.2630 -0.3431
vn 0.9002 0.2437 -0.3608
vn 0.7078 0.1836 -0.6822
vn 0.7121 0.3227 -0.6235
vn 0.7637 0.2921 -0.5757
vn 0.9012 0.0887 0.4242
vn 0.7840 0.6080 0.1255
vn 0.5217 0.8512 0.0571
vn 0.5360 0.8442 -0.0001
vn 0.4175 -0.9082 0.0292
vn 0.0015 -0.7528 0.6582
vn -0.2730 -0.9620 -0.0082
vn 0.0598 -0.7593 -0.6480
vt 0.783328 0.123114
vt 0.784888 0.160073
vt 0.802642 0.171614
vt 0.800725 0.160656
vt 0.821275 0.157937
vt 0.806582 0.149809
vt 0.814211 0.137187
vt 0.792865 0.137097
vt 0.803052 0.124911
vt 0.772395 0.070533
vt 0.778542 0.033787
vt 0.783213 0.063492
vt 0.796533 0.058515
vt 0.801078 0.030001
vt 0.788241 0.031144
vt 0.788241 0.031144
vt 0.783213 0.063492
vt 0.715546 0.020889
vt 0.706207 0.062124
vt 0.738742 0.042075
vt 0.695079 0.109430
vt 0.725287 0.113188
vt 0.714382 0.183348
vt 0.726701 0.220365
vt 0.750093 0.218920
vt 0.763110 0.253883
vt 0.776666 0.286523
vt 0.756112 0.295275
vt 0.741304 0.258491
vt 0.716041 0.265061
vt 0.686789 0.185764
vt 0.672978 0.188149
vt 0.688547 0.226426
vt 0.701499 0.224990
vt 0.704186 0.268719
vt 0.720698 0.311090
vt 0.731564 0.306282
vt 0.716041 0.265061
vt 0.726701 0.220365
vt 0.701499 0.224990
vt 0.686789 0.185764
vt 0.672978 0.188149
vt 0.688547 0.226426
vt 0.704186 0.268719
vt 0.775834 0.136645
vt 0.769203 0.142304
vt 0.883473 0.481222
vt 0.907724 0.466240
vt 0.887406 0.455100
vt 0.870748 0.440679
vt 0.877296 0.430452
vt 0.791429 0.337084
vt 0.824929 0.370223
vt 0.847343 0.387493
vt 0.903930 0.298758
vt 0.872439 0.325855
vt 0.837279 0.329957
vt 0.808303 0.355951
vt 0.870534 0.401539
vt 0.896794 0.379312
vt 0.895525 0.347237
vt 0.931540 0.318633
vt 0.950047 0.312327
vt 0.941419 0.297807
vt 0.923715 0.314771
vt 0.931407 0.288171
vt 0.907490 0.281659
vt 0.898087 0.293319
vt 0.891834 0.273248
vt 0.888636 0.268659
vt 0.993168 0.278064
vt 0.892653 0.264180
vt 0.989312 0.266127
vt 0.901411 0.258224
vt 0.895306 0.255772
vt 0.985053 0.252694
vt 0.898510 0.238440
vt 0.986568 0.233090
vt 0.903361 0.239205
vt 0.900701 0.222671
vt 0.986539 0.219157
vt 0.912668 0.228534
vt 0.913368 0.243188
vt 0.911914 0.265091
vt 0.922156 0.268336
vt 0.936116 0.267489
vt 0.946715 0.232592
vt 0.952458 0.262202
vt 0.974493 0.255198
vt 0.980700 0.281484
vt 0.883057 0.272695
vt 0.993183 0.292665
vt 0.979111 0.320284
vt 0.909747 0.303473
vt 0.916878 0.309459
vt 0.883004 0.335987
vt 0.867137 0.356909
vt 0.883982 0.370641
vt 0.835479 0.408653
vt 0.860485 0.426166
vt 0.853877 0.435971
vt 0.879176 0.424546
vt 0.896484 0.434159
vt 0.890036 0.444859
vt 0.916310 0.436022
vt 0.910006 0.447191
vt 0.945338 0.432478
vt 0.896465 0.266857
vt 0.916267 0.287122
vt 0.947027 0.306388
vt 0.966736 0.300664
vt 0.968900 0.309414
vt 0.852466 0.294909
vt 0.952259 0.357822
vt 0.938762 0.319768
vt 0.907345 0.355397
vt 0.862431 0.420489
vt 0.931843 0.216918
vt 0.940266 0.205232
vt 0.947681 0.218868
vt 0.165017 0.623777
vt 0.164887 0.626034
vt 0.059995 0.584170
vt 0.137768 0.645538
vt 0.136872 0.636915
vt 0.141737 0.640555
vt 0.146686 0.633420
vt 0.146214 0.643922
vt 0.142923 0.647460
vt 0.133705 0.650375
vt 0.036561 0.561794
vt 0.134268 0.641063
vt 0.144422 0.620408
vt 0.043917 0.586654
vt 0.149963 0.610843
vt 0.047835 0.593017
vt 0.148898 0.621364
vt 0.153745 0.613943
vt 0.158061 0.618638
vt 0.154263 0.602605
vt 0.047961 0.600766
vt 0.044897 0.611664
vt 0.156102 0.591101
vt 0.162226 0.586250
vt 0.163209 0.594149
vt 0.167975 0.573863
vt 0.048322 0.638264
vt 0.165394 0.568190
vt 0.140764 0.630264
vt 0.153977 0.624134
vt 0.159588 0.632134
vt 0.056564 0.577955
vt 0.157849 0.628263
vt 0.150744 0.637871
vt 0.206536 0.563120
vt 0.198673 0.585622
vt 0.197754 0.597743
vt 0.185305 0.582974
vt 0.183802 0.596219
vt 0.183176 0.612928
vt 0.190606 0.612667
vt 0.197400 0.611844
vt 0.203467 0.610638
vt 0.206996 0.597363
vt 0.207972 0.586862
vt 0.730492 0.405246
vt 0.750445 0.426742
vt 0.738606 0.442289
vt 0.697812 0.446011
vt 0.723237 0.467748
vt 0.707542 0.487185
vt 0.731501 0.508726
vt 0.813904 0.514525
vt 0.835131 0.551255
vt 0.895027 0.586041
vt 0.934915 0.531105
vt 0.966005 0.505793
vt 0.701113 0.399327
vt 0.965929 0.463559
vt 0.728428 0.352202
vt 0.943810 0.437303
vt 0.937738 0.449110
vt 0.929159 0.198357
vt 0.958974 0.194447
vt 0.938419 0.195985
vt 0.951879 0.196582
vt 0.937351 0.198185
vt 0.936102 0.202397
vt 0.946218 0.201786
vt 0.949259 0.218157
vt 0.949473 0.231893
vt 0.951322 0.231372
vt 0.944261 0.320917
vt 0.894449 0.287760
vt 0.828416 0.316741
vt 0.852956 0.344739
vt 0.860019 0.312320
vt 0.900290 0.281686
vt 0.950844 0.317100
vt 0.895344 0.282519
vt 0.809869 0.390816
vt 0.788028 0.379816
vt 0.781788 0.387529
vt 0.791769 0.374321
vt 0.768755 0.359079
vt 0.762805 0.366158
vt 0.772838 0.353831
vt 0.914890 0.205005
vt 0.974798 0.205451
vt 0.904688 0.224745
vt 0.916246 0.208225
vt 0.930088 0.199441
vt 0.919918 0.212741
vt 0.931424 0.202098
vt 0.944041 0.203280
vt 0.928589 0.232076
vt 0.926965 0.246031
vt 0.967821 0.449942
vt 0.745746 0.331228
vt 0.973613 0.437455
vt 0.740212 0.337517
vt 0.751528 0.325920
vt 0.974904 0.429059
vt 0.944492 0.416888
vt 0.918424 0.416561
vt 0.917781 0.431156
vt 0.897998 0.428139
vt 0.901206 0.412644
vt 0.920965 0.386508
vt 0.922490 0.360372
vt 0.938642 0.360196
vt 0.885526 0.277639
vt 0.967321 0.318644
vt 0.984581 0.298655
vt 0.977528 0.307796
vt 0.974289 0.296825
vt 0.977565 0.268879
vt 0.967907 0.284087
vt 0.963273 0.272441
vt 0.960277 0.288717
vt 0.953367 0.275839
vt 0.943195 0.244812
vt 0.714459 0.544007
vt 0.739232 0.591281
vt 0.673025 0.639892
vt 0.773530 0.617554
vt 0.663859 0.661879
vt 0.785135 0.595329
vt 0.813476 0.633238
vt 0.649761 0.674518
vt 0.859484 0.609724
vt 0.894391 0.614527
vt 0.935133 0.610117
vt 0.977548 0.613215
vt 0.607458 0.481580
vt 0.587694 0.619436
vt 0.934489 0.585057
vt 0.975555 0.575191
vt 0.635641 0.448745
vt 0.934747 0.560507
vt 0.688359 0.511210
vt 0.748241 0.574466
vt 0.761124 0.550106
vt 0.799581 0.567632
vt 0.822482 0.605228
vt 0.724487 0.525550
vt 0.768193 0.531817
vt 0.807649 0.547292
vt 0.830096 0.578203
vt 0.697684 0.500131
vt 0.664269 0.471540
vt 0.654865 0.482388
vt 0.976837 0.595240
vt 0.620165 0.465681
vt 0.974108 0.555968
vt 0.652562 0.434368
vt 0.676904 0.459933
vt 0.972019 0.530721
vt 0.678288 0.419310
vt 0.718396 0.423050
vt 0.962131 0.491661
vt 0.712373 0.384733
vt 0.965302 0.475867
vt 0.721331 0.365334
vt 0.871033 0.522852
vt 0.868445 0.556354
vt 0.898944 0.526288
vt 0.907724 0.466240
vt 0.866603 0.451932
vt 0.861930 0.461885
vt 0.845437 0.448336
vt 0.837667 0.458624
vt 0.807852 0.451220
vt 0.783382 0.432170
vt 0.826416 0.473337
vt 0.852010 0.495633
vt 0.855551 0.478245
vt 0.883473 0.481222
vt 0.880185 0.498777
vt 0.841580 0.518806
vt 0.777737 0.503382
vt 0.789160 0.478840
vt 0.746173 0.487124
vt 0.759696 0.464532
vt 0.884731 0.464734
vt 0.908196 0.483051
vt 0.935863 0.488268
vt 0.909079 0.501449
vt 0.935731 0.506147
vt 0.896880 0.558867
vt 0.863583 0.582635
vt 0.817123 0.492437
vt 0.798315 0.465483
vt 0.772000 0.447943
vt 0.762449 0.411902
vt 0.742850 0.390086
vt 0.751162 0.379012
vt 0.939330 0.148097
vt 0.926626 0.147980
vt 0.939209 0.143343
vt 0.926630 0.143276
vt 0.926628 0.129272
vt 0.908621 0.092967
vt 0.907764 0.086116
vt 0.905405 0.093089
vt 0.900818 0.086979
vt 0.903125 0.075310
vt 0.907246 0.113048
vt 0.908073 0.122098
vt 0.912161 0.113014
vt 0.913012 0.121787
vt 0.908224 0.132716
vt 0.905896 0.141472
vt 0.952348 0.178800
vt 0.939273 0.162497
vt 0.939233 0.178798
vt 0.926629 0.162470
vt 0.926628 0.178795
vt 0.820916 0.301252
vt 0.960892 0.379953
vt 0.941454 0.385463
vt 0.775301 0.311699
vt 0.973263 0.409753
vt 0.884585 0.407797
vt 0.908465 0.383516
vt 0.220493 0.550174
vt 0.111632 0.648389
vt 0.409134 0.930533
vt 0.489561 0.858596
vt 0.210413 0.563988
vt 0.100040 0.635821
vt 0.201930 0.561880
vt 0.954234 0.242594
vt 0.961328 0.211460
vt 0.967071 0.225816
vt 0.970721 0.238146
vt 0.959754 0.258557
vt 0.951490 0.243340
vt 0.944778 0.219130
vt 0.177338 0.551056
vt 0.064058 0.644268
vt 0.173606 0.557123
vt 0.062912 0.641175
vt 0.183061 0.553458
vt 0.178372 0.561268
vt 0.188259 0.556161
vt 0.194991 0.559285
vt 0.192499 0.567712
vt 0.200382 0.569841
vt 0.206617 0.571409
vt 0.185242 0.565570
vt 0.179941 0.582095
vt 0.982988 0.162574
vt 0.973737 0.162577
vt 0.983011 0.148419
vt 0.962735 0.162576
vt 0.905625 0.074972
vt 0.908124 0.075334
vt 0.905501 0.085955
vt 0.909784 0.075545
vt 0.910909 0.066515
vt 0.905501 0.085955
vt 0.884072 0.090935
vt 0.886665 0.094591
vt 0.888194 0.096726
vt 0.899420 0.092765
vt 0.905873 0.101297
vt 0.907246 0.113048
vt 0.910590 0.101139
vt 0.899580 0.111437
vt 0.905873 0.101297
vt 0.905405 0.093089
vt 0.899420 0.092765
vt 0.908124 0.075334
vt 0.889482 0.095376
vt 0.890753 0.093721
vt 0.887695 0.089452
vt 0.893275 0.086801
vt 0.896983 0.075131
vt 0.893967 0.077702
vt 0.888348 0.082764
vt 0.890902 0.077901
vt 0.892156 0.085209
vt 0.888429 0.084210
vt 0.890718 0.083210
vt 0.892130 0.073471
vt 0.901317 0.074470
vt 0.908228 0.066141
vt 0.909698 0.066958
vt 0.910909 0.066515
vt 0.909698 0.066958
vt 0.905625 0.074972
vt 0.900818 0.086979
vt 0.895486 0.088085
vt 0.890753 0.093721
vt 0.884072 0.090935
vt 0.885635 0.099731
vt 0.871329 0.092598
vt 0.876914 0.108655
vt 0.851253 0.136510
vt 0.839623 0.151500
vt 0.869694 0.087805
vt 0.886665 0.094591
vt 0.050872 0.284823
vt 0.052454 0.300236
vt 0.045173 0.281819
vt 0.041371 0.281010
vt 0.044692 0.298927
vt 0.039104 0.299878
vt 0.034501 0.320578
vt 0.048417 0.319376
vt 0.070244 0.319046
vt 0.884795 0.040462
vt 0.886541 0.042968
vt 0.884795 0.040462
vt 0.887999 0.040441
vt 0.892173 0.040853
vt 0.887999 0.040441
vt 0.884061 0.040684
vt 0.883706 0.034758
vt 0.880502 0.041121
vt 0.876040 0.042306
vt 0.883436 0.048213
vt 0.882416 0.043446
vt 0.880502 0.041121
vt 0.879392 0.046605
vt 0.881976 0.019824
vt 0.881007 0.013377
vt 0.875535 0.013205
vt 0.881976 0.019824
vt 0.881007 0.013377
vt 0.884490 0.019657
vt 0.883928 0.012475
vt 0.889187 0.011457
vt 0.883928 0.012475
vt 0.884619 0.034750
vt 0.884507 0.028363
vt 0.884490 0.019657
vt 0.891911 0.027374
vt 0.890495 0.018582
vt 0.884507 0.028363
vt 0.882807 0.028377
vt 0.455904 0.898974
vt 0.464991 0.898777
vt 0.455859 0.912066
vt 0.455821 0.925813
vt 0.464901 0.925471
vt 0.500525 0.925528
vt 0.500525 0.911934
vt 0.464946 0.911921
vt 0.464984 0.885582
vt 0.455889 0.886626
vt 0.464826 0.900064
vt 0.455761 0.900249
vt 0.456648 0.913785
vt 0.455701 0.927907
vt 0.455754 0.949203
vt 0.464773 0.927597
vt 0.500406 0.948491
vt 0.500368 0.927672
vt 0.465818 0.913782
vt 0.540374 0.898646
vt 0.541193 0.911791
vt 0.541276 0.925064
vt 0.541193 0.939097
vt 0.541193 0.950652
vt 0.500489 0.950991
vt 0.500406 0.963151
vt 0.464984 0.951611
vt 0.455980 0.963744
vt 0.464826 0.949273
vt 0.874763 0.028027
vt 0.875501 0.019483
vt 0.874579 0.035403
vt 0.882807 0.028377
vt 0.883706 0.034758
vt 0.884957 0.042337
vt 0.886541 0.042968
vt 0.885004 0.044021
vt 0.889812 0.045502
vt 0.886259 0.047893
vt 0.885004 0.044021
vt 0.884145 0.044115
vt 0.884957 0.042337
vt 0.883982 0.042460
vt 0.884061 0.040684
vt 0.883982 0.042460
vt 0.884145 0.044115
vt 0.882416 0.043446
vt 0.187420 0.246022
vt 0.862273 0.065372
vt 0.987481 0.024083
vt 0.859896 0.061260
vt 0.866631 0.051000
vt 0.858119 0.059150
vt 0.859896 0.061260
vt 0.868845 0.055162
vt 0.993620 0.012135
vt 0.092452 0.566306
vt 0.960588 0.078524
vt 0.870613 0.078668
vt 0.856375 0.087121
vt 0.855844 0.095231
vt 0.970263 0.043771
vt 0.964671 0.048115
vt 0.866185 0.083895
vt 0.880961 0.082630
vt 0.876213 0.075666
vt 0.887852 0.074303
vt 0.888307 0.075390
vt 0.865277 0.083049
vt 0.960818 0.067882
vt 0.866185 0.083895
vt 0.140058 0.218458
vt 0.089892 0.180639
vt 0.073476 0.217282
vt 0.874196 0.742797
vt 0.050699 0.159809
vt 0.120822 0.253071
vt 0.103895 0.288337
vt 0.661486 0.158534
vt 0.712019 0.772938
vt 0.606641 0.436630
vt 0.773014 0.831322
vt 0.768354 0.756702
vt 0.578758 0.466989
vt 0.654111 0.018761
vt 0.388136 0.223896
vt 0.382648 0.194370
vt 0.874196 0.742797
vt 0.530691 0.161653
vt 0.551663 0.195822
vt 0.842149 0.726264
vt 0.518445 0.255918
vt 0.655079 0.114690
vt 0.459851 0.254376
vt 0.191716 0.479413
vt 0.204282 0.525123
vt 0.554365 0.871640
vt 0.204029 0.484343
vt 0.209763 0.484672
vt 0.223884 0.460526
vt 0.225952 0.462164
vt 0.252160 0.453916
vt 0.252261 0.450906
vt 0.289479 0.451197
vt 0.326963 0.454207
vt 0.326885 0.451197
vt 0.353108 0.462660
vt 0.369124 0.485295
vt 0.374861 0.485009
vt 0.561121 0.855584
vt 0.388973 0.524642
vt 0.326363 0.437529
vt 0.407202 0.425691
vt 0.411285 0.477128
vt 0.573068 0.825259
vt 0.416908 0.517237
vt 0.457084 0.379091
vt 0.667792 0.243351
vt 0.411455 0.342846
vt 0.463154 0.338603
vt 0.662708 0.205533
vt 0.432844 0.197187
vt 0.440882 0.219614
vt 0.491338 0.182182
vt 0.507472 0.218950
vt 0.228092 0.352093
vt 0.289926 0.359795
vt 0.351819 0.352569
vt 0.408088 0.389101
vt 0.403475 0.288984
vt 0.393309 0.246814
vt 0.341442 0.259611
vt 0.290385 0.241284
vt 0.290300 0.263343
vt 0.241164 0.234509
vt 0.239186 0.259219
vt 0.233012 0.300028
vt 0.171544 0.388187
vt 0.123710 0.416984
vt 0.666932 0.280231
vt 0.172149 0.424782
vt 0.112785 0.507326
vt 0.589787 0.771251
vt 0.651542 0.359123
vt 0.573068 0.825259
vt 0.161739 0.516243
vt 0.850401 0.118128
vt 0.839272 0.108467
vt 0.850944 0.101650
vt 0.846555 0.093870
vt 0.838341 0.088700
vt 0.821778 0.090935
vt 0.846318 0.072413
vt 0.964671 0.048115
vt 0.856375 0.087121
vt 0.855844 0.095231
vt 0.970263 0.043771
vt 0.855399 0.075402
vt 0.853599 0.074092
vt 0.858119 0.059150
vt 0.848409 0.054577
vt 0.807865 0.058431
vt 0.796533 0.058515
vt 0.827281 0.064582
vt 0.773014 0.831322
vt 0.632945 0.832706
vt 0.561121 0.855584
vt 0.189614 0.523862
vt 0.197950 0.525470
vt 0.557702 0.865218
vt 0.575456 0.889200
vt 0.569725 0.893015
vt 0.587664 0.963998
vt 0.593412 0.963729
vt 0.588804 0.881459
vt 0.630400 0.889165
vt 0.697058 0.963535
vt 0.702414 0.895083
vt 0.746974 0.963266
vt 0.823133 0.897271
vt 0.749452 0.895647
vt 0.702414 0.895083
vt 0.602783 0.963554
vt 0.588804 0.881459
vt 0.630400 0.889165
vt 0.710163 0.831866
vt 0.749452 0.895647
vt 0.804460 0.771889
vt 0.029466 0.193814
vt 0.842149 0.726264
vt 0.884413 0.853414
vt 0.881024 0.905735
vt 0.915210 0.913035
vt 0.915210 0.913035
vt 0.915958 0.866929
vt 0.921130 0.828465
vt 0.910791 0.778990
vt 0.503907 0.111436
vt 0.896403 0.098901
vt 0.887234 0.109029
vt 0.899580 0.111437
vt 0.900010 0.121971
vt 0.908073 0.122098
vt 0.902430 0.132234
vt 0.889310 0.144703
vt 0.881990 0.141356
vt 0.500406 0.963151
vt 0.533460 0.963177
vt 0.500406 0.948491
vt 0.533460 0.928149
vt 0.501525 0.913793
vt 0.533460 0.913805
vt 0.541193 0.939097
vt 0.541193 0.950652
vt 0.533460 0.950697
vt 0.541193 0.962939
vt 0.500489 0.950991
vt 0.876693 0.141125
vt 0.898339 0.143226
vt 0.913120 0.141980
vt 0.905896 0.141472
vt 0.908224 0.132716
vt 0.913103 0.133059
vt 0.055216 0.589362
vt 0.061607 0.588259
vt 0.063661 0.598561
vt 0.069254 0.597459
vt 0.076070 0.610816
vt 0.075072 0.597050
vt 0.090369 0.588299
vt 0.097146 0.591002
vt 0.092980 0.600474
vt 0.097009 0.602232
vt 0.095019 0.613049
vt 0.455889 0.951504
vt 0.455874 0.939721
vt 0.455821 0.925813
vt 0.455859 0.912066
vt 0.464946 0.911921
vt 0.455904 0.898974
vt 0.500518 0.939688
vt 0.464901 0.925471
vt 0.465082 0.963811
vt 0.455980 0.963744
vt 0.455754 0.949203
vt 0.455701 0.927907
vt 0.456648 0.913785
vt 0.465818 0.913782
vt 0.455761 0.900249
vt 0.500376 0.900380
vt 0.464826 0.900064
vt 0.455889 0.886626
vt 0.464984 0.885582
vt 0.464991 0.898777
vt 0.500525 0.911934
vt 0.500525 0.925528
vt 0.884413 0.853414
vt 0.895005 0.809515
vt 0.829737 0.835989
vt 0.847638 0.784567
vt 0.804460 0.771889
vt 0.847638 0.784567
vt 0.895005 0.809515
vt 0.829737 0.835989
vt 0.826064 0.962310
vt 0.883070 0.960967
vt 0.881024 0.905735
vt 0.823133 0.897271
vt 0.710163 0.831866
vt 0.465934 0.508697
vt 0.589787 0.771251
vt 0.651542 0.359123
vt 0.632945 0.832706
vt 0.575456 0.889200
vt 0.380624 0.526186
vt 0.557702 0.865218
vt 0.374295 0.525790
vt 0.554365 0.871640
vt 0.569725 0.893015
vt 0.335295 0.209871
vt 0.333874 0.164828
vt 0.426923 0.168462
vt 0.427855 0.119624
vt 0.469638 0.133364
vt 0.533460 0.939217
vt 0.464969 0.939703
vt 0.464984 0.951611
vt 0.464826 0.949273
vt 0.464773 0.927597
vt 0.500368 0.927672
vt 0.533460 0.900355
vt 0.042528 0.631431
vt 0.050655 0.632921
vt 0.050285 0.619047
vt 0.026445 0.613661
vt 0.141338 0.584613
vt 0.034208 0.613316
vt 0.147855 0.585615
vt 0.033148 0.619195
vt 0.041224 0.613402
vt 0.154734 0.587104
vt 0.054581 0.612251
vt 0.156529 0.595579
vt 0.046906 0.608413
vt 0.057643 0.600344
vt 0.073151 0.635467
vt 0.097009 0.602232
vt 0.097146 0.591002
vt 0.086899 0.598585
vt 0.092980 0.600474
vt 0.095019 0.613049
vt 0.212055 0.597075
vt 0.100484 0.613257
vt 0.213370 0.586562
vt 0.099253 0.622070
vt 0.093742 0.621733
vt 0.092039 0.632806
vt 0.084004 0.621808
vt 0.084964 0.633192
vt 0.090369 0.588299
vt 0.075192 0.586229
vt 0.081095 0.597449
vt 0.084407 0.611576
vt 0.076070 0.610816
vt 0.077764 0.621673
vt 0.068499 0.622996
vt 0.069254 0.597459
vt 0.053113 0.601629
vt 0.075072 0.597050
vt 0.067855 0.585578
vt 0.061607 0.588259
vt 0.058806 0.578239
vt 0.163267 0.633447
vt 0.057574 0.569601
vt 0.158895 0.644313
vt 0.062692 0.575924
vt 0.066461 0.574748
vt 0.070526 0.574510
vt 0.065372 0.565525
vt 0.060782 0.566673
vt 0.063661 0.598561
vt 0.066262 0.612081
vt 0.059124 0.626130
vt 0.791110 0.421057
vt 0.770937 0.401148
vt 0.938325 0.470051
vt 0.937790 0.459822
vt 0.908348 0.456786
vt 0.887406 0.455100
vt 0.877296 0.430452
vt 0.870748 0.440679
vt 0.815639 0.438679
vt 0.832221 0.415391
vt 0.825589 0.424450
vt 0.805813 0.396990
vt 0.799351 0.405272
vt 0.678583 0.106984
vt 0.695054 0.029477
vt 0.698004 0.015299
vt 0.690865 0.139041
vt 0.718225 0.141325
vt 0.673649 0.136526
vt 0.250349 0.571697
vt 0.267816 0.568466
vt 0.249637 0.578353
vt 0.263293 0.572784
vt 0.242196 0.578377
vt 0.249145 0.585956
vt 0.263075 0.579902
vt 0.242355 0.596907
vt 0.250305 0.596343
vt 0.270391 0.586532
vt 0.237629 0.614661
vt 0.298663 0.598217
vt 0.292936 0.605285
vt 0.242349 0.603041
vt 0.235375 0.586069
vt 0.312247 0.578908
vt 0.242255 0.585829
vt 0.234755 0.578476
vt 0.311718 0.571771
vt 0.306983 0.567640
vt 0.233933 0.571829
vt 0.281950 0.600049
vt 0.293902 0.599896
vt 0.295517 0.581875
vt 0.242559 0.614452
vt 0.287983 0.605769
vt 0.247374 0.614474
vt 0.277119 0.598592
vt 0.283042 0.605361
vt 0.287928 0.600260
vt 0.287676 0.581797
vt 0.251775 0.558558
vt 0.279482 0.571275
vt 0.279859 0.582115
vt 0.250260 0.601707
vt 0.275667 0.586586
vt 0.250354 0.565319
vt 0.273770 0.568175
vt 0.287356 0.565057
vt 0.290074 0.562915
vt 0.239261 0.560256
vt 0.292639 0.563353
vt 0.239265 0.563057
vt 0.289537 0.565129
vt 0.290145 0.567174
vt 0.239299 0.560428
vt 0.287421 0.567233
vt 0.281204 0.565112
vt 0.244996 0.565041
vt 0.285158 0.565204
vt 0.245208 0.560429
vt 0.284629 0.567270
vt 0.287466 0.571043
vt 0.234393 0.601912
vt 0.299905 0.586180
vt 0.234364 0.596476
vt 0.305200 0.585891
vt 0.613191 0.113011
vt 0.610744 0.157017
vt 0.583788 0.112257
vt 0.610451 0.203690
vt 0.581818 0.156246
vt 0.576591 0.203521
vt 0.580761 0.203593
vt 0.579688 0.236384
vt 0.583957 0.236182
vt 0.584752 0.071723
vt 0.614697 0.071465
vt 0.613153 0.310042
vt 0.614830 0.272091
vt 0.587460 0.269275
vt 0.572574 0.366206
vt 0.574777 0.414123
vt 0.554475 0.401068
vt 0.552101 0.399854
vt 0.678583 0.106984
vt 0.695054 0.029477
vt 0.706207 0.062124
vt 0.725287 0.113188
vt 0.738742 0.042075
vt 0.718225 0.141325
vt 0.695079 0.109430
vt 0.750093 0.218920
vt 0.741304 0.258491
vt 0.741788 0.184299
vt 0.714382 0.183348
vt 0.625384 0.963510
vt 0.463526 0.098130
vt 0.929469 0.802010
vt 0.492701 0.079186
vt 0.192768 0.223145
vt 0.339654 0.234888
vt 0.865468 0.118575
vt 0.858826 0.123746
vt 0.858564 0.112816
vt 0.850944 0.101650
vt 0.838341 0.088700
vt 0.848409 0.054577
vt 0.827281 0.064582
vt 0.807865 0.058431
vt 0.821778 0.090935
vt 0.827131 0.121298
vt 0.831049 0.102633
vt 0.839272 0.108467
vt 0.846555 0.093870
vt 0.850401 0.118128
vt 0.838757 0.131789
vt 0.817287 0.110946
vt 0.794107 0.111356
vt 0.807873 0.098049
vt 0.813835 0.030395
vt 0.831310 0.042675
vt 0.661148 0.399786
vt 0.716385 0.347085
vt 0.656056 0.393396
vt 0.719730 0.337139
vt 0.653427 0.379890
vt 0.717364 0.324282
vt 0.670186 0.379147
vt 0.672219 0.366655
vt 0.694520 0.306065
vt 0.681000 0.368813
vt 0.683527 0.303281
vt 0.804605 0.191190
vt 0.680554 0.379248
vt 0.814184 0.193181
vt 0.680999 0.398222
vt 0.696829 0.360021
vt 0.669603 0.391304
vt 0.670865 0.402058
vt 0.709159 0.356235
vt 0.855399 0.075402
vt 0.881990 0.141356
vt 0.889310 0.144703
vt 0.886488 0.139730
vt 0.877966 0.150913
vt 0.880972 0.145569
vt 0.873558 0.146167
vt 0.861401 0.152462
vt 0.866038 0.145863
vt 0.855676 0.144202
vt 0.866452 0.136007
vt 0.871441 0.139578
vt 0.245715 0.209526
vt 0.198483 0.193662
vt 0.148268 0.196093
vt 0.154410 0.167415
vt 0.910791 0.778990
vt 0.077868 0.109800
vt 0.089321 0.077639
vt 0.929469 0.802010
vt 0.127752 0.061606
vt 0.112003 0.014864
vt 0.981864 0.825093
vt 0.635440 0.759613
vt 0.168535 0.341909
vt 0.176929 0.288112
vt 0.540749 0.948312
vt 0.532857 0.948322
vt 0.541193 0.928048
vt 0.541193 0.913805
vt 0.541193 0.900454
vt 0.541012 0.886699
vt 0.533211 0.886172
vt 0.532347 0.898515
vt 0.540374 0.898646
vt 0.533460 0.911746
vt 0.541193 0.911791
vt 0.541276 0.925064
vt 0.533587 0.925108
vt 0.500504 0.898902
vt 0.500415 0.886265
vt 0.177656 0.635962
vt 0.182141 0.627816
vt 0.172334 0.633652
vt 0.166722 0.632775
vt 0.741788 0.184299
vt 0.773580 0.219230
vt 0.763110 0.253883
vt 0.773580 0.219230
vt 0.740814 0.144466
vt 0.690865 0.139041
vt 0.673649 0.136526
vt 0.064058 0.644268
vt 0.177338 0.551056
vt 0.194991 0.559285
vt 0.200674 0.542229
vt 0.414004 0.909285
vt 0.210004 0.545486
vt 0.410638 0.918773
vt 0.580230 0.336416
vt 0.607666 0.344887
vt 0.574777 0.414123
vt 0.183061 0.553458
vt 0.178372 0.561268
vt 0.188259 0.556161
vt 0.185242 0.565570
vt 0.200382 0.569841
vt 0.206536 0.563120
vt 0.201930 0.561880
vt 0.220493 0.550174
vt 0.111632 0.648389
vt 0.489561 0.858596
vt 0.409134 0.930533
vt 0.057643 0.600344
vt 0.059124 0.626130
vt 0.066262 0.612081
vt 0.051518 0.591841
vt 0.154263 0.602605
vt 0.047961 0.600766
vt 0.053113 0.601629
vt 0.046906 0.608413
vt 0.156529 0.595579
vt 0.054581 0.612251
vt 0.043379 0.620183
vt 0.025729 0.624004
vt 0.023449 0.619826
vt 0.073151 0.635467
vt 0.080757 0.633872
vt 0.084004 0.621808
vt 0.093742 0.621733
vt 0.101298 0.602802
vt 0.210947 0.609148
vt 0.111085 0.590994
vt 0.218389 0.622363
vt 0.101079 0.594312
vt 0.108465 0.586387
vt 0.101338 0.579563
vt 0.097620 0.576804
vt 0.203135 0.631708
vt 0.105542 0.582147
vt 0.025471 0.629562
vt 0.020123 0.630204
vt 0.138563 0.567528
vt 0.022752 0.628238
vt 0.039977 0.636324
vt 0.160506 0.572054
vt 0.033185 0.624463
vt 0.022129 0.623936
vt 0.026445 0.613661
vt 0.141338 0.584613
vt 0.026362 0.618665
vt 0.033148 0.619195
vt 0.569563 0.364966
vt 0.554475 0.401068
vt 0.572574 0.366206
vt 0.576291 0.335469
vt 0.584750 0.304327
vt 0.587460 0.269275
vt 0.583957 0.236182
vt 0.579688 0.236384
vt 0.576591 0.203521
vt 0.580761 0.203593
vt 0.610451 0.203690
vt 0.581818 0.156246
vt 0.583788 0.112257
vt 0.580257 0.071840
vt 0.578274 0.021615
vt 0.531950 0.428670
vt 0.584752 0.071723
vt 0.568493 0.456546
vt 0.636203 0.021330
vt 0.614697 0.071465
vt 0.610744 0.157017
vt 0.634371 0.159458
vt 0.640614 0.204808
vt 0.612345 0.238910
vt 0.614830 0.272091
vt 0.643320 0.276038
vt 0.613153 0.310042
vt 0.638313 0.315568
vt 0.596573 0.376601
vt 0.190834 0.627369
vt 0.198955 0.625546
vt 0.204917 0.628559
vt 0.103895 0.597159
vt 0.213114 0.615666
vt 0.206996 0.597363
vt 0.100484 0.613257
vt 0.212055 0.597075
vt 0.207972 0.586862
vt 0.198673 0.585622
vt 0.192499 0.567712
vt 0.185305 0.582974
vt 0.159118 0.604437
vt 0.163962 0.607015
vt 0.174633 0.595416
vt 0.170822 0.609993
vt 0.173325 0.626487
vt 0.176785 0.611868
vt 0.613191 0.113011
vt 0.579314 0.112042
vt 0.576442 0.155486
vt 0.175466 0.804659
vt 0.578002 0.156407
vt 0.573182 0.202790
vt 0.194232 0.751729
vt 0.583325 0.269235
vt 0.580627 0.270444
vt 0.246696 0.675438
vt 0.580512 0.303925
vt 0.077764 0.621673
vt 0.084407 0.611576
vt 0.086899 0.598585
vt 0.081095 0.597449
vt 0.068499 0.622996
vt 0.052118 0.626942
vt 0.050285 0.619047
vt 0.582788 0.021257
vt 0.535071 0.430627
vt 0.552101 0.399854
vt 0.612288 0.017334
vt 0.555265 0.442801
vt 0.589674 0.425208
vt 0.712019 0.772938
vt 0.606641 0.436630
vt 0.615934 0.386816
vt 0.642429 0.777876
vt 0.635154 0.395135
vt 0.630051 0.351886
vt 0.120501 0.463821
vt 0.661171 0.321771
vt 0.122629 0.377801
vt 0.667792 0.243351
vt 0.644493 0.240765
vt 0.116871 0.337270
vt 0.662708 0.205533
vt 0.062220 0.254162
vt 0.655079 0.114690
vt 0.632790 0.114146
vt 0.016113 0.224287
vt 0.814270 0.715579
vt 0.649123 0.071568
vt 0.631673 0.070473
vt 0.768354 0.756702
vt 0.578758 0.466989
vt 0.654111 0.018761
vt 0.175045 0.533633
vt 0.059586 0.661870
vt 0.429647 0.883219
vt 0.066960 0.663305
vt 0.436915 0.877448
vt 0.069490 0.644790
vt 0.076202 0.644264
vt 0.083451 0.643129
vt 0.088904 0.641590
vt 0.095208 0.639072
vt 0.092039 0.632806
vt 0.084964 0.633192
vt 0.066972 0.638235
vt 0.050655 0.632921
vt 0.048322 0.638264
vt 0.165394 0.568190
vt 0.042528 0.631431
vt 0.044174 0.626066
vt 0.032024 0.630024
vt 0.290187 0.305576
vt 0.347301 0.300467
vt 0.167670 0.476182
vt 0.221688 0.449036
vt 0.222541 0.425679
vt 0.252889 0.437245
vt 0.289668 0.426533
vt 0.354586 0.396084
vt 0.224989 0.395583
vt 0.070024 0.565062
vt 0.069926 0.558989
vt 0.289770 0.400097
vt 0.253647 0.424955
vt 0.210037 0.949228
vt 0.488347 0.622177
vt 0.213681 0.896622
vt 0.181513 0.853224
vt 0.222548 0.861203
vt 0.191042 0.813337
vt 0.245697 0.779316
vt 0.208584 0.760830
vt 0.063928 0.555292
vt 0.058936 0.556703
vt 0.068697 0.555103
vt 0.064383 0.558476
vt 0.058980 0.560936
vt 0.110229 0.569486
vt 0.921130 0.828465
vt 0.915958 0.866929
vt 0.916410 0.959706
vt 0.943679 0.876461
vt 0.947697 0.839112
vt 0.952818 0.815025
vt 0.481340 0.050115
vt 0.971972 0.890242
vt 0.570443 0.752723
vt 0.943260 0.920122
vt 0.973474 0.927847
vt 0.536295 0.749326
vt 0.944264 0.958083
vt 0.943260 0.920122
vt 0.971972 0.890242
vt 0.570443 0.752723
vt 0.943679 0.876461
vt 0.975809 0.854060
vt 0.603332 0.756736
vt 0.947697 0.839112
vt 0.100905 0.048658
vt 0.952818 0.815025
vt 0.973602 0.143488
vt 0.962777 0.143452
vt 0.973623 0.129305
vt 0.226911 0.636885
vt 0.121278 0.578553
vt 0.223545 0.630807
vt 0.115994 0.584778
vt 0.218212 0.630903
vt 0.213949 0.622582
vt 0.208767 0.624716
vt 0.213466 0.632790
vt 0.209647 0.636269
vt 0.211431 0.647845
vt 0.108131 0.567373
vt 0.216504 0.645556
vt 0.221724 0.637970
vt 0.223268 0.640486
vt 0.220156 0.643240
vt 0.214087 0.642674
vt 0.217662 0.639776
vt 0.172334 0.633652
vt 0.173324 0.626487
vt 0.182961 0.629807
vt 0.075015 0.581454
vt 0.163209 0.594149
vt 0.190606 0.612667
vt 0.197754 0.597743
vt 0.210395 0.618159
vt 0.207026 0.609766
vt 0.203467 0.610638
vt 0.183802 0.596219
vt 0.062912 0.641175
vt 0.173606 0.557123
vt 0.713745 0.327063
vt 0.713984 0.336394
vt 0.712042 0.343128
vt 0.152553 0.579201
vt 0.162226 0.586250
vt 0.165764 0.580769
vt 0.167975 0.573863
vt 0.500504 0.898902
vt 0.455874 0.939721
vt 0.464969 0.939703
vt 0.455889 0.951504
vt 0.500376 0.900380
vt 0.500415 0.886265
vt 0.533211 0.886172
vt 0.532347 0.898515
vt 0.533460 0.911746
vt 0.533587 0.925108
vt 0.533460 0.939217
vt 0.500518 0.939688
vt 0.533460 0.950697
vt 0.100040 0.635821
vt 0.210413 0.563988
vt 0.206617 0.571409
vt 0.096295 0.632768
vt 0.212626 0.572441
vt 0.099253 0.622070
vt 0.213370 0.586562
vt 0.877444 0.134272
vt 0.876277 0.140637
vt 0.878757 0.134571
vt 0.879632 0.134420
vt 0.885226 0.138523
vt 0.880006 0.134203
vt 0.880178 0.133712
vt 0.879908 0.133119
vt 0.887198 0.129831
vt 0.888018 0.132663
vt 0.889052 0.133556
vt 0.888734 0.136721
vt 0.887310 0.135489
vt 0.886488 0.139730
vt 0.881337 0.140509
vt 0.876310 0.133877
vt 0.875584 0.133559
vt 0.871470 0.139003
vt 0.868326 0.135657
vt 0.871441 0.139578
vt 0.866452 0.136007
vt 0.855676 0.144202
vt 0.866038 0.145863
vt 0.873558 0.146167
vt 0.880972 0.145569
vt 0.176786 0.611868
vt 0.174632 0.595416
vt 0.179941 0.582095
vt 0.201575 0.634775
vt 0.093219 0.576506
vt 0.199925 0.643144
vt 0.197965 0.633276
vt 0.206028 0.621093
vt 0.197400 0.611844
vt 0.183176 0.612928
vt 0.182141 0.627816
vt 0.187520 0.635382
vt 0.184577 0.638478
vt 0.076350 0.573032
vt 0.190018 0.645222
vt 0.541193 0.913805
vt 0.533460 0.913805
vt 0.541193 0.928048
vt 0.540749 0.948312
vt 0.541193 0.962939
vt 0.017534 0.624493
vt 0.132820 0.574082
vt 0.138533 0.575258
vt 0.138995 0.580202
vt 0.020669 0.617455
vt 0.135108 0.582629
vt 0.143115 0.580990
vt 0.150550 0.582946
vt 0.144362 0.576821
vt 0.159560 0.580213
vt 0.160395 0.576464
vt 0.153172 0.575323
vt 0.145839 0.572344
vt 0.024468 0.633624
vt 0.146095 0.568046
vt 0.030657 0.635423
vt 0.152156 0.571103
vt 0.680554 0.379248
vt 0.814184 0.193181
vt 0.669603 0.391304
vt 0.670186 0.379147
vt 0.672219 0.366655
vt 0.694520 0.306065
vt 0.061058 0.286132
vt 0.066465 0.300663
vt 0.060287 0.301673
vt 0.072803 0.322166
vt 0.048941 0.326309
vt 0.141744 0.571633
vt 0.387213 0.480174
vt 0.355189 0.461039
vt 0.357474 0.449564
vt 0.289539 0.447787
vt 0.289630 0.436325
vt 0.325700 0.425235
vt 0.356800 0.426201
vt 0.884619 0.034750
vt 0.892459 0.034399
vt 0.107095 0.983189
vt 0.107464 0.975887
vt 0.161477 0.979603
vt 0.133722 0.980240
vt 0.976722 0.976246
vt 0.994280 0.975458
vt 0.008354 0.969708
vt 0.994217 0.976206
vt 0.008378 0.970531
vt 0.008410 0.971352
vt 0.994147 0.976953
vt 0.976749 0.976983
vt 0.961639 0.978275
vt 0.509141 0.981235
vt 0.509021 0.991123
vt 0.538891 0.981274
vt 0.538917 0.991226
vt 0.538893 0.983657
vt 0.538895 0.985525
vt 0.509533 0.983584
vt 0.509363 0.985484
vt 0.464863 0.980571
vt 0.464691 0.990787
vt 0.464917 0.983126
vt 0.430651 0.980066
vt 0.430549 0.990538
vt 0.381325 0.982176
vt 0.325296 0.978582
vt 0.325166 0.989757
vt 0.265846 0.988983
vt 0.265976 0.978067
vt 0.324891 0.981378
vt 0.265373 0.982770
vt 0.776304 0.978379
vt 0.776430 0.987310
vt 0.823926 0.977925
vt 0.824046 0.986368
vt 0.824373 0.979933
vt 0.860979 0.977841
vt 0.861138 0.985441
vt 0.861359 0.979603
vt 0.884152 0.978929
vt 0.884060 0.977315
vt 0.884318 0.984155
vt 0.906162 0.979521
vt 0.884116 0.980265
vt 0.861467 0.981085
vt 0.824538 0.981553
vt 0.776662 0.980562
vt 0.727925 0.981191
vt 0.728190 0.982873
vt 0.681560 0.983588
vt 0.681184 0.987168
vt 0.727839 0.986421
vt 0.681666 0.985394
vt 0.776654 0.983920
vt 0.776804 0.982227
vt 0.861279 0.982470
vt 0.906207 0.978337
vt 0.918132 0.978392
vt 0.905940 0.976906
vt 0.906152 0.982999
vt 0.932756 0.976775
vt 0.932940 0.981148
vt 0.961611 0.976763
vt 0.961632 0.977515
vt 0.946477 0.977340
vt 0.946507 0.978123
vt 0.640310 0.984258
vt 0.609108 0.984603
vt 0.567958 0.987048
vt 0.567563 0.985366
vt 0.043740 0.976404
vt 0.044152 0.971993
vt 0.043837 0.975588
vt 0.027284 0.974063
vt 0.027431 0.972416
vt 0.027503 0.971609
vt 0.044029 0.973070
vt 0.060746 0.974589
vt 0.060666 0.975462
vt 0.093023 0.977303
vt 0.092957 0.978337
vt 0.092856 0.979301
vt 0.092744 0.980357
vt 0.107358 0.980366
vt 0.107381 0.981800
vt 0.133646 0.983373
vt 0.161566 0.983118
vt 0.207063 0.983975
vt 0.206806 0.982035
vt 0.207011 0.980043
vt 0.680972 0.981968
vt 0.567746 0.981369
vt 0.567928 0.990667
vt 0.608706 0.982909
vt 0.608737 0.980578
vt 0.608967 0.989898
vt 0.639121 0.979972
vt 0.639256 0.989390
vt 0.640919 0.982006
vt 0.680615 0.979604
vt 0.680748 0.988829
vt 0.567395 0.983580
vt 0.464491 0.984983
vt 0.430226 0.982811
vt 0.976772 0.977728
vt 0.680373 0.348921
vt 0.824176 0.185421
vt 0.693685 0.354216
vt 0.701957 0.347622
vt 0.692376 0.348062
vt 0.704031 0.326642
vt 0.693583 0.327184
vt 0.703487 0.318726
vt 0.696482 0.334183
vt 0.701027 0.342708
vt 0.707779 0.342491
vt 0.704701 0.352128
vt 0.684084 0.355667
vt 0.825701 0.186142
vt 0.682912 0.389887
vt 0.687409 0.366575
vt 0.822627 0.191257
vt 0.691610 0.342998
vt 0.684436 0.339726
vt 0.682018 0.343625
vt 0.676917 0.335510
vt 0.669514 0.335153
vt 0.814390 0.178830
vt 0.670687 0.323254
vt 0.805865 0.177542
vt 0.678930 0.318723
vt 0.685846 0.329390
vt 0.688064 0.336325
vt 0.681610 0.332278
vt 0.675048 0.326467
vt 0.690479 0.315884
vt 0.691862 0.310405
vt 0.660560 0.369932
vt 0.709107 0.312578
vt 0.707397 0.316721
vt 0.708596 0.326747
vt 0.709763 0.335526
vt 0.705526 0.333284
vt 0.705433 0.340032
vt 0.107157 0.979013
vt 0.076052 0.977787
vt 0.075875 0.978750
vt 0.076211 0.976870
vt 0.060552 0.976319
vt 0.027362 0.973230
vt 0.043962 0.973896
vt 0.043910 0.974732
vt 0.060438 0.977218
vt 0.133819 0.976668
vt 0.133430 0.984959
vt 0.161828 0.984913
vt 0.207415 0.987950
vt 0.207554 0.977578
vt 0.265848 0.986949
vt 0.324657 0.985562
vt 0.265561 0.984841
vt 0.207429 0.985962
vt 0.027199 0.974865
vt 0.027613 0.970564
vt 0.060367 0.978079
vt 0.060796 0.973465
vt 0.075792 0.979692
vt 0.076246 0.974711
vt 0.076269 0.975915
vt 0.092644 0.981421
vt 0.093058 0.976020
vt 0.107125 0.977591
vt 0.133694 0.978621
vt 0.133752 0.981772
vt 0.161341 0.981420
vt 0.161734 0.986768
vt 0.161953 0.977439
vt 0.265542 0.980736
vt 0.541012 0.886699
vt 0.541193 0.900454
vt 0.533460 0.900355
vt 0.501525 0.913793
vt 0.533460 0.928149
vt 0.532857 0.948322
vt 0.533460 0.963177
vt 0.465082 0.963811
vt 0.044897 0.611664
vt 0.156102 0.591101
vt 0.041224 0.613402
vt 0.154734 0.587104
vt 0.157967 0.583617
vt 0.034208 0.613316
vt 0.147855 0.585615
vt 0.195203 0.643125
vt 0.193005 0.633448
vt 0.196843 0.652955
vt 0.192836 0.654308
vt 0.187652 0.657346
vt 0.080260 0.557555
vt 0.192159 0.661480
vt 0.081849 0.552451
vt 0.926627 0.178857
vt 0.939284 0.162591
vt 0.926626 0.162561
vt 0.939308 0.148239
vt 0.926625 0.148191
vt 0.926624 0.143528
vt 0.939309 0.143547
vt 0.460656 0.762226
vt 0.428495 0.743220
vt 0.436660 0.771983
vt 0.407204 0.756216
vt 0.418362 0.782192
vt 0.388221 0.770739
vt 0.401809 0.793603
vt 0.364947 0.791896
vt 0.350889 0.807618
vt 0.357643 0.838885
vt 0.369991 0.823681
vt 0.381274 0.855585
vt 0.402620 0.833346
vt 0.382061 0.810901
vt 0.420262 0.820400
vt 0.468433 0.798352
vt 0.475486 0.836313
vt 0.448789 0.805179
vt 0.434074 0.812114
vt 0.449822 0.845520
vt 0.423488 0.861061
vt 0.392132 0.843346
vt 0.415012 0.868065
vt 0.407304 0.876144
vt 0.398892 0.889846
vt 0.394866 0.902427
vt 0.938524 0.029725
vt 0.953503 0.040557
vt 0.945365 0.062561
vt 0.950456 0.049376
vt 0.932857 0.041613
vt 0.953503 0.040557
vt 0.968337 0.037893
vt 0.970925 0.019460
vt 0.978901 0.022741
vt 0.970938 0.016941
vt 0.937728 0.010697
vt 0.918044 0.011603
vt 0.937900 0.015354
vt 0.937957 0.016906
vt 0.970938 0.016941
vt 0.970925 0.019460
vt 0.970977 0.009385
vt 0.917764 0.009917
vt 0.918044 0.011603
vt 0.937900 0.015354
vt 0.937957 0.016906
vt 0.963799 0.030343
vt 0.938294 0.037366
vt 0.914688 0.020948
vt 0.924929 0.045702
vt 0.909514 0.023828
vt 0.905890 0.025223
vt 0.909514 0.023828
vt 0.924929 0.045702
vt 0.914688 0.020948
vt 0.916853 0.018587
vt 0.918002 0.015431
vt 0.938524 0.029725
vt 0.926617 0.111999
vt 0.926621 0.129371
vt 0.939356 0.112027
vt 0.952485 0.112056
vt 0.962812 0.112075
vt 0.973769 0.112093
vt 0.973781 0.129378
vt 0.983087 0.112105
vt 0.983095 0.129379
vt 0.994581 0.112111
vt 0.994567 0.129379
vt 0.983062 0.129379
vt 0.983065 0.143585
vt 0.952400 0.148255
vt 0.939213 0.129373
vt 0.939241 0.143538
vt 0.939264 0.162539
vt 0.952428 0.162575
vt 0.952495 0.178852
vt 0.962784 0.178858
vt 0.973889 0.178861
vt 0.983078 0.178864
vt 0.994634 0.178866
vt 0.983096 0.162628
vt 0.983094 0.148332
vt 0.983091 0.143587
vt 0.973759 0.148326
vt 0.952412 0.162614
vt 0.983082 0.178868
vt 0.973709 0.178868
vt 0.962777 0.178868
vt 0.952345 0.178866
vt 0.939225 0.178862
vt 0.962803 0.162626
vt 0.973753 0.162629
vt 0.994583 0.148334
vt 0.983064 0.148327
vt 0.994608 0.162624
vt 0.952435 0.148280
vt 0.962808 0.148309
vt 0.962807 0.143575
vt 0.973758 0.143582
vt 0.973825 0.148314
vt 0.939348 0.129373
vt 0.952477 0.129375
vt 0.952432 0.143562
vt 0.962819 0.129377
vt 0.983066 0.162619
vt 0.973838 0.162610
vt 0.962767 0.162597
vt 0.491527 0.835779
vt 0.389183 0.932937
vt 0.104566 0.654682
vt 0.478270 0.858625
vt 0.461480 0.840720
vt 0.096178 0.658629
vt 0.467740 0.861714
vt 0.088180 0.661216
vt 0.458426 0.865421
vt 0.438093 0.851639
vt 0.079214 0.662805
vt 0.448856 0.870091
vt 0.182274 0.534275
vt 0.423132 0.889660
vt 0.192569 0.538134
vt 0.417052 0.900088
vt 0.492677 0.757828
vt 0.321785 0.937008
vt 0.356050 0.911458
vt 0.333219 0.882308
vt 0.390823 0.916359
vt 0.360671 0.891810
vt 0.341963 0.863281
vt 0.367498 0.876045
vt 0.962755 0.129377
vt 0.952400 0.143555
vt 0.983068 0.112110
vt 0.973800 0.129378
vt 0.973823 0.143579
vt 0.962763 0.143569
vt 0.962763 0.148291
vt 0.939311 0.178845
vt 0.926633 0.178836
vt 0.926635 0.112010
vt 0.926634 0.129371
vt 0.926634 0.143516
vt 0.926634 0.148144
vt 0.939243 0.148204
vt 0.926633 0.162495
vt 0.939204 0.112040
vt 0.952349 0.112068
vt 0.952360 0.129375
vt 0.962758 0.112086
vt 0.973812 0.112101
vt 0.336745 0.826971
vt 0.313068 0.814502
vt 0.349319 0.769636
vt 0.399784 0.728125
vt 0.421965 0.714460
vt 0.271071 0.937509
vt 0.485129 0.698610
vt 0.454257 0.732409
vt 0.354151 0.936912
vt 0.493267 0.795637
vt 0.939245 0.129283
vt 0.973655 0.112069
vt 0.962732 0.129310
vt 0.926626 0.129295
vt 0.939220 0.112057
vt 0.926629 0.112051
vt 0.983013 0.178804
vt 0.973617 0.162552
vt 0.962735 0.148417
vt 0.962737 0.143528
vt 0.962723 0.112067
vt 0.952351 0.129307
vt 0.952312 0.112063
vt 0.939248 0.129301
vt 0.939255 0.148334
vt 0.952359 0.162570
vt 0.962737 0.178806
vt 0.973745 0.178806
vt 0.983013 0.178806
vt 0.994496 0.178805
vt 0.994491 0.162569
vt 0.983030 0.162562
vt 0.994512 0.148403
vt 0.983037 0.148372
vt 0.973653 0.148333
vt 0.952379 0.178805
vt 0.939265 0.178805
vt 0.939252 0.162559
vt 0.926625 0.178803
vt 0.994488 0.143531
vt 0.994469 0.129312
vt 0.982998 0.143511
vt 0.962812 0.148277
vt 0.952470 0.148201
vt 0.952329 0.143404
vt 0.973618 0.178803
vt 0.962794 0.162539
vt 0.962787 0.178802
vt 0.952405 0.162521
vt 0.926627 0.112030
vt 0.939242 0.112040
vt 0.952378 0.112050
vt 0.952378 0.129292
vt 0.962791 0.112057
vt 0.962790 0.129300
vt 0.973607 0.112062
vt 0.982930 0.112066
vt 0.982987 0.129309
vt 0.994622 0.112111
vt 0.983016 0.143538
vt 0.973746 0.148427
vt 0.952361 0.148386
vt 0.952375 0.143506
vt 0.939265 0.143474
vt 0.926625 0.143438
vt 0.926625 0.148276
vt 0.926625 0.162547
vt 0.983000 0.129313
vt 0.982977 0.112069
vt 0.973711 0.129313
vt 0.973740 0.143538
vt 0.266301 0.837614
vt 0.263398 0.903879
vt 0.271554 0.872008
vt 0.301955 0.900737
vt 0.285187 0.873653
vt 0.310422 0.876293
vt 0.320372 0.854421
vt 0.294813 0.848077
vt 0.282007 0.841506
vt 0.298946 0.809269
vt 0.300654 0.773343
vt 0.266398 0.749932
vt 0.288900 0.727332
vt 0.231672 0.722605
vt 0.281028 0.798394
vt 0.231321 0.824357
vt 0.257513 0.868671
vt 0.249302 0.900103
vt 0.246606 0.940362
vt 0.487167 0.668974
vt 0.259765 0.940049
vt 0.483616 0.684897
vt 0.276409 0.903251
vt 0.490077 0.727134
vt 0.295562 0.936540
vt 0.325963 0.904964
vt 0.153293 0.951975
vt 0.489938 0.550581
vt 0.576504 0.022761
vt 0.530599 0.427502
vt 0.169437 0.952968
vt 0.487537 0.571339
vt 0.172531 0.896996
vt 0.322809 0.751583
vt 0.329912 0.790258
vt 0.337395 0.760313
vt 0.376813 0.745131
vt 0.369360 0.732477
vt 0.385331 0.701864
vt 0.418498 0.700154
vt 0.284031 0.639641
vt 0.577615 0.303856
vt 0.321595 0.606635
vt 0.574244 0.334423
vt 0.335233 0.621984
vt 0.378439 0.592710
vt 0.427491 0.551300
vt 0.549944 0.397716
vt 0.427296 0.571901
vt 0.316094 0.782780
vt 0.394530 0.714340
vt 0.449271 0.703000
vt 0.448038 0.688234
vt 0.446164 0.671377
vt 0.437990 0.624853
vt 0.397312 0.642811
vt 0.412112 0.685160
vt 0.364249 0.665054
vt 0.358689 0.721251
vt 0.194232 0.751729
vt 0.573182 0.202790
vt 0.246696 0.675438
vt 0.580627 0.270444
vt 0.256392 0.693414
vt 0.300836 0.651638
vt 0.331202 0.690635
vt 0.052759 0.278408
vt 0.057563 0.287516
vt 0.038126 0.318559
vt 0.094036 0.525215
vt 0.085497 0.535202
vt 0.076932 0.517013
vt 0.071611 0.532677
vt 0.023660 0.337934
vt 0.014405 0.355806
vt 0.037811 0.341367
vt 0.056517 0.366556
vt 0.052976 0.344767
vt 0.871329 0.092598
vt 0.876914 0.108655
vt 0.885635 0.099731
vt 0.880961 0.082630
vt 0.869694 0.087805
vt 0.089850 0.499147
vt 0.084476 0.459512
vt 0.094456 0.442032
vt 0.084012 0.421770
vt 0.093802 0.419959
vt 0.092128 0.398016
vt 0.088432 0.378492
vt 0.070658 0.360287
vt 0.086388 0.351196
vt 0.076719 0.341546
vt 0.976946 0.036751
vt 0.856739 0.077073
vt 0.984918 0.011129
vt 0.856739 0.077073
vt 0.976946 0.036751
vt 0.858564 0.112816
vt 0.865468 0.118575
vt 0.880267 0.115733
vt 0.888762 0.079222
vt 0.884803 0.086839
vt 0.899943 0.072971
vt 0.906161 0.064497
vt 0.905462 0.063078
vt 0.908394 0.063067
vt 0.908328 0.064287
vt 0.912159 0.066513
vt 0.908328 0.064287
vt 0.906860 0.065917
vt 0.906161 0.064497
vt 0.899943 0.072971
vt 0.897701 0.070493
vt 0.895957 0.071487
vt 0.896983 0.075131
vt 0.901317 0.074470
vt 0.011803 0.370812
vt 0.034779 0.366635
vt 0.026900 0.385683
vt 0.010642 0.398716
vt 0.033867 0.395885
vt 0.045769 0.393938
vt 0.049040 0.427350
vt 0.049776 0.443908
vt 0.046420 0.537072
vt 0.029937 0.524536
vt 0.049412 0.513118
vt 0.065764 0.514735
vt 0.060101 0.490214
vt 0.073856 0.475824
vt 0.083250 0.479043
vt 0.084465 0.442780
vt 0.073265 0.405519
vt 0.082662 0.400731
vt 0.079460 0.382793
vt 0.063299 0.365388
vt 0.108217 0.534259
vt 0.111426 0.532588
vt 0.108916 0.519434
vt 0.101065 0.483968
vt 0.093006 0.480344
vt 0.101982 0.463116
vt 0.093732 0.461120
vt 0.100238 0.441520
vt 0.102198 0.417056
vt 0.100102 0.392611
vt 0.103019 0.354460
vt 0.103086 0.339699
vt 0.105035 0.341009
vt 0.913141 0.052187
vt 0.945365 0.062561
vt 0.916853 0.018587
vt 0.932857 0.041613
vt 0.938294 0.037366
vt 0.950456 0.049376
vt 0.918002 0.015431
vt 0.963799 0.030343
vt 0.968337 0.037893
vt 0.978901 0.022741
vt 0.062740 0.343375
vt 0.058318 0.365213
vt 0.049719 0.389367
vt 0.079771 0.494957
vt 0.069040 0.489540
vt 0.067766 0.514724
vt 0.062538 0.533814
vt 0.055037 0.535688
vt 0.061489 0.516105
vt 0.027316 0.513053
vt 0.039935 0.498979
vt 0.049422 0.494282
vt 0.016997 0.494157
vt 0.035435 0.477892
vt 0.014318 0.467079
vt 0.029810 0.458492
vt 0.010183 0.445071
vt 0.027481 0.443728
vt 0.009052 0.422150
vt 0.025833 0.428188
vt 0.046608 0.427295
vt 0.053240 0.476588
vt 0.071304 0.387991
vt 0.066740 0.392824
vt 0.055140 0.399481
vt 0.075811 0.423403
vt 0.076587 0.443566
vt 0.061119 0.442558
vt 0.075723 0.463718
vt 0.052444 0.469089
vt 0.050121 0.470141
vt 0.047583 0.481147
vt 0.889225 0.091586
vt 0.895486 0.088085
vt 0.295444 0.570978
vt 0.232703 0.558636
vt 0.300992 0.567613
vt 0.233910 0.565446
vt 0.293472 0.564884
vt 0.239264 0.565048
vt 0.242144 0.571624
vt 0.242131 0.565052
vt 0.287297 0.562577
vt 0.242126 0.560249
vt 0.242129 0.563043
vt 0.284553 0.563010
vt 0.244990 0.560250
vt 0.282014 0.563516
vt 0.244991 0.563050
vt 0.889482 0.095376
vt 0.888194 0.096726
vt 0.889225 0.091586
vt 0.887695 0.089452
vt 0.893275 0.086801
vt 0.892156 0.085209
vt 0.887577 0.087864
vt 0.884803 0.086839
vt 0.888429 0.084210
vt 0.890718 0.083210
vt 0.888348 0.082764
vt 0.890902 0.077901
vt 0.890276 0.074557
vt 0.888762 0.079222
vt 0.887577 0.087864
vt 0.906860 0.065917
vt 0.908228 0.066141
vt 0.903125 0.075310
vt 0.893967 0.077702
vt 0.918272 0.981019
vt 0.824033 0.984750
vt 0.905979 0.980644
vt 0.905936 0.981840
vt 0.884081 0.981526
vt 0.884153 0.982845
vt 0.861066 0.983929
vt 0.824332 0.983133
vt 0.728128 0.984647
vt 0.776424 0.985645
vt 0.727586 0.978881
vt 0.727721 0.988114
vt 0.640556 0.986055
vt 0.609427 0.986351
vt 0.538895 0.987395
vt 0.508951 0.987276
vt 0.429272 0.984592
vt 0.380631 0.984109
vt 0.324575 0.983415
vt 0.380515 0.986261
vt 0.428993 0.986680
vt 0.429731 0.988712
vt 0.464154 0.986899
vt 0.464289 0.988942
vt 0.508769 0.989203
vt 0.538902 0.989307
vt 0.568140 0.988859
vt 0.609319 0.988213
vt 0.639935 0.987809
vt 0.918150 0.977295
vt 0.918319 0.981931
vt 0.932910 0.980322
vt 0.918209 0.980114
vt 0.932698 0.978663
vt 0.918155 0.979282
vt 0.932687 0.977826
vt 0.932798 0.979473
vt 0.946569 0.978894
vt 0.946629 0.979703
vt 0.946483 0.976332
vt 0.946649 0.980476
vt 0.961662 0.979053
vt 0.961551 0.975782
vt 0.961710 0.979796
vt 0.976801 0.978492
vt 0.976674 0.975288
vt 0.976839 0.979227
vt 0.008309 0.972172
vt 0.994198 0.977706
vt 0.994171 0.974501
vt 0.008103 0.972969
vt 0.008529 0.968668
vt 0.994347 0.978444
vt 0.896880 0.558867
vt 0.934747 0.560507
vt 0.934489 0.585057
vt 0.813476 0.633238
vt 0.649761 0.674518
vt 0.855025 0.639250
vt 0.629979 0.674669
vt 0.894391 0.614527
vt 0.936022 0.631699
vt 0.597617 0.648861
vt 0.934915 0.531105
vt 0.966005 0.505793
vt 0.701113 0.399327
vt 0.685846 0.329390
vt 0.688064 0.336325
vt 0.693583 0.327184
vt 0.696482 0.334183
vt 0.691610 0.342998
vt 0.748241 0.574466
vt 0.688359 0.511210
vt 0.976837 0.595240
vt 0.620165 0.465681
vt 0.739232 0.591281
vt 0.673025 0.639892
vt 0.785135 0.595329
vt 0.799581 0.567632
vt 0.908196 0.483051
vt 0.938325 0.470051
vt 0.965929 0.463559
vt 0.728428 0.352202
vt 0.937790 0.459822
vt 0.908348 0.456786
vt 0.910006 0.447191
vt 0.916310 0.436022
vt 0.835131 0.551255
vt 0.871033 0.522852
vt 0.935133 0.610117
vt 0.859484 0.609724
vt 0.895027 0.586041
vt 0.868445 0.556354
vt 0.863583 0.582635
vt 0.830096 0.578203
vt 0.822482 0.605228
vt 0.807649 0.547292
vt 0.761124 0.550106
vt 0.768193 0.531817
vt 0.714459 0.544007
vt 0.704031 0.326642
vt 0.705526 0.333284
vt 0.705433 0.340032
vt 0.701027 0.342708
vt 0.692376 0.348062
vt 0.701957 0.347622
vt 0.693685 0.354216
vt 0.680999 0.398222
vt 0.696829 0.360021
vt 0.670865 0.402058
vt 0.709159 0.356235
vt 0.661148 0.399786
vt 0.716385 0.347085
vt 0.937738 0.449110
vt 0.943810 0.437303
vt 0.945338 0.432478
vt 0.967821 0.449942
vt 0.973613 0.437455
vt 0.745746 0.331228
vt 0.740212 0.337517
vt 0.974904 0.429059
vt 0.751528 0.325920
vt 0.918424 0.416561
vt 0.917781 0.431156
vt 0.920965 0.386508
vt 0.938642 0.360196
vt 0.108465 0.586387
vt 0.115994 0.584778
vt 0.223545 0.630807
vt 0.114663 0.579801
vt 0.105542 0.582147
vt 0.107971 0.572595
vt 0.110694 0.576869
vt 0.097620 0.576804
vt 0.203135 0.631708
vt 0.101338 0.579563
vt 0.110229 0.569486
vt 0.114222 0.572361
vt 0.117102 0.568479
vt 0.117935 0.576473
vt 0.120165 0.573211
vt 0.101079 0.594312
vt 0.103895 0.597159
vt 0.213114 0.615666
vt 0.082406 0.585030
vt 0.081105 0.573353
vt 0.076350 0.573032
vt 0.184577 0.638478
vt 0.078810 0.564987
vt 0.185253 0.649214
vt 0.087712 0.566389
vt 0.085054 0.573310
vt 0.092452 0.566306
vt 0.089264 0.574959
vt 0.682018 0.343625
vt 0.684436 0.339726
vt 0.681610 0.332278
vt 0.708596 0.326747
vt 0.066960 0.663305
vt 0.436915 0.877448
vt 0.079214 0.662805
vt 0.448856 0.870091
vt 0.083451 0.643129
vt 0.088904 0.641590
vt 0.095208 0.639072
vt 0.212626 0.572441
vt 0.096295 0.632768
vt 0.080757 0.633872
vt 0.076202 0.644264
vt 0.069490 0.644790
vt 0.066972 0.638235
vt 0.039977 0.636324
vt 0.160506 0.572054
vt 0.024468 0.633624
vt 0.146095 0.568046
vt 0.032024 0.630024
vt 0.025471 0.629562
vt 0.023449 0.619826
vt 0.084659 0.555533
vt 0.094339 0.557854
vt 0.093839 0.561201
vt 0.094825 0.568893
vt 0.203879 0.644264
vt 0.093219 0.576506
vt 0.201575 0.634775
vt 0.949473 0.231893
vt 0.951490 0.243340
vt 0.954234 0.242594
vt 0.951322 0.231372
vt 0.947681 0.218868
vt 0.946715 0.232592
vt 0.691862 0.310405
vt 0.660560 0.369932
vt 0.709107 0.312578
vt 0.653427 0.379890
vt 0.717364 0.324282
vt 0.713745 0.327063
vt 0.713984 0.336394
vt 0.656056 0.393396
vt 0.719730 0.337139
vt 0.704701 0.352128
vt 0.707779 0.342491
vt 0.712042 0.343128
vt 0.709763 0.335526
vt 0.707397 0.316721
vt 0.703487 0.318726
vt 0.690479 0.315884
vt 0.678930 0.318723
vt 0.676791 0.314517
vt 0.800945 0.181284
vt 0.670687 0.323254
vt 0.805865 0.177542
vt 0.675048 0.326467
vt 0.676917 0.335510
vt 0.022129 0.623936
vt 0.025729 0.624004
vt 0.020669 0.617455
vt 0.135108 0.582629
vt 0.026362 0.618665
vt 0.033185 0.624463
vt 0.043379 0.620183
vt 0.044174 0.626066
vt 0.052118 0.626942
vt 0.080260 0.557555
vt 0.187652 0.657346
vt 0.082912 0.564406
vt 0.083545 0.558816
vt 0.941454 0.385463
vt 0.979111 0.320284
vt 0.883057 0.272695
vt 0.993183 0.292665
vt 0.885526 0.277639
vt 0.967321 0.318644
vt 0.966736 0.300664
vt 0.974289 0.296825
vt 0.960277 0.288717
vt 0.963273 0.272441
vt 0.022752 0.628238
vt 0.914890 0.205005
vt 0.974798 0.205451
vt 0.916246 0.208225
vt 0.904688 0.224745
vt 0.895306 0.255772
vt 0.985053 0.252694
vt 0.892653 0.264180
vt 0.989312 0.266127
vt 0.888636 0.268659
vt 0.993168 0.278064
vt 0.891834 0.273248
vt 0.907490 0.281659
vt 0.916267 0.287122
vt 0.931407 0.288171
vt 0.922156 0.268336
vt 0.926965 0.246031
vt 0.723237 0.467748
vt 0.777737 0.503382
vt 0.817123 0.492437
vt 0.958974 0.194447
vt 0.929159 0.198357
vt 0.961328 0.211460
vt 0.951879 0.196582
vt 0.938419 0.195985
vt 0.946218 0.201786
vt 0.944778 0.219130
vt 0.931843 0.216918
vt 0.931424 0.202098
vt 0.919918 0.212741
vt 0.928589 0.232076
vt 0.911914 0.265091
vt 0.936102 0.202397
vt 0.940266 0.205232
vt 0.944041 0.203280
vt 0.937351 0.198185
vt 0.930088 0.199441
vt 0.912668 0.228534
vt 0.903361 0.239205
vt 0.913368 0.243188
vt 0.901411 0.258224
vt 0.896465 0.266857
vt 0.935346 0.082098
vt 0.865277 0.083049
vt 0.960818 0.067882
vt 0.119706 0.565316
vt 0.224147 0.648677
vt 0.112630 0.566563
vt 0.104371 0.571330
vt 0.206771 0.641660
vt 0.089177 0.558991
vt 0.081849 0.552451
vt 0.192159 0.661482
vt 0.089639 0.555405
vt 0.096861 0.561563
vt 0.205602 0.652196
vt 0.901206 0.412644
vt 0.117102 0.568479
vt 0.224147 0.648677
vt 0.119706 0.565316
vt 0.227391 0.642405
vt 0.123534 0.572996
vt 0.120165 0.573211
vt 0.114663 0.579801
vt 0.117935 0.576473
vt 0.110694 0.576869
vt 0.114222 0.572361
vt 0.112630 0.566563
vt 0.216886 0.650343
vt 0.110975 0.563281
vt 0.107971 0.572595
vt 0.206771 0.641660
vt 0.104371 0.571330
vt 0.960588 0.078524
vt 0.870613 0.078668
vt 0.955247 0.101368
vt 0.879621 0.065433
vt 0.876213 0.075666
vt 0.883645 0.066797
vt 0.987481 0.024083
vt 0.862273 0.065372
vt 0.853599 0.074092
vt 0.846318 0.072413
vt 0.865226 0.048887
vt 0.856474 0.040507
vt 0.831310 0.042675
vt 0.853877 0.435971
vt 0.860485 0.426166
vt 0.832221 0.415391
vt 0.825589 0.424450
vt 0.809869 0.390816
vt 0.852466 0.294909
vt 0.952259 0.357822
vt 0.860019 0.312320
vt 0.872439 0.325855
vt 0.894449 0.287760
vt 0.944261 0.320917
vt 0.381752 0.979361
vt 0.381637 0.990349
vt 0.381102 0.988372
vt 0.325014 0.987707
vt 0.909747 0.303473
vt 0.883004 0.335987
vt 0.895525 0.347237
vt 0.867137 0.356909
vt 0.883982 0.370641
vt 0.862431 0.420489
vt 0.879176 0.424546
vt 0.890036 0.444859
vt 0.896484 0.434159
vt 0.897998 0.428139
vt 0.944492 0.416888
vt 0.069584 0.734741
vt 0.083472 0.748483
vt 0.100269 0.765419
vt 0.082286 0.774112
vt 0.271554 0.872008
vt 0.257513 0.868671
vt 0.276409 0.903251
vt 0.295562 0.936540
vt 0.490077 0.727134
vt 0.301955 0.900737
vt 0.325963 0.904964
vt 0.333219 0.882308
vt 0.320372 0.854421
vt 0.336745 0.826971
vt 0.341963 0.863281
vt 0.357643 0.838885
vt 0.381274 0.855585
vt 0.382061 0.810901
vt 0.420262 0.820400
vt 0.434074 0.812114
vt 0.468433 0.798352
vt 0.164224 0.853389
vt 0.578235 0.111894
vt 0.579314 0.112042
vt 0.156509 0.897437
vt 0.578799 0.072085
vt 0.580257 0.071840
vt 0.578274 0.021615
vt 0.531950 0.428670
vt 0.535071 0.430627
vt 0.582788 0.021257
vt 0.612288 0.017334
vt 0.555265 0.442801
vt 0.632790 0.114146
vt 0.634371 0.159458
vt 0.640614 0.204808
vt 0.612345 0.238910
vt 0.644493 0.240765
vt 0.607666 0.344887
vt 0.630051 0.351886
vt 0.596573 0.376601
vt 0.589674 0.425208
vt 0.615934 0.386816
vt 0.642429 0.777876
vt 0.635154 0.395135
vt 0.458552 0.465130
vt 0.661171 0.321771
vt 0.638313 0.315568
vt 0.455702 0.418266
vt 0.666932 0.280231
vt 0.643320 0.276038
vt 0.476506 0.289771
vt 0.661486 0.158534
vt 0.564781 0.226397
vt 0.814270 0.715579
vt 0.649123 0.071568
vt 0.631673 0.070473
vt 0.568493 0.456546
vt 0.636203 0.021330
vt 0.067111 0.679321
vt 0.002931 0.845896
vt 0.069129 0.705095
vt 0.060484 0.693687
vt 0.060192 0.717904
vt 0.051832 0.721687
vt 0.077393 0.755626
vt 0.065358 0.775286
vt 0.049525 0.749770
vt 0.035180 0.760326
vt 0.569563 0.364966
vt 0.580230 0.336416
vt 0.584750 0.304327
vt 0.576291 0.335469
vt 0.580512 0.303925
vt 0.583325 0.269235
vt 0.216014 0.712664
vt 0.577816 0.237749
vt 0.578002 0.156407
vt 0.175466 0.804659
vt 0.576442 0.155486
vt 0.049048 0.697672
vt 0.035915 0.711988
vt 0.061492 0.740851
vt 0.063520 0.762920
vt 0.030006 0.727420
vt 0.022567 0.741527
vt 0.578799 0.072085
vt 0.156509 0.897437
vt 0.222548 0.861203
vt 0.231321 0.824357
vt 0.245697 0.779316
vt 0.298946 0.809269
vt 0.316094 0.782780
vt 0.329912 0.790258
vt 0.337395 0.760313
vt 0.376813 0.745131
vt 0.388221 0.770739
vt 0.407204 0.756216
vt 0.399784 0.728125
vt 0.454257 0.732409
vt 0.363592 0.577533
vt 0.567385 0.363383
vt 0.446164 0.671377
vt 0.412112 0.685160
vt 0.385331 0.701864
vt 0.369360 0.732477
vt 0.421965 0.714460
vt 0.418498 0.700154
vt 0.092997 0.779665
vt 0.178590 0.770492
vt 0.057962 0.779460
vt 0.190726 0.733916
vt 0.047250 0.769382
vt 0.036372 0.773816
vt 0.030207 0.746169
vt 0.041083 0.732678
vt 0.107623 0.755175
vt 0.578235 0.111894
vt 0.164224 0.853389
vt 0.191042 0.813337
vt 0.208584 0.760830
vt 0.231672 0.722605
vt 0.266398 0.749932
vt 0.300654 0.773343
vt 0.322809 0.751583
vt 0.256392 0.693414
vt 0.331202 0.690635
vt 0.300836 0.651638
vt 0.364249 0.665054
vt 0.397312 0.642811
vt 0.378439 0.592710
vt 0.567385 0.363383
vt 0.363592 0.577533
vt 0.335233 0.621984
vt 0.574244 0.334423
vt 0.321595 0.606635
vt 0.577615 0.303856
vt 0.284031 0.639641
vt 0.577816 0.237749
vt 0.216014 0.712664
vt 0.288900 0.727332
vt 0.960892 0.379953
vt 0.820916 0.301252
vt 0.973263 0.409753
vt 0.775301 0.311699
vt 0.772838 0.353831
vt 0.808303 0.355951
vt 0.791769 0.374321
vt 0.835479 0.408653
vt 0.900290 0.281686
vt 0.898087 0.293319
vt 0.903930 0.298758
vt 0.916878 0.309459
vt 0.923715 0.314771
vt 0.953367 0.275839
vt 0.936116 0.267489
vt 0.943195 0.244812
vt 0.931540 0.318633
vt 0.896794 0.379312
vt 0.907345 0.355397
vt 0.870534 0.401539
vt 0.884585 0.407797
vt 0.908465 0.383516
vt 0.922490 0.360372
vt 0.938762 0.319768
vt 0.895344 0.282519
vt 0.950844 0.317100
vt 0.950047 0.312327
vt 0.968900 0.309414
vt 0.947027 0.306388
vt 0.941419 0.297807
vt 0.952458 0.262202
vt 0.959754 0.258557
vt 0.974493 0.255198
vt 0.970721 0.238146
vt 0.967071 0.225816
vt 0.949259 0.218157
vt 0.900701 0.222671
vt 0.986539 0.219157
vt 0.898510 0.238440
vt 0.986568 0.233090
vt 0.980700 0.281484
vt 0.977528 0.307796
vt 0.984581 0.298655
vt 0.967907 0.284087
vt 0.977565 0.268879
vt 0.847343 0.387493
vt 0.852956 0.344739
vt 0.824929 0.370223
vt 0.837279 0.329957
vt 0.828416 0.316741
vt 0.791429 0.337084
vt 0.049403 0.778179
vt 0.026373 0.766721
vt 0.017326 0.773218
vt 0.191245 0.685227
vt 0.017164 0.750900
vt 0.165396 0.675301
vt 0.022755 0.755076
vt 0.358689 0.721251
vt 0.394530 0.714340
vt 0.259765 0.940049
vt 0.483616 0.684897
vt 0.487167 0.668974
vt 0.246606 0.940362
vt 0.488347 0.622177
vt 0.210037 0.949228
vt 0.437990 0.624853
vt 0.427296 0.571901
vt 0.549944 0.397716
vt 0.427491 0.551300
vt 0.530599 0.427502
vt 0.576504 0.022761
vt 0.153293 0.951975
vt 0.489938 0.550581
vt 0.740814 0.144466
vt 0.747245 0.066269
vt 0.740763 0.029162
vt 0.746049 0.031254
vt 0.753395 0.096572
vt 0.803052 0.124911
vt 0.792865 0.137097
vt 0.814211 0.137187
vt 0.806582 0.149809
vt 0.786674 0.149950
vt 0.786674 0.149950
vt 0.769203 0.142304
vt 0.775834 0.136645
vt 0.758551 0.024201
vt 0.764403 0.047282
vt 0.760423 0.085851
vt 0.753402 0.059660
vt 0.747245 0.066269
vt 0.753402 0.059660
vt 0.760423 0.085851
vt 0.783328 0.123114
vt 0.794107 0.111356
vt 0.773579 0.015152
vt 0.654865 0.482388
vt 0.724487 0.525550
vt 0.813904 0.514525
vt 0.841580 0.518806
vt 0.898944 0.526288
vt 0.935731 0.506147
vt 0.962131 0.491661
vt 0.712373 0.384733
vt 0.762449 0.411902
vt 0.750445 0.426742
vt 0.807852 0.451220
vt 0.855551 0.478245
vt 0.861930 0.461885
vt 0.884731 0.464734
vt 0.866603 0.451932
vt 0.837667 0.458624
vt 0.845437 0.448336
vt 0.805813 0.396990
vt 0.799351 0.405272
vt 0.788028 0.379816
vt 0.781788 0.387529
vt 0.768755 0.359079
vt 0.762805 0.366158
vt 0.160395 0.576464
vt 0.165764 0.580769
vt 0.159560 0.580213
vt 0.157967 0.583617
vt 0.935863 0.488268
vt 0.909079 0.501449
vt 0.880185 0.498777
vt 0.852010 0.495633
vt 0.826416 0.473337
vt 0.798315 0.465483
vt 0.789160 0.478840
vt 0.772000 0.447943
vt 0.759696 0.464532
vt 0.730492 0.405246
vt 0.791110 0.421057
vt 0.783382 0.432170
vt 0.815639 0.438679
vt 0.746173 0.487124
vt 0.738606 0.442289
vt 0.718396 0.423050
vt 0.965302 0.475867
vt 0.721331 0.365334
vt 0.707542 0.487185
vt 0.697812 0.446011
vt 0.676904 0.459933
vt 0.972019 0.530721
vt 0.678288 0.419310
vt 0.974108 0.555968
vt 0.652562 0.434368
vt 0.664269 0.471540
vt 0.975555 0.575191
vt 0.635641 0.448745
vt 0.697684 0.500131
vt 0.731501 0.508726
vt 0.020123 0.630204
vt 0.138563 0.567528
vt 0.017534 0.624493
vt 0.132820 0.574082
vt 0.138995 0.580202
vt 0.144362 0.576821
vt 0.152553 0.579201
vt 0.153172 0.575323
vt 0.030657 0.635423
vt 0.152156 0.571103
vt 0.145839 0.572344
vt 0.141744 0.571633
vt 0.138533 0.575258
vt 0.143115 0.580990
vt 0.192836 0.654308
vt 0.075015 0.581454
vt 0.182961 0.629807
vt 0.197588 0.656398
vt 0.090477 0.551517
vt 0.199657 0.663303
vt 0.193581 0.656589
vt 0.190018 0.645222
vt 0.195203 0.643125
vt 0.199925 0.643144
vt 0.200813 0.652133
vt 0.196843 0.652955
vt 0.101298 0.602802
vt 0.210947 0.609148
vt 0.207026 0.609766
vt 0.210395 0.618159
vt 0.290656 0.170467
vt 0.290487 0.214491
vt 0.247483 0.164497
vt 0.198821 0.146506
vt 0.111966 0.131990
vt 0.118348 0.096806
vt 0.159067 0.072057
vt 0.144314 0.026556
vt 0.666309 0.756433
vt 0.153852 0.118573
vt 0.196360 0.081641
vt 0.246894 0.097162
vt 0.254266 0.034979
vt 0.758154 0.710211
vt 0.290912 0.103728
vt 0.291185 0.032268
vt 0.785765 0.691054
vt 0.334978 0.097499
vt 0.385631 0.082366
vt 0.406663 0.033158
vt 0.694763 0.746677
vt 0.454393 0.062858
vt 0.422998 0.073068
vt 0.382672 0.147213
vt 0.772395 0.070533
vt 0.778542 0.033787
vt 0.764403 0.047282
vt 0.750598 0.029050
vt 0.827654 0.146683
vt 0.816565 0.166952
vt 0.800725 0.160656
vt 0.805350 0.009608
vt 0.813835 0.030395
vt 0.820505 0.012103
vt 0.839875 0.024777
vt 0.788938 0.010579
vt 0.801078 0.030001
vt 0.807873 0.098049
vt 0.817287 0.110946
vt 0.831049 0.102633
vt 0.827131 0.121298
vt 0.838757 0.131789
vt 0.851253 0.136510
vt 0.770937 0.401148
vt 0.751162 0.379012
vt 0.742850 0.390086
vt 0.150633 0.814954
vt 0.155018 0.813000
vt 0.152171 0.810546
vt 0.157793 0.806383
vt 0.153295 0.800519
vt 0.150142 0.811180
vt 0.148055 0.810983
vt 0.145777 0.813971
vt 0.141715 0.808069
vt 0.147994 0.807937
vt 0.147511 0.805230
vt 0.144938 0.801434
vt 0.149508 0.804441
vt 0.148925 0.799651
vt 0.149780 0.807742
vt 0.151594 0.807530
vt 0.151512 0.804777
vt 0.034501 0.320578
vt 0.038126 0.318559
vt 0.039104 0.299878
vt 0.041371 0.281010
vt 0.045173 0.281819
vt 0.050872 0.284823
vt 0.052759 0.278408
vt 0.057563 0.287516
vt 0.061058 0.286132
vt 0.066465 0.300663
vt 0.070244 0.319046
vt 0.072803 0.322166
vt 0.048941 0.326309
vt 0.060287 0.301673
vt 0.052454 0.300236
vt 0.044692 0.298927
vt 0.048417 0.319376
vt 0.313068 0.814502
vt 0.364947 0.791896
vt 0.349319 0.769636
vt 0.487537 0.571339
vt 0.169437 0.952968
vt 0.172531 0.896996
vt 0.121278 0.578553
vt 0.226911 0.636885
vt 0.218212 0.630903
vt 0.111085 0.590994
vt 0.218389 0.622363
vt 0.271071 0.937509
vt 0.485129 0.698610
vt 0.263398 0.903879
vt 0.249302 0.900103
vt 0.213681 0.896622
vt 0.181513 0.853224
vt 0.281028 0.798394
vt 0.266301 0.837614
vt 0.282007 0.841506
vt 0.285187 0.873653
vt 0.310422 0.876293
vt 0.294813 0.848077
vt 0.350889 0.807618
vt 0.369991 0.823681
vt 0.401809 0.793603
vt 0.418362 0.782192
vt 0.436660 0.771983
vt 0.428495 0.743220
vt 0.460656 0.762226
vt 0.449271 0.703000
vt 0.448038 0.688234
vt 0.356050 0.911458
vt 0.321785 0.937008
vt 0.492677 0.757828
vt 0.354151 0.936912
vt 0.493267 0.795637
vt 0.390823 0.916359
vt 0.210004 0.545486
vt 0.410638 0.918773
vt 0.200674 0.542229
vt 0.414004 0.909285
vt 0.192569 0.538134
vt 0.417052 0.900088
vt 0.398892 0.889846
vt 0.182275 0.534275
vt 0.423132 0.889660
vt 0.415012 0.868065
vt 0.175045 0.533633
vt 0.059586 0.661870
vt 0.429647 0.883219
vt 0.423488 0.861061
vt 0.088180 0.661216
vt 0.458426 0.865421
vt 0.096178 0.658629
vt 0.467740 0.861714
vt 0.461480 0.840720
vt 0.104566 0.654682
vt 0.478270 0.858625
vt 0.360671 0.891810
vt 0.394866 0.902427
vt 0.367498 0.876045
vt 0.407304 0.876144
vt 0.392132 0.843346
vt 0.402620 0.833346
vt 0.438093 0.851639
vt 0.449822 0.845520
vt 0.448789 0.805179
vt 0.475486 0.836313
vt 0.389183 0.932937
vt 0.491527 0.835779
vt 0.739546 0.667512
vt 0.713480 0.690301
vt 0.722753 0.723767
vt 0.693487 0.739045
vt 0.438100 0.027680
vt 0.666309 0.756433
vt 0.665189 0.748731
vt 0.602162 0.746967
vt 0.556993 0.702722
vt 0.507538 0.737710
vt 0.511015 0.692933
vt 0.542251 0.657086
vt 0.565892 0.678926
vt 0.529182 0.695603
vt 0.593529 0.691775
vt 0.585211 0.656384
vt 0.603115 0.675976
vt 0.625541 0.704979
vt 0.627959 0.688184
vt 0.707549 0.557392
vt 0.679791 0.606340
vt 0.673891 0.671329
vt 0.654583 0.687830
vt 0.602162 0.746967
vt 0.627665 0.725655
vt 0.633984 0.751313
vt 0.687367 0.710409
vt 0.697275 0.600423
vt 0.686677 0.644361
vt 0.676993 0.524986
vt 0.649154 0.582233
vt 0.700739 0.668650
vt 0.683324 0.688685
vt 0.687367 0.710409
vt 0.585211 0.656384
vt 0.977548 0.613215
vt 0.607458 0.481580
vt 0.587694 0.619436
vt 0.571081 0.617214
vt 0.527039 0.647968
vt 0.556993 0.702722
vt 0.569429 0.742150
vt 0.591915 0.714932
vt 0.658231 0.703907
vt 0.654583 0.687830
vt 0.683324 0.688685
vt 0.700739 0.668650
vt 0.721662 0.635837
vt 0.981864 0.825093
vt 0.470500 0.016236
vt 0.635440 0.759613
vt 0.633984 0.751313
vt 0.975809 0.854060
vt 0.603332 0.756736
vt 0.569429 0.742150
vt 0.535170 0.738232
vt 0.978323 0.954962
vt 0.508567 0.748924
vt 0.535170 0.738232
vt 0.973474 0.927847
vt 0.536295 0.749326
vt 0.665189 0.748731
vt 0.175706 0.032275
vt 0.694763 0.746677
vt 0.722753 0.723767
vt 0.210412 0.033623
vt 0.724035 0.731921
vt 0.757135 0.702657
vt 0.870597 0.126679
vt 0.874542 0.124461
vt 0.882613 0.125167
vt 0.885618 0.127676
vt 0.887330 0.129540
vt 0.879313 0.132788
vt 0.882841 0.125802
vt 0.878426 0.132362
vt 0.876297 0.132171
vt 0.871098 0.127314
vt 0.875508 0.132543
vt 0.868538 0.131012
vt 0.875259 0.133063
vt 0.858826 0.123746
vt 0.867528 0.130321
vt 0.874989 0.125188
vt 0.057925 0.901081
vt 0.073177 0.873518
vt 0.073242 0.854935
vt 0.058690 0.841407
vt 0.073220 0.840741
vt 0.104251 0.911408
vt 0.072784 0.902140
vt 0.072422 0.917482
vt 0.170822 0.609993
vt 0.163962 0.607015
vt 0.158061 0.618638
vt 0.159118 0.604437
vt 0.110541 0.920774
vt 0.090864 0.928297
vt 0.088778 0.916625
vt 0.072081 0.929174
vt 0.044895 0.896868
vt 0.058490 0.872747
vt 0.004431 0.845502
vt 0.073422 0.711406
vt 0.023739 0.823322
vt 0.016479 0.817638
vt 0.089293 0.708513
vt 0.040759 0.798713
vt 0.116651 0.716568
vt 0.046177 0.808679
vt 0.123583 0.822259
vt 0.529182 0.695603
vt 0.542251 0.657086
vt 0.565892 0.678926
vt 0.603115 0.675976
vt 0.894644 0.638836
vt 0.611305 0.664558
vt 0.627959 0.688184
vt 0.773530 0.617554
vt 0.663859 0.661879
vt 0.018835 0.937494
vt 0.019677 0.936210
vt 0.004670 0.900775
vt 0.006647 0.900378
vt 0.008706 0.876408
vt 0.011002 0.875637
vt 0.034311 0.832772
vt 0.051971 0.820439
vt 0.073090 0.819593
vt 0.094223 0.820164
vt 0.087794 0.841186
vt 0.101437 0.842510
vt 0.088338 0.855905
vt 0.112584 0.832013
vt 0.133891 0.848886
vt 0.120638 0.852736
vt 0.193581 0.656590
vt 0.199658 0.663303
vt 0.090477 0.551517
vt 0.204858 0.657773
vt 0.097346 0.555268
vt 0.200813 0.652133
vt 0.201243 0.654796
vt 0.197588 0.656398
vt 0.134268 0.641063
vt 0.136872 0.636915
vt 0.146686 0.633420
vt 0.141737 0.640555
vt 0.142923 0.647460
vt 0.137768 0.645538
vt 0.142943 0.651708
vt 0.042708 0.559384
vt 0.130276 0.642842
vt 0.031840 0.565855
vt 0.136267 0.629136
vt 0.038399 0.578724
vt 0.140764 0.630264
vt 0.148898 0.621364
vt 0.149963 0.610843
vt 0.047835 0.593017
vt 0.153745 0.613943
vt 0.153977 0.624134
vt 0.157849 0.628263
vt 0.165017 0.623777
vt 0.163267 0.633447
vt 0.058806 0.578239
vt 0.157855 0.660478
vt 0.056890 0.553724
vt 0.166397 0.653807
vt 0.169996 0.658027
vt 0.165425 0.658694
vt 0.161155 0.656082
vt 0.058243 0.855917
vt 0.046133 0.858066
vt 0.041294 0.909922
vt 0.056217 0.915834
vt 0.071730 0.939753
vt 0.093897 0.939440
vt 0.124985 0.939230
vt 0.139387 0.877975
vt 0.124327 0.752818
vt 0.146495 0.845764
vt 0.142441 0.795892
vt 0.136999 0.877086
vt 0.119784 0.874572
vt 0.099838 0.808375
vt 0.073005 0.808321
vt 0.101794 0.872347
vt 0.101140 0.897854
vt 0.087757 0.901637
vt 0.116869 0.928925
vt 0.140505 0.902945
vt 0.128479 0.898599
vt 0.130781 0.876942
vt 0.117073 0.895620
vt 0.100702 0.858055
vt 0.087966 0.872973
vt 0.014640 0.849104
vt 0.016932 0.875699
vt 0.049783 0.938249
vt 0.044826 0.952578
vt 0.044305 0.954581
vt 0.071181 0.957136
vt 0.071259 0.955140
vt 0.098347 0.956041
vt 0.125782 0.940562
vt 0.142539 0.903440
vt 0.097982 0.953999
vt 0.053486 0.927293
vt 0.028119 0.926449
vt 0.034708 0.918759
vt 0.018391 0.896635
vt 0.029497 0.894169
vt 0.044924 0.871900
vt 0.045212 0.842938
vt 0.027059 0.852863
vt 0.027485 0.873707
vt 0.627665 0.725655
vt 0.591915 0.714932
vt 0.593529 0.691775
vt 0.625541 0.704979
vt 0.658231 0.703907
vt 0.659428 0.723428
vt 0.686677 0.644361
vt 0.721662 0.635837
vt 0.762766 0.650069
vt 0.739546 0.667512
vt 0.713480 0.690301
vt 0.693487 0.739045
vt 0.659428 0.723428
vt 0.371947 0.034241
vt 0.724035 0.731921
vt 0.328083 0.035261
vt 0.758154 0.710211
vt 0.757135 0.702657
vt 0.784662 0.683225
vt 0.707549 0.557392
vt 0.679791 0.606340
vt 0.673891 0.671329
vt 0.855025 0.639250
vt 0.629979 0.674669
vt 0.894644 0.638836
vt 0.611305 0.664558
vt 0.936022 0.631699
vt 0.597617 0.648861
vt 0.644279 0.497084
vt 0.610594 0.592786
vt 0.600134 0.579818
vt 0.654651 0.565968
vt 0.554428 0.601985
vt 0.676993 0.524986
vt 0.649154 0.582233
vt 0.697275 0.600423
vt 0.740900 0.616730
vt 0.708767 0.578863
vt 0.654742 0.555656
vt 0.597657 0.569863
vt 0.571081 0.617214
vt 0.600134 0.579818
vt 0.644279 0.497084
vt 0.610594 0.592786
vt 0.654651 0.565968
vt 0.171221 0.655065
vt 0.163386 0.643141
vt 0.161375 0.652917
vt 0.175124 0.645860
vt 0.177656 0.635962
vt 0.169348 0.643581
vt 0.166722 0.632775
vt 0.146214 0.643922
vt 0.153353 0.642802
vt 0.052313 0.569492
vt 0.150744 0.637871
vt 0.159588 0.632134
vt 0.056564 0.577955
vt 0.888459 0.117470
vt 0.885326 0.127362
vt 0.877671 0.188937
vt 0.887111 0.168926
vt 0.862304 0.211678
vt 0.856833 0.241879
vt 0.843354 0.252813
vt 0.800780 0.243618
vt 0.880006 0.134203
vt 0.887310 0.135489
vt 0.879632 0.134420
vt 0.878757 0.134571
vt 0.877444 0.134272
vt 0.876277 0.140637
vt 0.876310 0.133877
vt 0.871470 0.139003
vt 0.876693 0.141125
vt 0.881337 0.140509
vt 0.885226 0.138523
vt 0.888018 0.132663
vt 0.880178 0.133712
vt 0.888734 0.136721
vt 0.889052 0.133556
vt 0.898339 0.143226
vt 0.887198 0.129831
vt 0.870597 0.126679
vt 0.874989 0.125188
vt 0.874542 0.124461
vt 0.888459 0.117470
vt 0.880267 0.115733
vt 0.887234 0.109029
vt 0.896403 0.098901
vt 0.900010 0.121971
vt 0.902430 0.132234
vt 0.096653 0.697689
vt 0.902533 0.151510
vt 0.892473 0.194988
vt 0.115821 0.687670
vt 0.125394 0.681117
vt 0.106143 0.682146
vt 0.023900 0.733141
vt 0.142806 0.673234
vt 0.030078 0.716879
vt 0.123014 0.674435
vt 0.033793 0.700427
vt 0.102804 0.674768
vt 0.049818 0.685949
vt 0.081502 0.687684
vt 0.085631 0.694858
vt 0.122492 0.708702
vt 0.072927 0.798370
vt 0.132759 0.731397
vt 0.105105 0.798396
vt 0.143884 0.749885
vt 0.157466 0.772644
vt 0.131350 0.816338
vt 0.145806 0.777226
vt 0.158426 0.784219
vt 0.144916 0.845297
vt 0.140264 0.792026
vt 0.112175 0.768258
vt 0.161933 0.790293
vt 0.152571 0.745948
vt 0.164278 0.733445
vt 0.140880 0.724813
vt 0.155102 0.693104
vt 0.156001 0.679834
vt 0.164648 0.679845
vt 0.166793 0.688042
vt 0.183831 0.723038
vt 0.177942 0.739030
vt 0.072929 0.566248
vt 0.179060 0.650935
vt 0.074117 0.574974
vt 0.180605 0.638487
vt 0.163387 0.643141
vt 0.177099 0.696254
vt 0.182372 0.708187
vt 0.185018 0.731419
vt 0.817788 0.235666
vt 0.794826 0.216954
vt 0.814052 0.212600
vt 0.832255 0.230790
vt 0.846089 0.224308
vt 0.850320 0.153107
vt 0.867528 0.130321
vt 0.868326 0.135657
vt 0.875584 0.133559
vt 0.875259 0.133063
vt 0.868538 0.131012
vt 0.875508 0.132543
vt 0.871098 0.127314
vt 0.876297 0.132171
vt 0.878426 0.132362
vt 0.879313 0.132788
vt 0.879908 0.133119
vt 0.887330 0.129540
vt 0.885618 0.127676
vt 0.885326 0.127362
vt 0.882613 0.125167
vt 0.882841 0.125802
vt 0.040448 0.575175
vt 0.038650 0.564618
vt 0.040789 0.567765
vt 0.037066 0.571674
vt 0.132727 0.635460
vt 0.033008 0.573478
vt 0.136267 0.629136
vt 0.038399 0.578724
vt 0.045967 0.582828
vt 0.048857 0.579752
vt 0.069926 0.558989
vt 0.058980 0.560936
vt 0.058936 0.556703
vt 0.163786 0.665498
vt 0.063164 0.551889
vt 0.063928 0.555292
vt 0.171502 0.663660
vt 0.070349 0.552042
vt 0.214087 0.642674
vt 0.213466 0.632790
vt 0.204917 0.628559
vt 0.208767 0.624716
vt 0.206028 0.621093
vt 0.213949 0.622582
vt 0.198955 0.625546
vt 0.190834 0.627369
vt 0.187520 0.635382
vt 0.193005 0.633448
vt 0.197965 0.633276
vt 0.097346 0.555268
vt 0.204858 0.657773
vt 0.201243 0.654796
vt 0.083545 0.558816
vt 0.084659 0.555533
vt 0.089639 0.555405
vt 0.094339 0.557854
vt 0.205602 0.652196
vt 0.096861 0.561563
vt 0.093839 0.561201
vt 0.089177 0.558991
vt 0.087712 0.566389
vt 0.082912 0.564406
vt 0.185253 0.649214
vt 0.078810 0.564987
vt 0.081105 0.573353
vt 0.075192 0.586229
vt 0.082406 0.585030
vt 0.089264 0.574959
vt 0.200112 0.625718
vt 0.092411 0.583714
vt 0.203879 0.644264
vt 0.094825 0.568893
vt 0.085054 0.573310
vt 0.092411 0.583714
vt 0.200112 0.625718
vt 0.130276 0.642842
vt 0.031840 0.565855
vt 0.035429 0.567483
vt 0.142943 0.651708
vt 0.042708 0.559384
vt 0.042713 0.562967
vt 0.149146 0.647826
vt 0.049264 0.562938
vt 0.046345 0.565542
vt 0.209647 0.636269
vt 0.217663 0.639776
vt 0.221725 0.637971
vt 0.223268 0.640486
vt 0.123534 0.572996
vt 0.227391 0.642405
vt 0.220156 0.643240
vt 0.110975 0.563281
vt 0.216886 0.650343
vt 0.216504 0.645556
vt 0.108131 0.567373
vt 0.211431 0.647845
vt 0.052925 0.578423
vt 0.048391 0.569821
vt 0.044700 0.572934
vt 0.150550 0.582946
vt 0.180454 0.749881
vt 0.171040 0.756813
vt 0.174749 0.718145
vt 0.154505 0.713915
vt 0.168622 0.702790
vt 0.152435 0.682937
vt 0.144306 0.680590
vt 0.135125 0.684996
vt 0.137526 0.699862
vt 0.174106 0.767101
vt 0.075681 0.778410
vt 0.186380 0.752872
vt 0.188132 0.719949
vt 0.189964 0.712162
vt 0.070526 0.574510
vt 0.070024 0.565062
vt 0.062692 0.575924
vt 0.164887 0.626034
vt 0.059995 0.584170
vt 0.831168 0.172454
vt 0.816565 0.166952
vt 0.833967 0.163315
vt 0.827654 0.146683
vt 0.158894 0.644313
vt 0.057574 0.569601
vt 0.060782 0.566673
vt 0.156128 0.653484
vt 0.055258 0.561461
vt 0.065372 0.565525
vt 0.064383 0.558476
vt 0.068697 0.555103
vt 0.175827 0.658900
vt 0.073148 0.558267
vt 0.179061 0.650935
vt 0.072929 0.566248
vt 0.180605 0.638487
vt 0.074117 0.574974
vt 0.066461 0.574748
vt 0.067855 0.585578
vt 0.051518 0.591841
vt 0.045967 0.582828
vt 0.055216 0.589362
vt 0.052925 0.578423
vt 0.153353 0.642802
vt 0.052313 0.569492
vt 0.048391 0.569821
vt 0.044700 0.572934
vt 0.048857 0.579752
vt 0.019086 0.744307
vt 0.155799 0.674059
vt 0.179438 0.681287
vt 0.015079 0.764138
vt 0.181059 0.677075
vt 0.186317 0.689376
vt 0.191390 0.698060
vt 0.025257 0.778318
vt 0.196349 0.697881
vt 0.038667 0.780467
vt 0.195487 0.711839
vt 0.045650 0.780652
vt 0.193614 0.720195
vt 0.831168 0.172454
vt 0.828638 0.178059
vt 0.680373 0.348921
vt 0.824176 0.185421
vt 0.829915 0.184344
vt 0.684084 0.355667
vt 0.825701 0.186142
vt 0.823927 0.194282
vt 0.841648 0.204985
vt 0.846089 0.224308
vt 0.862304 0.211678
vt 0.877671 0.188937
vt 0.887111 0.168926
vt 0.872806 0.224316
vt 0.817788 0.235666
vt 0.828237 0.262483
vt 0.800780 0.243618
vt 0.784060 0.249696
vt 0.795618 0.277696
vt 0.811347 0.270631
vt 0.784060 0.249696
vt 0.766705 0.188894
vt 0.035429 0.567483
vt 0.133705 0.650375
vt 0.036561 0.561794
vt 0.042713 0.562967
vt 0.149146 0.647826
vt 0.049264 0.562938
vt 0.046345 0.565542
vt 0.038650 0.564618
vt 0.040789 0.567765
vt 0.037066 0.571674
vt 0.132727 0.635460
vt 0.033008 0.573478
vt 0.040448 0.575175
vt 0.144422 0.620408
vt 0.043917 0.586654
vt 0.895073 0.150992
vt 0.870995 0.166731
vt 0.844206 0.167395
vt 0.839952 0.181984
vt 0.813519 0.173065
vt 0.823927 0.194282
vt 0.676791 0.314517
vt 0.800945 0.181284
vt 0.797895 0.178172
vt 0.786264 0.172233
vt 0.765483 0.158486
vt 0.745710 0.111659
vt 0.753395 0.096572
vt 0.828638 0.178059
vt 0.829915 0.184344
vt 0.814392 0.196380
vt 0.801207 0.194634
vt 0.789859 0.194374
vt 0.784888 0.160073
vt 0.797895 0.178172
vt 0.801207 0.194634
vt 0.814052 0.212600
vt 0.830124 0.208191
vt 0.682912 0.389887
vt 0.687409 0.366575
vt 0.822627 0.191257
vt 0.814392 0.196380
vt 0.681000 0.368813
vt 0.683527 0.303281
vt 0.804605 0.191190
vt 0.802642 0.171614
vt 0.821275 0.157937
vt 0.833967 0.163315
vt 0.844206 0.167395
vt 0.839623 0.151500
vt 0.855662 0.166864
vt 0.863856 0.184549
vt 0.856710 0.197552
vt 0.848968 0.181585
vt 0.841648 0.204985
vt 0.830124 0.208191
vt 0.813519 0.173065
vt 0.669514 0.335153
vt 0.814390 0.178830
vt 0.861401 0.152462
vt 0.850320 0.153107
vt 0.848968 0.181585
vt 0.839952 0.181984
vt 0.856710 0.197552
vt 0.863856 0.184549
vt 0.855662 0.166864
vt 0.870995 0.166731
vt 0.877966 0.150913
vt 0.895073 0.150992
vt 0.902533 0.151510
vt 0.902938 0.172733
vt 0.910432 0.152689
vt 0.745710 0.111659
vt 0.765483 0.158486
vt 0.786264 0.172233
vt 0.766705 0.188894
vt 0.789859 0.194374
vt 0.794826 0.216954
vt 0.832255 0.230790
vt 0.175124 0.645860
vt 0.171220 0.655066
vt 0.169348 0.643581
vt 0.161375 0.652917
vt 0.161155 0.656082
vt 0.055258 0.561461
vt 0.156128 0.653484
vt 0.056890 0.553724
vt 0.157855 0.660478
vt 0.063164 0.551889
vt 0.163786 0.665498
vt 0.165425 0.658694
vt 0.070349 0.552042
vt 0.171502 0.663660
vt 0.169996 0.658027
vt 0.073148 0.558267
vt 0.175827 0.658900
vt 0.166397 0.653807
s 1
usemtl Material.001
f 10/10/1 1/1/2 2231/2614/3
f 2231/2614/3 1/1/2 2228/2611/4
f 1/1/2 8/8/5 2228/2611/4
f 2228/2611/4 8/8/5 2226/2609/6
f 8/8/5 6/6/7 2226/2609/6
f 6/6/7 4/4/8 2226/2609/6
f 2226/2609/6 4/4/8 2/2/9
f 2/2/9 4/4/8 3/3/10
f 3/3/10 4/4/8 2852/3336/11
f 4/4/8 6/6/7 2852/3336/11
f 2852/3336/11 6/6/7 5/5/12
f 5/5/12 6/6/7 2854/3338/13
f 2854/3338/13 6/6/7 7/7/14
f 6/6/7 8/8/5 7/7/14
f 7/7/14 8/8/5 9/9/15
f 8/8/5 1/1/2 9/9/15
f 9/9/15 1/1/2 809/933/16
f 1/1/2 10/10/1 809/933/16
f 809/933/16 10/10/1 12/12/17
f 10/10/1 11/11/18 12/12/17
f 11/11/18 15/15/19 12/12/17
f 12/12/17 15/15/19 13/13/20
f 13/13/20 15/15/19 14/14/21
f 14/14/21 15/15/19 2343/2744/22
f 15/15/19 2238/2621/23 2343/2744/22
f 2343/2744/22 2238/2621/23 16/16/24
f 2238/2621/23 2333/2734/25 16/16/24
f 16/16/24 2333/2734/25 17/17/26
f 18/18/27 19/19/28 2218/2601/29
f 2218/2601/29 19/19/28 20/20/30
f 20/20/30 19/19/28 22/22/31
f 19/19/28 21/21/32 22/22/31
f 21/21/32 722/823/33 22/22/31
f 22/22/31 722/823/33 2216/2599/34
f 722/823/33 23/23/35 2216/2599/34
f 2216/2599/34 23/23/35 864/1001/36
f 23/23/35 24/24/37 864/1001/36
f 864/1001/36 24/24/37 25/25/38
f 24/24/37 29/29/39 25/25/38
f 25/25/38 29/29/39 26/26/40
f 29/29/39 28/28/41 26/26/40
f 26/26/40 28/28/41 27/27/42
f 27/27/42 28/28/41 866/1003/43
f 866/1003/43 28/28/41 785/908/44
f 785/908/44 28/28/41 37/37/45
f 28/28/41 29/29/39 37/37/45
f 37/37/45 29/29/39 30/30/46
f 29/29/39 24/24/37 30/30/46
f 30/30/46 24/24/37 34/34/47
f 24/24/37 23/23/35 34/34/47
f 34/34/47 23/23/35 31/31/48
f 23/23/35 721/822/49 31/31/48
f 721/822/49 723/824/50 31/31/48
f 723/824/50 32/32/51 31/31/48
f 32/32/51 33/33/52 31/31/48
f 31/31/48 33/33/52 34/34/47
f 33/33/52 35/35/53 34/34/47
f 34/34/47 35/35/53 30/30/46
f 35/35/53 36/36/54 30/30/46
f 30/30/46 36/36/54 37/37/45
f 36/36/54 38/38/55 37/37/45
f 37/37/45 38/38/55 785/908/44
f 785/908/44 38/38/55 39/39/56
f 38/38/55 40/40/57 39/39/56
f 39/39/56 40/40/57 787/910/58
f 40/40/57 41/41/59 787/910/58
f 787/910/58 41/41/59 869/1006/60
f 869/1006/60 41/41/59 870/1007/61
f 870/1007/61 41/41/59 42/42/62
f 42/42/62 41/41/59 43/43/63
f 41/41/59 40/40/57 43/43/63
f 43/43/63 40/40/57 44/44/64
f 40/40/57 38/38/55 44/44/64
f 44/44/64 38/38/55 36/36/54
f 2220/2603/65 46/46/66 45/45/67
f 46/46/66 2225/2608/68 45/45/67
f 45/45/67 2225/2608/68 2222/2605/69
f 47/47/70 2251/2635/71 1828/2114/72
f 2251/2635/71 48/48/73 1828/2114/72
f 1828/2114/72 48/48/73 1829/2115/74
f 1829/2115/74 48/48/73 1831/2118/75
f 1831/2118/75 48/48/73 1832/2119/76
f 1832/2119/76 48/48/73 49/49/77
f 48/48/73 2251/2635/71 49/49/77
f 2251/2635/71 2252/2636/78 49/49/77
f 49/49/77 2252/2636/78 50/50/79
f 50/50/79 2252/2636/78 2022/2358/80
f 2252/2636/78 2254/2638/81 2022/2358/80
f 2022/2358/80 2254/2638/81 2023/2361/82
f 102/113/83 292/339/84 169/195/85
f 169/195/85 292/339/84 51/52/86
f 292/339/84 294/342/87 51/52/86
f 294/342/87 178/207/88 51/52/86
f 51/52/86 178/207/88 57/58/89
f 178/207/88 176/204/90 57/58/89
f 57/58/89 176/204/90 52/53/91
f 176/204/90 174/201/92 52/53/91
f 52/53/91 174/201/92 53/54/93
f 174/201/92 91/99/94 53/54/93
f 67/68/95 55/56/96 54/55/97
f 54/55/97 55/56/96 86/94/98
f 86/94/98 55/56/96 88/96/99
f 88/96/99 55/56/96 89/97/100
f 55/56/96 170/196/101 89/97/100
f 89/97/100 170/196/101 53/54/93
f 53/54/93 170/196/101 52/53/91
f 170/196/101 56/57/102 52/53/91
f 52/53/91 56/57/102 57/58/89
f 56/57/102 169/195/85 57/58/89
f 57/58/89 169/195/85 51/52/86
f 58/59/103 59/60/104 90/98/105
f 59/60/104 104/116/106 90/98/105
f 90/98/105 104/116/106 60/61/107
f 104/116/106 64/65/108 60/61/107
f 60/61/107 64/65/108 87/95/109
f 103/115/110 62/63/111 61/62/112
f 62/63/111 99/110/113 61/62/112
f 99/110/113 63/64/114 61/62/112
f 63/64/114 64/65/108 61/62/112
f 61/62/112 64/65/108 104/116/106
f 63/64/114 65/66/115 64/65/108
f 64/65/108 65/66/115 87/95/109
f 65/66/115 98/109/116 87/95/109
f 87/95/109 98/109/116 86/94/98
f 86/94/98 98/109/116 54/55/97
f 98/109/116 66/67/117 54/55/97
f 54/55/97 66/67/117 67/68/95
f 67/68/95 66/67/117 172/198/118
f 66/67/117 97/108/119 172/198/118
f 97/108/119 68/69/120 172/198/118
f 172/198/118 68/69/120 173/200/121
f 173/200/121 68/69/120 198/232/122
f 198/232/122 68/69/120 85/91/123
f 85/91/123 68/69/120 69/70/124
f 68/69/120 97/108/119 69/70/124
f 69/70/124 97/108/119 70/72/125
f 97/108/119 71/74/126 70/72/125
f 70/72/125 71/74/126 72/75/127
f 71/74/126 74/79/128 72/75/127
f 72/75/127 74/79/128 73/77/129
f 73/77/129 74/79/128 75/80/130
f 75/80/130 74/79/128 180/210/131
f 180/210/131 74/79/128 76/82/132
f 76/82/132 74/79/128 77/83/133
f 74/79/128 71/74/126 77/83/133
f 71/74/126 78/84/134 77/83/133
f 77/83/133 78/84/134 187/217/135
f 78/84/134 79/85/136 187/217/135
f 79/85/136 80/86/137 187/217/135
f 80/86/137 206/242/138 187/217/135
f 187/217/135 206/242/138 186/216/139
f 186/216/139 206/242/138 81/87/140
f 81/87/140 206/242/138 305/358/141
f 206/242/138 82/88/142 305/358/141
f 305/358/141 82/88/142 304/357/143
f 82/88/142 203/239/144 304/357/143
f 304/357/143 203/239/144 83/89/145
f 203/239/144 201/237/146 83/89/145
f 83/89/145 201/237/146 72/76/127
f 72/76/127 201/237/146 70/73/125
f 201/237/146 84/90/147 70/73/125
f 70/73/125 84/90/147 69/71/124
f 69/71/124 84/90/147 85/92/123
f 85/92/123 84/90/147 199/234/148
f 84/90/147 200/236/149 199/234/148
f 86/94/98 88/96/99 87/95/109
f 87/95/109 88/96/99 60/61/107
f 88/96/99 89/97/100 60/61/107
f 60/61/107 89/97/100 90/98/105
f 89/97/100 53/54/93 90/98/105
f 90/98/105 53/54/93 58/59/103
f 53/54/93 91/99/94 58/59/103
f 58/59/103 91/99/94 105/117/150
f 91/99/94 92/100/151 105/117/150
f 92/100/151 714/812/152 105/117/150
f 105/117/150 714/812/152 93/102/153
f 714/812/152 94/103/154 93/102/153
f 93/102/153 94/103/154 193/227/155
f 94/103/154 95/105/156 193/227/155
f 193/227/155 95/105/156 192/226/157
f 95/105/156 96/107/158 192/226/157
f 192/226/157 96/107/158 190/224/159
f 71/74/126 97/108/119 78/84/134
f 97/108/119 66/67/117 78/84/134
f 78/84/134 66/67/117 79/85/136
f 66/67/117 98/109/116 79/85/136
f 98/109/116 65/66/115 79/85/136
f 79/85/136 65/66/115 80/86/137
f 80/86/137 65/66/115 205/241/160
f 65/66/115 63/64/114 205/241/160
f 205/241/160 63/64/114 204/240/161
f 63/64/114 99/110/113 204/240/161
f 204/240/161 99/110/113 100/111/162
f 100/111/162 99/110/113 101/112/163
f 99/110/113 62/63/111 101/112/163
f 101/112/163 62/63/111 198/233/122
f 198/233/122 62/63/111 173/199/121
f 62/63/111 103/115/110 173/199/121
f 173/199/121 103/115/110 168/193/164
f 168/193/164 103/115/110 102/114/83
f 102/114/83 103/115/110 197/231/165
f 103/115/110 61/62/112 197/231/165
f 197/231/165 61/62/112 196/230/166
f 61/62/112 104/116/106 196/230/166
f 196/230/166 104/116/106 296/345/167
f 104/116/106 59/60/104 296/345/167
f 296/345/167 59/60/104 295/344/168
f 59/60/104 58/59/103 295/344/168
f 295/344/168 58/59/103 93/102/153
f 58/59/103 105/117/150 93/102/153
f 183/213/169 186/216/139 106/118/170
f 186/216/139 306/359/171 106/118/170
f 106/118/170 306/359/171 107/119/172
f 107/119/172 306/359/171 185/215/173
f 185/215/173 306/359/171 108/120/174
f 306/359/171 166/191/175 108/120/174
f 957/1112/176 109/121/177 958/1113/178
f 958/1113/178 109/121/177 863/1000/179
f 109/121/177 110/122/180 863/1000/179
f 863/1000/179 110/122/180 698/795/181
f 111/124/182 113/126/183 118/132/184
f 118/132/184 113/126/183 112/125/185
f 112/125/185 113/126/183 114/127/186
f 114/127/186 113/126/183 134/154/187
f 134/154/187 113/126/183 115/128/188
f 115/128/188 113/126/183 116/129/189
f 113/126/183 111/124/182 116/129/189
f 116/129/189 111/124/182 2817/3294/190
f 2817/3294/190 111/124/182 117/130/191
f 117/130/191 111/124/182 2815/3291/192
f 111/124/182 118/132/184 2815/3291/192
f 2815/3291/192 118/132/184 2774/3240/193
f 118/132/184 112/125/185 2774/3240/193
f 2774/3240/193 112/125/185 2775/3242/194
f 112/125/185 130/149/195 2775/3242/194
f 2775/3242/194 130/149/195 119/133/196
f 130/149/195 121/137/197 119/133/196
f 119/133/196 121/137/197 120/135/198
f 120/135/198 121/137/197 122/138/199
f 122/138/199 121/137/197 123/139/200
f 121/137/197 131/150/201 123/139/200
f 131/150/201 133/153/202 123/139/200
f 133/153/202 109/121/177 123/139/200
f 109/121/177 957/1112/176 123/139/200
f 957/1112/176 955/1110/203 123/139/200
f 123/139/200 955/1110/203 122/138/199
f 955/1110/203 954/1109/204 122/138/199
f 122/138/199 954/1109/204 120/135/198
f 120/135/198 954/1109/204 124/140/205
f 124/140/205 954/1109/204 672/765/206
f 954/1109/204 127/145/207 672/765/206
f 672/765/206 127/145/207 125/143/208
f 125/143/208 127/145/207 126/144/209
f 126/144/209 127/145/207 2259/2646/210
f 127/145/207 956/1111/211 2259/2646/210
f 956/1111/211 317/372/212 2259/2646/210
f 2259/2646/210 317/372/212 128/146/213
f 317/372/212 316/371/214 128/146/213
f 316/371/214 310/365/215 128/146/213
f 128/146/213 310/365/215 129/148/216
f 310/365/215 308/362/217 129/148/216
f 112/125/185 114/127/186 130/149/195
f 130/149/195 114/127/186 121/137/197
f 121/137/197 114/127/186 131/150/201
f 131/150/201 114/127/186 133/153/202
f 114/127/186 134/154/187 133/153/202
f 134/154/187 132/151/218 133/153/202
f 132/151/218 110/122/180 133/153/202
f 133/153/202 110/122/180 109/121/177
f 116/129/189 2817/3294/190 115/128/188
f 2817/3294/190 2819/3297/219 115/128/188
f 2819/3297/219 2870/3359/220 115/128/188
f 115/128/188 2870/3359/220 134/154/187
f 2870/3359/220 132/151/218 134/154/187
f 299/352/221 135/155/222 298/350/223
f 135/155/222 315/370/224 298/350/223
f 298/350/223 315/370/224 1897/2200/225
f 1897/2200/225 315/370/224 145/165/226
f 315/370/224 136/156/227 145/165/226
f 145/165/226 136/156/227 144/164/228
f 144/164/228 136/156/227 137/157/229
f 137/157/229 136/156/227 139/159/230
f 136/156/227 138/158/231 139/159/230
f 138/158/231 317/372/212 139/159/230
f 317/372/212 956/1111/211 139/159/230
f 956/1111/211 959/1114/232 139/159/230
f 959/1114/232 140/160/233 139/159/230
f 140/160/233 141/161/234 139/159/230
f 139/159/230 141/161/234 137/157/229
f 141/161/234 142/162/235 137/157/229
f 142/162/235 143/163/236 137/157/229
f 137/157/229 143/163/236 144/164/228
f 143/163/236 2310/2707/237 144/164/228
f 2310/2707/237 2309/2706/238 144/164/228
f 2309/2706/238 680/774/239 144/164/228
f 144/164/228 680/774/239 145/165/226
f 680/774/239 681/776/240 145/165/226
f 145/165/226 681/776/240 1897/2200/225
f 146/166/241 235/280/242 147/167/243
f 147/167/243 235/280/242 148/168/244
f 235/280/242 149/169/245 148/168/244
f 148/168/244 149/169/245 150/170/246
f 149/169/245 151/171/247 150/170/246
f 150/170/246 151/171/247 256/303/248
f 151/171/247 152/172/249 256/303/248
f 256/303/248 152/172/249 254/301/250
f 152/172/249 225/267/251 254/301/250
f 254/301/250 225/267/251 153/173/252
f 225/267/251 226/268/253 153/173/252
f 153/173/252 226/268/253 154/174/254
f 226/268/253 227/269/255 154/174/254
f 154/174/254 227/269/255 264/311/256
f 227/269/255 212/251/257 264/311/256
f 264/311/256 212/251/257 155/175/258
f 212/251/257 213/252/259 155/175/258
f 213/252/259 214/253/260 155/175/258
f 214/253/260 216/257/261 155/175/258
f 155/175/258 216/257/261 263/310/262
f 216/257/261 218/260/263 263/310/262
f 263/310/262 218/260/263 156/176/264
f 218/260/263 232/275/265 156/176/264
f 232/275/265 234/278/266 156/176/264
f 234/278/266 157/177/267 156/176/264
f 156/176/264 157/177/267 262/309/268
f 157/177/267 236/281/269 262/309/268
f 262/309/268 236/281/269 260/307/270
f 236/281/269 237/283/271 260/307/270
f 260/307/270 237/283/271 710/808/272
f 237/283/271 158/179/273 710/808/272
f 710/808/272 158/179/273 711/809/274
f 158/179/273 188/218/275 711/809/274
f 711/809/274 188/218/275 159/182/276
f 160/183/277 182/212/278 161/185/279
f 161/185/279 182/212/278 162/187/280
f 182/212/278 184/214/281 162/187/280
f 162/187/280 184/214/281 163/188/282
f 161/185/279 162/187/280 164/189/283
f 162/187/280 185/215/173 164/189/283
f 185/215/173 108/120/174 164/189/283
f 164/189/283 108/120/174 165/190/284
f 108/120/174 166/191/175 165/190/284
f 165/190/284 166/191/175 167/192/285
f 168/194/164 102/113/83 171/197/286
f 102/113/83 169/195/85 171/197/286
f 169/195/85 56/57/102 171/197/286
f 56/57/102 170/196/101 171/197/286
f 170/196/101 55/56/96 171/197/286
f 55/56/96 67/68/95 171/197/286
f 171/197/286 67/68/95 168/194/164
f 67/68/95 172/198/118 168/194/164
f 168/194/164 172/198/118 173/200/121
f 92/100/151 91/99/94 716/815/287
f 716/815/287 91/99/94 717/817/288
f 91/99/94 174/201/92 717/817/288
f 717/817/288 174/201/92 175/202/289
f 174/201/92 176/204/90 175/202/289
f 175/202/289 176/204/90 177/205/290
f 176/204/90 178/207/88 177/205/290
f 177/205/290 178/207/88 188/219/275
f 188/219/275 178/207/88 189/222/291
f 178/207/88 294/342/87 189/222/291
f 75/80/130 180/210/131 179/208/292
f 180/210/131 181/211/293 179/208/292
f 179/208/292 181/211/293 160/183/277
f 160/183/277 181/211/293 182/212/278
f 181/211/293 183/213/169 182/212/278
f 182/212/278 183/213/169 184/214/281
f 183/213/169 106/118/170 184/214/281
f 184/214/281 106/118/170 163/188/282
f 106/118/170 107/119/172 163/188/282
f 163/188/282 107/119/172 162/187/280
f 107/119/172 185/215/173 162/187/280
f 181/211/293 180/210/131 183/213/169
f 180/210/131 76/82/132 183/213/169
f 183/213/169 76/82/132 186/216/139
f 76/82/132 77/83/133 186/216/139
f 186/216/139 77/83/133 187/217/135
f 95/105/156 159/181/276 96/107/158
f 159/181/276 188/220/275 96/107/158
f 188/220/275 189/223/291 96/107/158
f 96/107/158 189/223/291 190/224/159
f 189/223/291 294/343/87 190/224/159
f 294/343/87 293/341/294 190/224/159
f 293/341/294 195/229/295 190/224/159
f 195/229/295 191/225/296 190/224/159
f 190/224/159 191/225/296 192/226/157
f 192/226/157 191/225/296 193/227/155
f 193/227/155 191/225/296 194/228/297
f 191/225/296 195/229/295 194/228/297
f 194/228/297 195/229/295 296/345/167
f 296/345/167 195/229/295 196/230/166
f 195/229/295 293/341/294 196/230/166
f 196/230/166 293/341/294 197/231/165
f 85/93/123 199/235/148 198/233/122
f 198/233/122 199/235/148 101/112/163
f 101/112/163 199/235/148 100/111/162
f 199/235/148 200/236/149 100/111/162
f 100/111/162 200/236/149 204/240/161
f 204/240/161 200/236/149 202/238/298
f 200/236/149 84/90/147 202/238/298
f 84/90/147 201/237/146 202/238/298
f 201/237/146 203/239/144 202/238/298
f 202/238/298 203/239/144 204/240/161
f 204/240/161 203/239/144 205/241/160
f 203/239/144 82/88/142 205/241/160
f 205/241/160 82/88/142 80/86/137
f 82/88/142 206/242/138 80/86/137
f 2655/3105/299 2470/2889/300 219/261/301
f 219/261/301 2470/2889/300 207/243/302
f 2470/2889/300 2650/3096/303 207/243/302
f 207/243/302 2650/3096/303 220/262/304
f 2650/3096/303 208/244/305 220/262/304
f 220/262/304 208/244/305 210/248/306
f 208/244/305 209/246/307 210/248/306
f 209/246/307 211/249/308 210/248/306
f 210/248/306 211/249/308 223/265/309
f 211/249/308 2652/3099/310 223/265/309
f 223/265/309 2652/3099/310 212/251/257
f 212/251/257 2652/3099/310 213/252/259
f 2652/3099/310 2653/3101/311 213/252/259
f 2653/3101/311 2654/3103/312 213/252/259
f 213/252/259 2654/3103/312 214/253/260
f 2654/3103/312 215/254/313 214/253/260
f 215/254/313 231/273/314 214/253/260
f 214/253/260 231/273/314 216/257/261
f 231/273/314 217/258/315 216/257/261
f 216/257/261 217/258/315 218/260/263
f 217/258/315 232/275/265 218/260/263
f 228/270/316 219/261/301 224/266/317
f 219/261/301 207/243/302 224/266/317
f 224/266/317 207/243/302 221/263/318
f 207/243/302 220/262/304 221/263/318
f 220/262/304 210/248/306 221/263/318
f 221/263/318 210/248/306 222/264/319
f 210/248/306 223/265/309 222/264/319
f 149/169/245 233/277/320 151/171/247
f 233/277/320 228/270/316 151/171/247
f 151/171/247 228/270/316 152/172/249
f 228/270/316 224/266/317 152/172/249
f 152/172/249 224/266/317 225/267/251
f 224/266/317 221/263/318 225/267/251
f 225/267/251 221/263/318 226/268/253
f 221/263/318 222/264/319 226/268/253
f 226/268/253 222/264/319 227/269/255
f 222/264/319 223/265/309 227/269/255
f 227/269/255 223/265/309 212/251/257
f 233/277/320 229/271/321 228/270/316
f 228/270/316 229/271/321 219/261/301
f 229/271/321 230/272/322 219/261/301
f 219/261/301 230/272/322 2655/3105/299
f 230/272/322 231/274/314 2655/3105/299
f 2655/3105/299 231/274/314 215/255/313
f 231/274/314 230/272/322 217/259/315
f 230/272/322 229/271/321 217/259/315
f 217/259/315 229/271/321 232/276/265
f 229/271/321 233/277/320 232/276/265
f 232/276/265 233/277/320 234/279/266
f 233/277/320 149/169/245 234/279/266
f 149/169/245 235/280/242 234/279/266
f 234/279/266 235/280/242 157/178/267
f 235/280/242 146/166/241 157/178/267
f 157/178/267 146/166/241 236/282/269
f 146/166/241 269/316/323 236/282/269
f 236/282/269 269/316/323 237/284/271
f 147/167/243 148/168/244 267/314/324
f 148/168/244 257/304/325 267/314/324
f 267/314/324 257/304/325 255/302/326
f 153/173/252 154/174/254 253/300/327
f 253/300/327 154/174/254 238/285/328
f 154/174/254 239/286/329 238/285/328
f 238/285/328 239/286/329 240/287/330
f 712/810/331 713/811/332 241/288/333
f 241/288/333 713/811/332 258/305/334
f 713/811/332 242/289/335 258/305/334
f 258/305/334 242/289/335 243/290/336
f 242/289/335 244/291/337 243/290/336
f 243/290/336 244/291/337 245/292/338
f 244/291/337 715/814/339 245/292/338
f 245/292/338 715/814/339 246/293/340
f 715/814/339 247/294/341 246/293/340
f 247/294/341 266/313/342 246/293/340
f 246/293/340 266/313/342 248/295/343
f 266/313/342 265/312/344 248/295/343
f 265/312/344 249/296/345 248/295/343
f 248/295/343 249/296/345 250/297/346
f 249/296/345 252/299/347 250/297/346
f 250/297/346 252/299/347 251/298/348
f 251/298/348 252/299/347 259/306/349
f 259/306/349 252/299/347 261/308/350
f 261/308/350 252/299/347 240/287/330
f 240/287/330 252/299/347 238/285/328
f 252/299/347 249/296/345 238/285/328
f 238/285/328 249/296/345 253/300/327
f 249/296/345 265/312/344 253/300/327
f 253/300/327 265/312/344 153/173/252
f 153/173/252 265/312/344 254/301/250
f 265/312/344 255/302/326 254/301/250
f 254/301/250 255/302/326 256/303/248
f 255/302/326 257/304/325 256/303/248
f 256/303/248 257/304/325 150/170/246
f 257/304/325 148/168/244 150/170/246
f 246/293/340 248/295/343 245/292/338
f 248/295/343 250/297/346 245/292/338
f 245/292/338 250/297/346 243/290/336
f 250/297/346 251/298/348 243/290/336
f 243/290/336 251/298/348 258/305/334
f 251/298/348 259/306/349 258/305/334
f 258/305/334 259/306/349 241/288/333
f 241/288/333 259/306/349 710/808/272
f 710/808/272 259/306/349 260/307/270
f 259/306/349 261/308/350 260/307/270
f 260/307/270 261/308/350 262/309/268
f 262/309/268 261/308/350 156/176/264
f 261/308/350 240/287/330 156/176/264
f 156/176/264 240/287/330 263/310/262
f 240/287/330 239/286/329 263/310/262
f 263/310/262 239/286/329 155/175/258
f 155/175/258 239/286/329 264/311/256
f 239/286/329 154/174/254 264/311/256
f 265/312/344 266/313/342 255/302/326
f 255/302/326 266/313/342 267/314/324
f 266/313/342 247/294/341 267/314/324
f 267/314/324 247/294/341 147/167/243
f 247/294/341 268/315/351 147/167/243
f 147/167/243 268/315/351 146/166/241
f 146/166/241 268/315/351 269/316/323
f 268/315/351 709/807/352 269/316/323
f 709/807/352 270/317/353 269/316/323
f 269/316/323 270/317/353 237/284/271
f 237/284/271 270/317/353 158/180/273
f 270/317/353 177/206/290 158/180/273
f 158/180/273 177/206/290 188/221/275
f 288/335/354 290/337/355 271/318/356
f 290/337/355 272/319/357 271/318/356
f 272/319/357 274/321/358 271/318/356
f 271/318/356 274/321/358 273/320/359
f 273/320/359 274/321/358 1499/1746/360
f 274/321/358 275/322/361 1499/1746/360
f 278/325/362 332/387/363 276/323/364
f 332/387/363 334/389/365 276/323/364
f 334/389/365 336/391/366 276/323/364
f 336/391/366 337/392/367 276/323/364
f 337/392/367 277/324/368 276/323/364
f 276/323/364 277/324/368 278/325/362
f 277/324/368 324/379/369 278/325/362
f 278/325/362 324/379/369 279/326/370
f 324/379/369 322/377/371 279/326/370
f 322/377/371 280/327/372 279/326/370
f 279/326/370 280/327/372 1735/2000/373
f 280/327/372 352/407/374 1735/2000/373
f 281/328/375 283/330/376 282/329/377
f 282/329/377 283/330/376 284/331/378
f 283/330/376 333/388/379 284/331/378
f 333/388/379 579/665/380 284/331/378
f 284/331/378 579/665/380 285/332/381
f 579/665/380 580/666/382 285/332/381
f 285/332/381 580/666/382 286/333/383
f 580/666/382 595/681/384 286/333/383
f 287/334/385 289/336/386 288/335/354
f 288/335/354 289/336/386 290/337/355
f 289/336/386 291/338/387 290/337/355
f 102/114/83 197/231/165 292/340/84
f 197/231/165 293/341/294 292/340/84
f 292/340/84 293/341/294 294/343/87
f 93/102/153 193/227/155 295/344/168
f 193/227/155 194/228/297 295/344/168
f 295/344/168 194/228/297 296/345/167
f 297/346/388 2420/2827/389 298/350/223
f 298/350/223 2420/2827/389 299/352/221
f 2420/2827/389 2421/2829/390 299/352/221
f 299/352/221 2421/2829/390 312/367/391
f 312/367/391 2421/2829/390 311/366/392
f 2421/2829/390 2422/2831/393 311/366/392
f 311/366/392 2422/2831/393 309/364/394
f 2422/2831/393 2424/2834/395 309/364/394
f 303/356/396 302/355/397 300/353/398
f 300/353/398 302/355/397 167/192/285
f 167/192/285 302/355/397 165/190/284
f 302/355/397 301/354/399 165/190/284
f 165/190/284 301/354/399 164/189/283
f 164/189/283 301/354/399 161/186/279
f 161/186/279 301/354/399 160/184/277
f 160/184/277 301/354/399 179/209/292
f 301/354/399 302/355/397 179/209/292
f 179/209/292 302/355/397 75/81/130
f 75/81/130 302/355/397 73/78/129
f 302/355/397 303/356/396 73/78/129
f 73/78/129 303/356/396 72/76/127
f 72/76/127 303/356/396 83/89/145
f 83/89/145 303/356/396 304/357/143
f 303/356/396 300/353/398 304/357/143
f 304/357/143 300/353/398 305/358/141
f 300/353/398 167/192/285 305/358/141
f 167/192/285 166/191/175 305/358/141
f 305/358/141 166/191/175 81/87/140
f 166/191/175 306/359/171 81/87/140
f 81/87/140 306/359/171 186/216/139
f 2426/2837/400 307/360/401 2424/2834/395
f 2424/2834/395 307/360/401 309/364/394
f 307/360/401 308/362/217 309/364/394
f 308/362/217 310/365/215 309/364/394
f 309/364/394 310/365/215 311/366/392
f 310/365/215 316/371/214 311/366/392
f 311/366/392 316/371/214 312/367/391
f 316/371/214 313/368/402 312/367/391
f 312/367/391 313/368/402 299/352/221
f 313/368/402 314/369/403 299/352/221
f 299/352/221 314/369/403 135/155/222
f 135/155/222 314/369/403 315/370/224
f 315/370/224 314/369/403 136/156/227
f 314/369/403 313/368/402 136/156/227
f 136/156/227 313/368/402 138/158/231
f 313/368/402 316/371/214 138/158/231
f 138/158/231 316/371/214 317/372/212
f 318/373/404 320/375/405 319/374/406
f 320/375/405 1549/1796/407 319/374/406
f 319/374/406 1549/1796/407 321/376/408
f 322/377/371 324/379/369 323/378/409
f 324/379/369 277/324/368 323/378/409
f 323/378/409 277/324/368 325/380/410
f 277/324/368 339/394/411 325/380/410
f 325/380/410 339/394/411 326/381/412
f 326/381/412 339/394/411 356/411/413
f 356/411/413 339/394/411 357/412/414
f 339/394/411 327/382/415 357/412/414
f 357/412/414 327/382/415 358/413/416
f 328/383/417 1627/1887/418 329/384/419
f 329/384/419 1627/1887/418 330/385/420
f 330/385/420 1627/1887/418 340/395/421
f 1627/1887/418 575/661/422 340/395/421
f 340/395/421 575/661/422 341/396/423
f 575/661/422 331/386/424 341/396/423
f 341/396/423 331/386/424 1735/2000/373
f 1735/2000/373 331/386/424 279/326/370
f 279/326/370 331/386/424 278/325/362
f 331/386/424 575/661/422 278/325/362
f 278/325/362 575/661/422 332/387/363
f 575/661/422 577/663/425 332/387/363
f 577/663/425 333/388/379 332/387/363
f 332/387/363 333/388/379 334/389/365
f 333/388/379 283/330/376 334/389/365
f 283/330/376 281/328/375 334/389/365
f 334/389/365 281/328/375 336/391/366
f 281/328/375 335/390/426 336/391/366
f 335/390/426 2711/3166/427 336/391/366
f 336/391/366 2711/3166/427 337/392/367
f 2711/3166/427 338/393/428 337/392/367
f 338/393/428 358/413/416 337/392/367
f 358/413/416 327/382/415 337/392/367
f 337/392/367 327/382/415 277/324/368
f 327/382/415 339/394/411 277/324/368
f 340/395/421 341/396/423 330/385/420
f 341/396/423 1734/1999/429 330/385/420
f 330/385/420 1734/1999/429 342/397/430
f 1734/1999/429 343/398/431 342/397/430
f 342/397/430 343/398/431 348/403/432
f 343/398/431 344/399/433 348/403/432
f 344/399/433 345/400/434 348/403/432
f 348/403/432 345/400/434 350/405/435
f 350/405/435 345/400/434 346/401/436
f 345/400/434 347/402/437 346/401/436
f 348/403/432 350/405/435 349/404/438
f 350/405/435 346/401/436 349/404/438
f 349/404/438 346/401/436 1758/2029/439
f 346/401/436 347/402/437 1758/2029/439
f 1758/2029/439 347/402/437 351/406/440
f 347/402/437 345/400/434 351/406/440
f 351/406/440 345/400/434 1659/1921/441
f 345/400/434 344/399/433 1659/1921/441
f 1659/1921/441 344/399/433 1657/1919/442
f 344/399/433 352/407/374 1657/1919/442
f 1657/1919/442 352/407/374 1655/1917/443
f 352/407/374 280/327/372 1655/1917/443
f 1655/1917/443 280/327/372 353/408/444
f 280/327/372 322/377/371 353/408/444
f 353/408/444 322/377/371 354/409/445
f 322/377/371 323/378/409 354/409/445
f 354/409/445 323/378/409 355/410/446
f 323/378/409 325/380/410 355/410/446
f 355/410/446 325/380/410 1653/1915/447
f 325/380/410 326/381/412 1653/1915/447
f 1653/1915/447 326/381/412 1652/1914/448
f 326/381/412 356/411/413 1652/1914/448
f 1652/1914/448 356/411/413 1761/2032/449
f 356/411/413 357/412/414 1761/2032/449
f 1761/2032/449 357/412/414 1762/2033/450
f 357/412/414 358/413/416 1762/2033/450
f 1762/2033/450 358/413/416 359/414/451
f 358/413/416 338/393/428 359/414/451
f 359/414/451 338/393/428 360/415/452
f 338/393/428 2711/3166/427 360/415/452
f 360/415/452 2711/3166/427 1745/2016/453
f 2711/3166/427 362/417/454 1745/2016/453
f 1745/2016/453 362/417/454 1746/2017/455
f 1746/2017/455 362/417/454 368/423/456
f 368/423/456 362/417/454 361/416/457
f 361/416/457 362/417/454 363/418/458
f 362/417/454 364/419/459 363/418/458
f 363/418/458 364/419/459 795/919/460
f 795/919/460 364/419/459 793/917/461
f 364/419/459 2709/3164/462 793/917/461
f 2709/3164/462 2707/3162/463 793/917/461
f 2707/3162/463 2705/3160/464 793/917/461
f 793/917/461 2705/3160/464 794/918/465
f 2705/3160/464 2754/3220/466 794/918/465
f 2754/3220/466 365/420/467 794/918/465
f 794/918/465 365/420/467 806/930/468
f 806/930/468 365/420/467 807/931/469
f 365/420/467 366/421/470 807/931/469
f 366/421/470 2854/3338/13 807/931/469
f 807/931/469 2854/3338/13 7/7/14
f 464/522/471 367/422/472 363/418/458
f 367/422/472 466/527/473 363/418/458
f 466/527/473 1752/2023/474 363/418/458
f 363/418/458 1752/2023/474 361/416/457
f 1752/2023/474 1748/2019/475 361/416/457
f 361/416/457 1748/2019/475 368/423/456
f 1748/2019/475 1746/2017/455 368/423/456
f 1519/1766/476 1521/1768/477 318/373/404
f 318/373/404 1521/1768/477 320/375/405
f 1521/1768/477 1528/1775/478 320/375/405
f 372/427/479 369/424/480 1614/1873/481
f 1614/1873/481 369/424/480 1615/1874/482
f 1615/1874/482 369/424/480 370/425/483
f 370/425/483 369/424/480 373/428/484
f 373/428/484 369/424/480 371/426/485
f 369/424/480 372/427/479 371/426/485
f 371/426/485 372/427/479 373/428/484
f 372/427/479 374/429/486 373/428/484
f 373/428/484 374/429/486 1616/1875/487
f 374/429/486 375/430/488 1616/1875/487
f 1616/1875/487 375/430/488 376/431/489
f 375/430/488 1165/1362/490 376/431/489
f 1165/1362/490 377/432/491 376/431/489
f 376/431/489 377/432/491 1163/1360/492
f 382/437/493 379/434/494 383/438/495
f 383/438/495 379/434/494 378/433/496
f 378/433/496 379/434/494 449/504/497
f 449/504/497 379/434/494 447/502/498
f 447/502/498 379/434/494 445/500/499
f 379/434/494 382/437/493 445/500/499
f 445/500/499 382/437/493 443/498/500
f 382/437/493 381/436/501 443/498/500
f 443/498/500 381/436/501 380/435/502
f 380/435/502 381/436/501 401/456/503
f 401/456/503 381/436/501 1175/1372/504
f 381/436/501 382/437/493 1175/1372/504
f 382/437/493 383/438/495 1175/1372/504
f 1175/1372/504 383/438/495 1174/1371/505
f 383/438/495 378/433/496 1174/1371/505
f 1174/1371/505 378/433/496 385/440/506
f 378/433/496 384/439/507 385/440/506
f 384/439/507 386/441/508 385/440/506
f 385/440/506 386/441/508 439/494/509
f 386/441/508 387/442/510 439/494/509
f 439/494/509 387/442/510 390/445/511
f 387/442/510 391/446/512 390/445/511
f 390/445/511 391/446/512 389/444/513
f 391/446/512 388/443/514 389/444/513
f 388/443/514 453/508/515 389/444/513
f 453/508/515 452/507/516 389/444/513
f 389/444/513 452/507/516 390/445/511
f 452/507/516 451/506/517 390/445/511
f 451/506/517 441/496/518 390/445/511
f 390/445/511 441/496/518 439/494/509
f 387/442/510 386/441/508 391/446/512
f 386/441/508 454/509/519 391/446/512
f 391/446/512 454/509/519 388/443/514
f 400/455/520 393/448/521 392/447/522
f 392/447/522 393/448/521 438/493/523
f 393/448/521 394/449/524 438/493/523
f 394/449/524 396/451/525 438/493/523
f 438/493/523 396/451/525 395/450/526
f 395/450/526 396/451/525 397/452/527
f 396/451/525 398/453/528 397/452/527
f 397/452/527 398/453/528 405/460/529
f 398/453/528 399/454/530 405/460/529
f 399/454/530 400/455/520 405/460/529
f 405/460/529 400/455/520 403/458/531
f 400/455/520 392/447/522 403/458/531
f 392/447/522 440/495/532 403/458/531
f 403/458/531 440/495/532 402/457/533
f 440/495/532 401/456/503 402/457/533
f 401/456/503 1175/1372/504 402/457/533
f 1175/1372/504 404/459/534 402/457/533
f 402/457/533 404/459/534 403/458/531
f 403/458/531 404/459/534 405/460/529
f 405/460/529 404/459/534 397/452/527
f 404/459/534 406/461/535 397/452/527
f 397/452/527 406/461/535 407/462/536
f 406/461/535 385/440/506 407/462/536
f 385/440/506 439/494/509 407/462/536
f 407/462/536 439/494/509 437/492/537
f 417/472/538 409/464/539 408/463/540
f 409/464/539 415/470/541 408/463/540
f 408/463/540 415/470/541 410/465/542
f 415/470/541 412/467/543 410/465/542
f 410/465/542 412/467/543 411/466/544
f 411/466/544 412/467/543 1086/1272/545
f 1086/1272/545 412/467/543 1095/1281/546
f 1095/1281/546 412/467/543 413/468/547
f 413/468/547 412/467/543 414/469/548
f 412/467/543 415/470/541 414/469/548
f 414/469/548 415/470/541 1084/1270/549
f 415/470/541 409/464/539 1084/1270/549
f 1084/1270/549 409/464/539 416/471/550
f 409/464/539 417/472/538 416/471/550
f 416/471/550 417/472/538 418/473/551
f 417/472/538 419/474/552 418/473/551
f 418/473/551 419/474/552 426/481/553
f 419/474/552 420/475/554 426/481/553
f 426/481/553 420/475/554 423/478/555
f 420/475/554 421/476/556 423/478/555
f 421/476/556 422/477/557 423/478/555
f 422/477/557 436/491/558 423/478/555
f 436/491/558 424/479/559 423/478/555
f 424/479/559 425/480/560 423/478/555
f 423/478/555 425/480/560 426/481/553
f 425/480/560 1324/1556/561 426/481/553
f 426/481/553 1324/1556/561 1088/1274/562
f 1324/1556/561 1323/1555/563 1088/1274/562
f 1088/1274/562 1323/1555/563 1090/1276/564
f 1323/1555/563 1321/1553/565 1090/1276/564
f 1090/1276/564 1321/1553/565 1091/1277/566
f 1321/1553/565 427/482/567 1091/1277/566
f 1091/1277/566 427/482/567 1092/1278/568
f 427/482/567 428/483/569 1092/1278/568
f 1092/1278/568 428/483/569 1093/1279/570
f 428/483/569 429/484/571 1093/1279/570
f 1093/1279/570 429/484/571 1094/1280/572
f 429/484/571 430/485/573 1094/1280/572
f 1094/1280/572 430/485/573 1096/1282/574
f 430/485/573 431/486/575 1096/1282/574
f 431/486/575 1143/1334/576 1096/1282/574
f 1143/1334/576 1327/1559/577 1096/1282/574
f 1096/1282/574 1327/1559/577 432/487/578
f 1327/1559/577 433/488/579 432/487/578
f 432/487/578 433/488/579 434/489/580
f 433/488/579 1328/1560/581 434/489/580
f 434/489/580 1328/1560/581 435/490/582
f 1328/1560/581 436/491/558 435/490/582
f 435/490/582 436/491/558 422/477/557
f 397/452/527 407/462/536 395/450/526
f 407/462/536 437/492/537 395/450/526
f 395/450/526 437/492/537 438/493/523
f 438/493/523 437/492/537 392/447/522
f 392/447/522 437/492/537 440/495/532
f 437/492/537 439/494/509 440/495/532
f 439/494/509 441/496/518 440/495/532
f 440/495/532 441/496/518 401/456/503
f 441/496/518 451/506/517 401/456/503
f 401/456/503 451/506/517 380/435/502
f 451/506/517 442/497/583 380/435/502
f 380/435/502 442/497/583 443/498/500
f 442/497/583 444/499/584 443/498/500
f 443/498/500 444/499/584 445/500/499
f 444/499/584 446/501/585 445/500/499
f 445/500/499 446/501/585 447/502/498
f 446/501/585 448/503/586 447/502/498
f 447/502/498 448/503/586 449/504/497
f 448/503/586 450/505/587 449/504/497
f 449/504/497 450/505/587 378/433/496
f 450/505/587 384/439/507 378/433/496
f 451/506/517 452/507/516 442/497/583
f 452/507/516 453/508/515 442/497/583
f 442/497/583 453/508/515 444/499/584
f 444/499/584 453/508/515 446/501/585
f 453/508/515 388/443/514 446/501/585
f 446/501/585 388/443/514 448/503/586
f 388/443/514 454/509/519 448/503/586
f 448/503/586 454/509/519 450/505/587
f 450/505/587 454/509/519 384/439/507
f 454/509/519 386/441/508 384/439/507
f 522/597/588 523/598/589 455/510/590
f 523/598/589 844/981/591 455/510/590
f 455/510/590 844/981/591 476/539/592
f 456/511/593 461/517/594 457/513/595
f 461/517/594 458/514/596 457/513/595
f 457/513/595 458/514/596 540/622/597
f 540/622/597 458/514/596 2019/2355/598
f 2019/2355/598 458/514/596 459/515/599
f 459/515/599 458/514/596 460/516/600
f 458/514/596 461/517/594 460/516/600
f 460/516/600 461/517/594 2016/2352/601
f 2812/3287/602 462/519/603 2801/3273/604
f 2801/3273/604 462/519/603 2802/3274/605
f 462/519/603 2804/3276/606 2802/3274/605
f 467/528/607 465/526/608 463/521/609
f 463/521/609 465/526/608 1991/2315/610
f 1991/2315/610 465/526/608 464/523/471
f 464/523/471 465/526/608 367/422/472
f 367/422/472 465/526/608 466/527/473
f 465/526/608 467/528/607 466/527/473
f 467/528/607 468/529/611 466/527/473
f 466/527/473 468/529/611 469/530/612
f 469/530/612 468/529/611 1628/1888/613
f 468/529/611 2014/2349/614 1628/1888/613
f 2014/2349/614 471/533/615 1628/1888/613
f 1628/1888/613 471/533/615 1629/1889/616
f 1629/1889/616 471/533/615 537/618/617
f 537/618/617 471/533/615 470/531/618
f 470/531/618 471/533/615 2012/2346/619
f 471/533/615 2014/2349/614 2012/2346/619
f 791/915/620 472/534/621 837/970/622
f 837/970/622 472/534/621 473/535/623
f 472/534/621 474/536/624 473/535/623
f 473/535/623 474/536/624 475/538/625
f 475/538/625 474/536/624 567/651/626
f 567/651/626 474/536/624 989/1155/627
f 989/1155/627 474/536/624 987/1152/628
f 474/536/624 476/539/592 987/1152/628
f 987/1152/628 476/539/592 477/540/629
f 476/539/592 844/981/591 477/540/629
f 477/540/629 844/981/591 986/1150/630
f 2079/2427/631 478/542/632 645/731/633
f 645/731/633 478/542/632 479/544/634
f 478/542/632 480/545/635 479/544/634
f 480/545/635 637/723/636 479/544/634
f 479/544/634 637/723/636 635/721/637
f 637/723/636 636/722/638 635/721/637
f 652/742/639 482/549/640 481/548/641
f 481/548/641 482/549/640 509/584/642
f 482/549/640 654/744/643 509/584/642
f 509/584/642 654/744/643 511/586/644
f 654/744/643 656/746/645 511/586/644
f 656/746/645 483/551/646 511/586/644
f 511/586/644 483/551/646 512/587/647
f 483/551/646 484/552/648 512/587/647
f 484/552/648 2085/2437/649 512/587/647
f 2085/2437/649 485/554/650 512/587/647
f 512/587/647 485/554/650 486/556/651
f 485/554/650 2084/2435/652 486/556/651
f 1171/1368/653 1170/1367/654 1012/1186/655
f 1170/1367/654 494/565/656 1012/1186/655
f 1012/1186/655 494/565/656 1010/1184/657
f 494/565/656 491/562/658 1010/1184/657
f 1010/1184/657 491/562/658 487/557/659
f 491/562/658 489/560/660 487/557/659
f 487/557/659 489/560/660 547/630/661
f 547/630/661 489/560/660 548/631/662
f 548/631/662 489/560/660 488/558/663
f 488/558/663 489/560/660 490/561/664
f 489/560/660 491/562/658 490/561/664
f 490/561/664 491/562/658 492/563/665
f 491/562/658 494/565/656 492/563/665
f 492/563/665 494/565/656 493/564/666
f 493/564/666 494/565/656 495/566/667
f 494/565/656 1170/1367/654 495/566/667
f 1170/1367/654 497/568/668 495/566/667
f 495/566/667 497/568/668 496/567/669
f 496/567/669 497/568/668 498/569/670
f 497/568/668 1168/1365/671 498/569/670
f 498/569/670 1168/1365/671 499/570/672
f 1168/1365/671 500/571/673 499/570/672
f 499/570/672 500/571/673 650/739/674
f 650/739/674 500/571/673 649/737/675
f 500/571/673 501/573/676 649/737/675
f 502/574/677 1173/1370/678 1169/1366/679
f 1173/1370/678 503/575/680 1169/1366/679
f 1169/1366/679 503/575/680 1167/1364/681
f 503/575/680 504/576/682 1167/1364/681
f 1167/1364/681 504/576/682 505/578/683
f 505/578/683 504/576/682 646/732/684
f 646/732/684 504/576/682 2080/2429/685
f 504/576/682 503/575/680 2080/2429/685
f 2080/2429/685 503/575/680 2082/2432/686
f 503/575/680 516/591/687 2082/2432/686
f 2082/2432/686 516/591/687 506/579/688
f 516/591/687 507/581/689 506/579/688
f 506/579/688 507/581/689 508/582/690
f 507/581/689 517/592/691 508/582/690
f 508/582/690 517/592/691 2084/2435/652
f 2084/2435/652 517/592/691 486/556/651
f 517/592/691 518/593/692 486/556/651
f 486/556/651 518/593/692 510/585/693
f 518/593/692 481/548/641 510/585/693
f 481/548/641 509/584/642 510/585/693
f 509/584/642 511/586/644 510/585/693
f 511/586/644 512/587/647 510/585/693
f 510/585/693 512/587/647 486/556/651
f 525/600/694 513/588/695 1015/1189/696
f 1015/1189/696 513/588/695 514/589/697
f 513/588/695 1007/1181/698 514/589/697
f 1007/1181/698 515/590/699 514/589/697
f 514/589/697 515/590/699 1014/1188/700
f 1014/1188/700 515/590/699 516/591/687
f 516/591/687 515/590/699 507/581/689
f 515/590/699 1008/1182/701 507/581/689
f 507/581/689 1008/1182/701 517/592/691
f 1008/1182/701 519/594/702 517/592/691
f 517/592/691 519/594/702 518/593/692
f 518/593/692 519/594/702 792/916/703
f 519/594/702 521/596/704 792/916/703
f 792/916/703 521/596/704 520/595/705
f 520/595/705 521/596/704 522/597/588
f 522/597/588 521/596/704 523/598/589
f 521/596/704 1007/1181/698 523/598/589
f 523/598/589 1007/1181/698 524/599/706
f 1007/1181/698 513/588/695 524/599/706
f 524/599/706 513/588/695 843/980/707
f 513/588/695 525/600/694 843/980/707
f 843/980/707 525/600/694 984/1147/708
f 984/1147/708 525/600/694 526/601/709
f 525/600/694 527/603/710 526/601/709
f 526/601/709 527/603/710 983/1145/711
f 527/603/710 1009/1183/712 983/1145/711
f 983/1145/711 1009/1183/712 528/604/713
f 1009/1183/712 529/608/714 528/604/713
f 530/609/715 532/611/716 531/610/717
f 532/611/716 533/612/718 531/610/717
f 531/610/717 533/612/718 2347/2748/719
f 533/612/718 534/613/720 2347/2748/719
f 2347/2748/719 534/613/720 535/614/721
f 535/614/721 534/613/720 544/626/722
f 544/626/722 534/613/720 536/615/723
f 534/613/720 537/618/617 536/615/723
f 536/615/723 537/618/617 539/621/724
f 539/621/724 537/618/617 538/620/725
f 537/618/617 1642/1903/726 538/620/725
f 1642/1903/726 456/511/593 538/620/725
f 456/511/593 457/513/595 538/620/725
f 538/620/725 457/513/595 539/621/724
f 457/513/595 540/622/597 539/621/724
f 539/621/724 540/622/597 536/615/723
f 540/622/597 541/623/727 536/615/723
f 536/615/723 541/623/727 544/626/722
f 541/623/727 2021/2357/728 544/626/722
f 544/626/722 2021/2357/728 542/624/729
f 2342/2743/730 2340/2741/731 2021/2357/728
f 2021/2357/728 2340/2741/731 542/624/729
f 2340/2741/731 2344/2745/732 542/624/729
f 2344/2745/732 543/625/733 542/624/729
f 543/625/733 2345/2746/734 542/624/729
f 2345/2746/734 535/614/721 542/624/729
f 542/624/729 535/614/721 544/626/722
f 567/652/626 989/1156/627 566/650/735
f 989/1156/627 991/1159/736 566/650/735
f 566/650/735 991/1159/736 545/627/737
f 991/1159/736 979/1139/738 545/627/737
f 545/627/737 979/1139/738 564/648/739
f 979/1139/738 981/1142/740 564/648/739
f 564/648/739 981/1142/740 546/628/741
f 981/1142/740 528/605/713 546/628/741
f 528/605/713 529/607/714 546/628/741
f 546/628/741 529/607/714 562/646/742
f 529/607/714 547/629/661 562/646/742
f 562/646/742 547/629/661 549/633/743
f 547/629/661 548/632/662 549/633/743
f 548/632/662 488/559/663 549/633/743
f 488/559/663 550/634/744 549/633/743
f 549/633/743 550/634/744 552/636/745
f 550/634/744 551/635/746 552/636/745
f 551/635/746 651/741/747 552/636/745
f 651/741/747 648/736/748 552/636/745
f 552/636/745 648/736/748 561/645/749
f 648/736/748 553/637/750 561/645/749
f 553/637/750 554/638/751 561/645/749
f 554/638/751 788/911/752 561/645/749
f 561/645/749 788/911/752 563/647/753
f 788/911/752 555/639/754 563/647/753
f 563/647/753 555/639/754 556/640/755
f 555/639/754 557/641/756 556/640/755
f 556/640/755 557/641/756 565/649/757
f 565/649/757 557/641/756 558/642/758
f 558/642/758 557/641/756 641/727/759
f 641/727/759 557/641/756 644/730/760
f 644/730/760 557/641/756 559/643/761
f 559/643/761 557/641/756 560/644/762
f 557/641/756 555/639/754 560/644/762
f 552/636/745 561/645/749 549/633/743
f 549/633/743 561/645/749 562/646/742
f 561/645/749 563/647/753 562/646/742
f 562/646/742 563/647/753 546/628/741
f 563/647/753 556/640/755 546/628/741
f 546/628/741 556/640/755 564/648/739
f 556/640/755 565/649/757 564/648/739
f 564/648/739 565/649/757 545/627/737
f 565/649/757 558/642/758 545/627/737
f 558/642/758 640/726/763 545/627/737
f 545/627/737 640/726/763 566/650/735
f 640/726/763 638/724/764 566/650/735
f 566/650/735 638/724/764 567/652/626
f 567/652/626 638/724/764 475/537/625
f 475/537/625 638/724/764 839/972/765
f 638/724/764 639/725/766 839/972/765
f 839/972/765 639/725/766 840/975/767
f 840/975/767 639/725/766 1033/1208/768
f 639/725/766 568/653/769 1033/1208/768
f 1033/1208/768 568/653/769 1034/1209/770
f 568/653/769 569/654/771 1034/1209/770
f 1034/1209/770 569/654/771 570/655/772
f 569/654/771 642/728/773 570/655/772
f 570/655/772 642/728/773 1035/1210/774
f 1035/1210/774 642/728/773 571/656/775
f 642/728/773 643/729/776 571/656/775
f 571/656/775 643/729/776 572/657/777
f 643/729/776 633/719/778 572/657/777
f 572/657/777 633/719/778 573/658/779
f 633/719/778 634/720/780 573/658/779
f 573/658/779 634/720/780 790/913/781
f 634/720/780 574/659/782 790/913/781
f 1627/1887/418 576/662/783 575/661/422
f 575/661/422 576/662/783 577/663/425
f 576/662/783 2680/3135/784 577/663/425
f 2680/3135/784 578/664/785 577/663/425
f 577/663/425 578/664/785 333/388/379
f 333/388/379 578/664/785 579/665/380
f 579/665/380 578/664/785 580/666/382
f 578/664/785 1109/1298/786 580/666/382
f 1109/1298/786 1111/1300/787 580/666/382
f 580/666/382 1111/1300/787 595/681/384
f 1111/1300/787 1112/1301/788 595/681/384
f 595/681/384 1112/1301/788 581/667/789
f 1112/1301/788 1114/1303/790 581/667/789
f 581/667/789 1114/1303/790 582/668/791
f 659/749/792 583/669/793 593/679/794
f 593/679/794 583/669/793 584/670/795
f 583/669/793 585/671/796 584/670/795
f 584/670/795 585/671/796 846/983/797
f 585/671/796 662/752/798 846/983/797
f 846/983/797 662/752/798 586/672/799
f 662/752/798 587/673/800 586/672/799
f 586/672/799 587/673/800 588/674/801
f 587/673/800 663/753/802 588/674/801
f 589/675/803 591/677/804 590/676/805
f 590/676/805 591/677/804 592/678/806
f 592/678/806 591/677/804 584/670/795
f 591/677/804 593/679/794 584/670/795
f 594/680/807 1125/1314/808 582/668/791
f 582/668/791 1125/1314/808 581/667/789
f 1125/1314/808 2959/3466/809 581/667/789
f 2959/3466/809 2960/3467/810 581/667/789
f 581/667/789 2960/3467/810 595/681/384
f 2960/3467/810 2961/3468/811 595/681/384
f 595/681/384 2961/3468/811 286/333/383
f 2961/3468/811 2963/3470/812 286/333/383
f 2963/3470/812 596/682/813 286/333/383
f 286/333/383 596/682/813 599/685/814
f 599/685/814 596/682/813 598/684/815
f 598/684/815 596/682/813 597/683/816
f 596/682/813 2963/3470/812 597/683/816
f 2963/3470/812 2715/3170/817 597/683/816
f 2715/3170/817 2703/3158/818 597/683/816
f 2703/3158/818 2713/3168/819 597/683/816
f 597/683/816 2713/3168/819 598/684/815
f 2713/3168/819 282/329/377 598/684/815
f 282/329/377 284/331/378 598/684/815
f 598/684/815 284/331/378 599/685/814
f 284/331/378 285/332/381 599/685/814
f 599/685/814 285/332/381 286/333/383
f 889/1032/820 600/686/821 886/1029/822
f 600/686/821 601/687/823 886/1029/822
f 886/1029/822 601/687/823 602/688/824
f 602/688/824 601/687/823 603/689/825
f 601/687/823 2865/3354/826 603/689/825
f 2865/3354/826 2808/3281/827 603/689/825
f 2808/3281/827 605/691/828 603/689/825
f 603/689/825 605/691/828 604/690/829
f 604/690/829 605/691/828 971/1129/830
f 605/691/828 2808/3281/827 971/1129/830
f 2808/3281/827 2809/3282/831 971/1129/830
f 2809/3282/831 606/692/832 971/1129/830
f 971/1129/830 606/692/832 970/1128/833
f 970/1128/833 606/692/832 608/694/834
f 606/692/832 607/693/835 608/694/834
f 607/693/835 903/1050/836 608/694/834
f 903/1050/836 609/695/837 608/694/834
f 608/694/834 609/695/837 610/696/838
f 611/697/839 658/748/840 612/698/841
f 612/698/841 658/748/840 613/699/842
f 658/748/840 618/704/843 613/699/842
f 613/699/842 618/704/843 614/700/844
f 618/704/843 615/701/845 614/700/844
f 614/700/844 615/701/845 616/702/846
f 615/701/845 630/716/847 616/702/846
f 616/702/846 630/716/847 628/714/848
f 657/747/849 632/718/850 617/703/851
f 632/718/850 618/704/843 617/703/851
f 617/703/851 618/704/843 658/748/840
f 619/705/852 620/706/853 660/750/854
f 620/706/853 621/707/855 660/750/854
f 660/750/854 621/707/855 661/751/856
f 621/707/855 622/708/857 661/751/856
f 622/708/857 623/709/858 661/751/856
f 661/751/856 623/709/858 624/710/859
f 623/709/858 625/711/860 624/710/859
f 625/711/860 627/713/861 624/710/859
f 624/710/859 627/713/861 626/712/862
f 627/713/861 859/996/863 626/712/862
f 626/712/862 859/996/863 851/988/864
f 859/996/863 852/989/865 851/988/864
f 625/711/860 628/714/848 627/713/861
f 627/713/861 628/714/848 629/715/866
f 628/714/848 630/716/847 629/715/866
f 629/715/866 630/716/847 858/995/867
f 630/716/847 615/701/845 858/995/867
f 858/995/867 615/701/845 631/717/868
f 615/701/845 618/704/843 631/717/868
f 631/717/868 618/704/843 632/718/850
f 633/719/778 635/721/637 634/720/780
f 635/721/637 636/722/638 634/720/780
f 634/720/780 636/722/638 574/659/782
f 574/659/782 636/722/638 483/550/646
f 483/550/646 636/722/638 484/553/648
f 636/722/638 637/723/636 484/553/648
f 484/553/648 637/723/636 2085/2438/649
f 637/723/636 480/545/635 2085/2438/649
f 638/724/764 640/726/763 639/725/766
f 639/725/766 640/726/763 568/653/769
f 640/726/763 558/642/758 568/653/769
f 568/653/769 558/642/758 569/654/771
f 558/642/758 641/727/759 569/654/771
f 569/654/771 641/727/759 642/728/773
f 642/728/773 641/727/759 643/729/776
f 641/727/759 644/730/760 643/729/776
f 643/729/776 644/730/760 633/719/778
f 633/719/778 644/730/760 635/721/637
f 635/721/637 644/730/760 479/544/634
f 644/730/760 559/643/761 479/544/634
f 479/544/634 559/643/761 645/731/633
f 559/643/761 560/644/762 645/731/633
f 560/644/762 647/735/869 645/731/633
f 645/731/633 647/735/869 2079/2427/631
f 2079/2427/631 647/735/869 646/733/684
f 646/733/684 647/735/869 505/577/683
f 647/735/869 553/637/750 505/577/683
f 505/577/683 553/637/750 501/572/676
f 553/637/750 648/736/748 501/572/676
f 501/572/676 648/736/748 649/738/675
f 649/738/675 648/736/748 650/740/674
f 648/736/748 651/741/747 650/740/674
f 2315/2712/870 2322/2720/871 2314/2711/872
f 2322/2720/871 2324/2723/873 2314/2711/872
f 2314/2711/872 2324/2723/873 2312/2709/874
f 2324/2723/873 653/743/875 2312/2709/874
f 2312/2709/874 653/743/875 652/742/639
f 652/742/639 653/743/875 482/549/640
f 653/743/875 2331/2732/876 482/549/640
f 482/549/640 2331/2732/876 654/744/643
f 2331/2732/876 655/745/877 654/744/643
f 654/744/643 655/745/877 656/746/645
f 655/745/877 789/912/878 656/746/645
f 856/993/879 657/747/849 589/675/803
f 589/675/803 657/747/849 591/677/804
f 657/747/849 617/703/851 591/677/804
f 591/677/804 617/703/851 593/679/794
f 617/703/851 658/748/840 593/679/794
f 593/679/794 658/748/840 659/749/792
f 658/748/840 611/697/839 659/749/792
f 611/697/839 620/706/853 659/749/792
f 620/706/853 619/705/852 659/749/792
f 659/749/792 619/705/852 583/669/793
f 619/705/852 660/750/854 583/669/793
f 583/669/793 660/750/854 585/671/796
f 660/750/854 661/751/856 585/671/796
f 585/671/796 661/751/856 662/752/798
f 661/751/856 624/710/859 662/752/798
f 662/752/798 624/710/859 587/673/800
f 624/710/859 626/712/862 587/673/800
f 587/673/800 626/712/862 663/753/802
f 626/712/862 851/988/864 663/753/802
f 1940/2254/880 1904/2210/881 1942/2256/882
f 1904/2210/881 664/754/883 1942/2256/882
f 664/754/883 665/755/884 1942/2256/882
f 1942/2256/882 665/755/884 1943/2257/885
f 665/755/884 707/805/886 1943/2257/885
f 1943/2257/885 707/805/886 666/756/887
f 707/805/886 671/764/888 666/756/887
f 667/757/889 669/761/890 668/759/891
f 669/761/890 1941/2255/892 668/759/891
f 668/759/891 1941/2255/892 670/762/893
f 670/762/893 1941/2255/892 125/142/208
f 1941/2255/892 666/756/887 125/142/208
f 666/756/887 671/764/888 125/142/208
f 125/142/208 671/764/888 672/766/206
f 672/766/206 671/764/888 694/790/894
f 671/764/888 673/767/895 694/790/894
f 679/773/896 689/785/897 682/778/898
f 682/778/898 689/785/897 684/780/899
f 689/785/897 691/787/900 684/780/899
f 684/780/899 691/787/900 1898/2202/901
f 1898/2202/901 691/787/900 674/768/902
f 691/787/900 692/788/903 674/768/902
f 674/768/902 692/788/903 1901/2205/904
f 680/775/239 2309/2705/238 675/769/905
f 2309/2705/238 1878/2176/906 675/769/905
f 675/769/905 1878/2176/906 678/772/907
f 1878/2176/906 676/770/908 678/772/907
f 676/770/908 686/782/909 678/772/907
f 678/772/907 686/782/909 677/771/910
f 686/782/909 688/784/911 677/771/910
f 688/784/911 689/785/897 677/771/910
f 677/771/910 689/785/897 678/772/907
f 689/785/897 679/773/896 678/772/907
f 678/772/907 679/773/896 675/769/905
f 675/769/905 679/773/896 680/775/239
f 680/775/239 679/773/896 681/777/240
f 679/773/896 682/778/898 681/777/240
f 681/777/240 682/778/898 1897/2201/225
f 1897/2201/225 682/778/898 683/779/912
f 682/778/898 684/780/899 683/779/912
f 683/779/912 684/780/899 685/781/913
f 684/780/899 1898/2202/901 685/781/913
f 686/782/909 1880/2179/914 688/784/911
f 1880/2179/914 687/783/915 688/784/911
f 687/783/915 695/791/916 688/784/911
f 695/791/916 690/786/917 688/784/911
f 688/784/911 690/786/917 689/785/897
f 689/785/897 690/786/917 691/787/900
f 691/787/900 690/786/917 692/788/903
f 692/788/903 690/786/917 706/804/918
f 690/786/917 693/789/919 706/804/918
f 706/804/918 693/789/919 705/803/920
f 693/789/919 697/793/921 705/803/920
f 705/803/920 697/793/921 673/767/895
f 697/793/921 2868/3357/922 673/767/895
f 2868/3357/922 2866/3355/923 673/767/895
f 673/767/895 2866/3355/923 694/790/894
f 2866/3355/923 124/141/205 694/790/894
f 694/790/894 124/141/205 672/766/206
f 690/786/917 695/791/916 693/789/919
f 695/791/916 687/783/915 693/789/919
f 687/783/915 696/792/924 693/789/919
f 693/789/919 696/792/924 697/793/921
f 696/792/924 700/798/925 697/793/921
f 697/793/921 700/798/925 110/123/180
f 110/123/180 700/798/925 698/794/181
f 698/794/181 700/798/925 699/796/926
f 699/796/926 700/798/925 704/802/927
f 704/802/927 700/798/925 701/799/928
f 700/798/925 696/792/924 701/799/928
f 701/799/928 696/792/924 702/800/929
f 696/792/924 687/783/915 702/800/929
f 687/783/915 2300/2694/930 702/800/929
f 2300/2694/930 2743/3208/931 702/800/929
f 2743/3208/931 2742/3206/932 702/800/929
f 2742/3206/932 1016/1190/933 702/800/929
f 702/800/929 1016/1190/933 701/799/928
f 1016/1190/933 703/801/934 701/799/928
f 701/799/928 703/801/934 704/802/927
f 705/803/920 673/767/895 706/804/918
f 673/767/895 671/764/888 706/804/918
f 671/764/888 707/805/886 706/804/918
f 706/804/918 707/805/886 692/788/903
f 692/788/903 707/805/886 1901/2205/904
f 707/805/886 665/755/884 1901/2205/904
f 715/814/339 708/806/935 247/294/341
f 247/294/341 708/806/935 268/315/351
f 268/315/351 708/806/935 709/807/352
f 708/806/935 717/818/288 709/807/352
f 717/818/288 175/203/289 709/807/352
f 709/807/352 175/203/289 270/317/353
f 175/203/289 177/206/290 270/317/353
f 710/808/272 711/809/274 241/288/333
f 241/288/333 711/809/274 712/810/331
f 711/809/274 159/182/276 712/810/331
f 159/182/276 95/106/156 712/810/331
f 95/106/156 94/104/154 712/810/331
f 712/810/331 94/104/154 713/811/332
f 94/104/154 714/813/152 713/811/332
f 713/811/332 714/813/152 242/289/335
f 714/813/152 92/101/151 242/289/335
f 242/289/335 92/101/151 244/291/337
f 92/101/151 716/816/287 244/291/337
f 244/291/337 716/816/287 715/814/339
f 715/814/339 716/816/287 708/806/935
f 716/816/287 717/818/288 708/806/935
f 718/819/936 21/21/32 719/820/937
f 21/21/32 19/19/28 719/820/937
f 19/19/28 18/18/27 719/820/937
f 719/820/937 18/18/27 720/821/938
f 720/821/938 18/18/27 778/901/939
f 778/901/939 18/18/27 779/902/940
f 18/18/27 2218/2601/29 779/902/940
f 779/902/940 2218/2601/29 781/904/941
f 23/23/35 722/823/33 721/822/49
f 722/823/33 21/21/32 721/822/49
f 21/21/32 718/819/936 721/822/49
f 721/822/49 718/819/936 723/824/50
f 743/856/942 746/861/943 755/875/944
f 755/875/944 746/861/943 753/873/945
f 746/861/943 724/825/946 753/873/945
f 753/873/945 724/825/946 1739/2007/947
f 724/825/946 725/827/948 1739/2007/947
f 1739/2007/947 725/827/948 726/829/949
f 725/827/948 727/830/950 726/829/949
f 726/829/949 727/830/950 733/841/951
f 733/841/951 727/830/950 728/832/952
f 727/830/950 729/833/953 728/832/952
f 729/833/953 745/859/954 728/832/952
f 728/832/952 745/859/954 731/838/955
f 745/859/954 740/851/956 731/838/955
f 740/851/956 739/849/957 731/838/955
f 739/849/957 730/835/958 731/838/955
f 730/835/958 757/878/959 731/838/955
f 731/838/955 757/878/959 728/832/952
f 757/878/959 758/880/960 728/832/952
f 758/880/960 732/839/961 728/832/952
f 728/832/952 732/839/961 733/841/951
f 733/841/951 732/839/961 726/829/949
f 732/839/961 734/842/962 726/829/949
f 726/829/949 734/842/962 1739/2007/947
f 734/842/962 735/845/963 1739/2007/947
f 740/852/956 745/860/954 736/846/964
f 745/860/954 744/858/965 736/846/964
f 730/836/958 737/847/966 757/879/959
f 757/879/959 737/847/966 738/848/967
f 738/848/967 737/847/966 742/855/968
f 742/855/968 737/847/966 741/854/969
f 737/847/966 730/837/958 741/854/969
f 730/837/958 739/850/957 741/854/969
f 739/850/957 740/853/956 741/854/969
f 740/853/956 736/846/964 741/854/969
f 741/854/969 736/846/964 742/855/968
f 736/846/964 744/858/965 742/855/968
f 742/855/968 744/858/965 743/857/942
f 743/857/942 744/858/965 746/862/943
f 744/858/965 745/860/954 746/862/943
f 745/860/954 729/834/953 746/862/943
f 746/862/943 729/834/953 724/826/946
f 729/834/953 727/831/950 724/826/946
f 724/826/946 727/831/950 725/828/948
f 1744/2014/970 1743/2012/971 754/874/972
f 754/874/972 1743/2012/971 747/863/973
f 1743/2012/971 1741/2009/974 747/863/973
f 747/863/973 1741/2009/974 750/868/975
f 1741/2009/974 748/864/976 750/868/975
f 748/864/976 749/866/977 750/868/975
f 749/866/977 1738/2005/978 750/868/975
f 1738/2005/978 751/869/979 750/868/975
f 750/868/975 751/869/979 747/863/973
f 747/863/973 751/869/979 752/871/980
f 752/871/980 751/869/979 756/877/981
f 751/869/979 1736/2001/982 756/877/981
f 753/872/945 1744/2014/970 755/876/944
f 1744/2014/970 754/874/972 755/876/944
f 754/874/972 747/863/973 755/876/944
f 747/863/973 752/871/980 755/876/944
f 752/871/980 756/877/981 755/876/944
f 755/876/944 756/877/981 743/857/942
f 743/857/942 756/877/981 742/855/968
f 756/877/981 1736/2001/982 742/855/968
f 742/855/968 1736/2001/982 738/848/967
f 1736/2001/982 1737/2003/983 738/848/967
f 738/848/967 1737/2003/983 757/879/959
f 757/879/959 1737/2003/983 758/881/960
f 1737/2003/983 735/844/963 758/881/960
f 758/881/960 735/844/963 732/840/961
f 735/844/963 734/843/962 732/840/961
f 759/882/984 761/884/985 760/883/986
f 761/884/985 763/886/987 760/883/986
f 760/883/986 763/886/987 762/885/988
f 762/885/988 763/886/987 765/888/989
f 763/886/987 2103/2461/990 765/888/989
f 2103/2461/990 764/887/991 765/888/989
f 764/887/991 766/889/992 765/888/989
f 765/888/989 766/889/992 767/890/993
f 766/889/992 2101/2458/994 767/890/993
f 767/890/993 2101/2458/994 772/895/995
f 2101/2458/994 2100/2457/996 772/895/995
f 772/895/995 2100/2457/996 2098/2455/997
f 2065/2410/998 761/884/985 768/891/999
f 761/884/985 759/882/984 768/891/999
f 768/891/999 759/882/984 769/892/1000
f 776/899/1001 775/898/1002 2096/2453/1003
f 775/898/1002 773/896/1004 2096/2453/1003
f 2096/2453/1003 773/896/1004 2097/2454/1005
f 773/896/1004 2074/2422/1006 2097/2454/1005
f 2074/2422/1006 770/893/1007 2097/2454/1005
f 2097/2454/1005 770/893/1007 2098/2455/997
f 770/893/1007 771/894/1008 2098/2455/997
f 2098/2455/997 771/894/1008 772/895/995
f 771/894/1008 2072/2420/1009 772/895/995
f 772/895/995 2072/2420/1009 767/890/993
f 2072/2420/1009 762/885/988 767/890/993
f 767/890/993 762/885/988 765/888/989
f 2074/2422/1006 773/896/1004 2076/2424/1010
f 2076/2424/1010 773/896/1004 774/897/1011
f 773/896/1004 775/898/1002 774/897/1011
f 774/897/1011 775/898/1002 2068/2416/1012
f 2068/2416/1012 775/898/1002 2067/2413/1013
f 775/898/1002 776/899/1001 2067/2413/1013
f 2067/2413/1013 776/899/1001 2066/2412/1014
f 777/900/1015 778/901/939 783/906/1016
f 778/901/939 779/902/940 783/906/1016
f 783/906/1016 779/902/940 780/903/1017
f 779/902/940 781/904/941 780/903/1017
f 780/903/1017 781/904/941 2923/3425/1018
f 2923/3425/1018 781/904/941 2233/2616/1019
f 781/904/941 2218/2601/29 2233/2616/1019
f 2233/2616/1019 2218/2601/29 2219/2602/1020
f 2923/3425/1018 868/1005/1021 780/903/1017
f 868/1005/1021 782/905/1022 780/903/1017
f 780/903/1017 782/905/1022 783/906/1016
f 866/1003/43 785/908/44 784/907/1023
f 785/908/44 39/39/56 784/907/1023
f 784/907/1023 39/39/56 786/909/1024
f 39/39/56 787/910/58 786/909/1024
f 553/637/750 647/735/869 554/638/751
f 647/735/869 560/644/762 554/638/751
f 560/644/762 555/639/754 554/638/751
f 554/638/751 555/639/754 788/911/752
f 483/551/646 656/746/645 574/660/782
f 656/746/645 789/912/878 574/660/782
f 574/660/782 789/912/878 790/914/781
f 474/536/624 472/534/621 476/539/592
f 476/539/592 472/534/621 455/510/590
f 472/534/621 791/915/620 455/510/590
f 455/510/590 791/915/620 522/597/588
f 791/915/620 835/968/1025 522/597/588
f 835/968/1025 2313/2710/1026 522/597/588
f 522/597/588 2313/2710/1026 520/595/705
f 520/595/705 2313/2710/1026 792/916/703
f 2313/2710/1026 652/742/639 792/916/703
f 652/742/639 481/548/641 792/916/703
f 792/916/703 481/548/641 518/593/692
f 793/917/461 794/918/465 795/919/460
f 794/918/465 806/930/468 795/919/460
f 806/930/468 796/920/1027 795/919/460
f 795/919/460 796/920/1027 363/418/458
f 363/418/458 796/920/1027 464/523/471
f 796/920/1027 805/929/1028 464/523/471
f 805/929/1028 797/921/1029 464/523/471
f 464/523/471 797/921/1029 2018/2354/1030
f 797/921/1029 799/923/1031 2018/2354/1030
f 2018/2354/1030 799/923/1031 798/922/1032
f 798/922/1032 799/923/1031 812/936/1033
f 812/936/1033 799/923/1031 800/924/1034
f 799/923/1031 801/925/1035 800/924/1034
f 800/924/1034 801/925/1035 810/934/1036
f 810/934/1036 801/925/1035 808/932/1037
f 801/925/1035 803/927/1038 808/932/1037
f 808/932/1037 803/927/1038 802/926/1039
f 802/926/1039 803/927/1038 804/928/1040
f 804/928/1040 803/927/1038 805/929/1028
f 805/929/1028 803/927/1038 797/921/1029
f 803/927/1038 801/925/1035 797/921/1029
f 797/921/1029 801/925/1035 799/923/1031
f 805/929/1028 796/920/1027 804/928/1040
f 796/920/1027 806/930/468 804/928/1040
f 804/928/1040 806/930/468 802/926/1039
f 806/930/468 807/931/469 802/926/1039
f 807/931/469 7/7/14 802/926/1039
f 7/7/14 9/9/15 802/926/1039
f 802/926/1039 9/9/15 808/932/1037
f 9/9/15 809/933/16 808/932/1037
f 808/932/1037 809/933/16 810/934/1036
f 809/933/16 12/12/17 810/934/1036
f 12/12/17 13/13/20 810/934/1036
f 810/934/1036 13/13/20 800/924/1034
f 13/13/20 14/14/21 800/924/1034
f 14/14/21 811/935/1041 800/924/1034
f 800/924/1034 811/935/1041 812/936/1033
f 811/935/1041 2342/2743/730 812/936/1033
f 2342/2743/730 2020/2356/1042 812/936/1033
f 812/936/1033 2020/2356/1042 798/922/1032
f 813/937/1043 821/953/1044 814/939/1045
f 814/939/1045 821/953/1044 815/941/1046
f 821/953/1044 816/943/1047 815/941/1046
f 815/941/1046 816/943/1047 1288/1512/1048
f 1288/1512/1048 816/943/1047 817/944/1049
f 817/944/1049 816/943/1047 818/946/1050
f 818/946/1050 816/943/1047 819/949/1051
f 816/943/1047 821/953/1044 819/949/1051
f 819/949/1051 821/953/1044 1274/1494/1052
f 1274/1494/1052 821/953/1044 820/951/1053
f 820/951/1053 821/953/1044 822/954/1054
f 821/953/1044 813/937/1043 822/954/1054
f 1640/1901/1055 464/523/471 823/956/1056
f 823/956/1056 464/523/471 2017/2353/1057
f 464/523/471 2018/2354/1030 2017/2353/1057
f 2696/3151/1058 824/957/1059 828/961/1060
f 828/961/1060 824/957/1059 825/958/1061
f 824/957/1059 826/959/1062 825/958/1061
f 826/959/1062 2701/3156/1063 825/958/1061
f 2701/3156/1063 2703/3158/818 825/958/1061
f 2703/3158/818 2913/3414/1064 825/958/1061
f 2913/3414/1064 827/960/1065 825/958/1061
f 825/958/1061 827/960/1065 828/961/1060
f 827/960/1065 829/962/1066 828/961/1060
f 828/961/1060 829/962/1066 2696/3151/1058
f 2696/3151/1058 829/962/1066 834/967/1067
f 834/967/1067 829/962/1066 831/964/1068
f 829/962/1066 827/960/1065 831/964/1068
f 827/960/1065 830/963/1069 831/964/1068
f 830/963/1069 832/965/1070 831/964/1068
f 832/965/1070 833/966/1071 831/964/1068
f 831/964/1068 833/966/1071 834/967/1067
f 835/968/1025 791/915/620 836/969/1072
f 791/915/620 837/970/622 836/969/1072
f 836/969/1072 837/970/622 838/971/1073
f 837/970/622 473/535/623 838/971/1073
f 838/971/1073 473/535/623 2316/2713/1074
f 473/535/623 475/538/625 2316/2713/1074
f 475/538/625 839/973/765 2316/2713/1074
f 2316/2713/1074 839/973/765 2317/2714/1075
f 839/973/765 840/974/767 2317/2714/1075
f 2317/2714/1075 840/974/767 841/976/1076
f 840/974/767 1048/1228/1077 841/976/1076
f 1048/1228/1077 842/977/1078 841/976/1076
f 841/976/1076 842/977/1078 2319/2716/1079
f 984/1147/708 986/1150/630 843/980/707
f 986/1150/630 844/981/591 843/980/707
f 843/980/707 844/981/591 524/599/706
f 844/981/591 523/598/589 524/599/706
f 592/678/806 584/670/795 845/982/1080
f 584/670/795 846/983/797 845/982/1080
f 846/983/797 586/672/799 845/982/1080
f 845/982/1080 586/672/799 847/984/1081
f 586/672/799 588/674/801 847/984/1081
f 847/984/1081 588/674/801 848/985/1082
f 848/985/1082 588/674/801 849/986/1083
f 588/674/801 663/753/802 849/986/1083
f 849/986/1083 663/753/802 850/987/1084
f 663/753/802 851/988/864 850/987/1084
f 851/988/864 852/989/865 850/987/1084
f 850/987/1084 852/989/865 853/990/1085
f 852/989/865 854/991/1086 853/990/1085
f 853/990/1085 854/991/1086 855/992/1087
f 854/991/1086 857/994/1088 855/992/1087
f 855/992/1087 857/994/1088 856/993/879
f 856/993/879 857/994/1088 657/747/849
f 657/747/849 857/994/1088 632/718/850
f 857/994/1088 854/991/1086 632/718/850
f 632/718/850 854/991/1086 631/717/868
f 854/991/1086 852/989/865 631/717/868
f 631/717/868 852/989/865 858/995/867
f 852/989/865 859/996/863 858/995/867
f 858/995/867 859/996/863 629/715/866
f 859/996/863 627/713/861 629/715/866
f 2743/3209/931 2300/2695/930 860/997/1089
f 2300/2695/930 861/998/1090 860/997/1089
f 861/998/1090 958/1113/178 860/997/1089
f 860/997/1089 958/1113/178 862/999/1091
f 958/1113/178 863/1000/179 862/999/1091
f 2216/2599/34 864/1001/36 2965/3472/1092
f 2965/3472/1092 864/1001/36 2967/3474/1093
f 864/1001/36 25/25/38 2967/3474/1093
f 2967/3474/1093 25/25/38 865/1002/1094
f 25/25/38 26/26/40 865/1002/1094
f 865/1002/1094 26/26/40 2897/3394/1095
f 26/26/40 27/27/42 2897/3394/1095
f 2897/3394/1095 27/27/42 2898/3395/1096
f 2898/3395/1096 27/27/42 2900/3397/1097
f 27/27/42 866/1003/43 2900/3397/1097
f 2900/3397/1097 866/1003/43 867/1004/1098
f 866/1003/43 784/907/1023 867/1004/1098
f 867/1004/1098 784/907/1023 2901/3398/1099
f 784/907/1023 786/909/1024 2901/3398/1099
f 2901/3398/1099 786/909/1024 2922/3424/1100
f 2922/3424/1100 786/909/1024 868/1005/1021
f 786/909/1024 787/910/58 868/1005/1021
f 868/1005/1021 787/910/58 782/905/1022
f 787/910/58 869/1006/60 782/905/1022
f 782/905/1022 869/1006/60 783/906/1016
f 783/906/1016 869/1006/60 777/900/1015
f 869/1006/60 870/1007/61 777/900/1015
f 992/1162/1101 1462/1704/1102 871/1009/1103
f 871/1009/1103 1462/1704/1102 878/1018/1104
f 1462/1704/1102 1463/1706/1105 878/1018/1104
f 878/1018/1104 1463/1706/1105 880/1020/1106
f 1463/1706/1105 873/1011/1107 880/1020/1106
f 880/1020/1106 873/1011/1107 872/1010/1108
f 872/1010/1108 873/1011/1107 884/1024/1109
f 873/1011/1107 874/1013/1110 884/1024/1109
f 926/1077/1111 927/1078/1112 923/1074/1113
f 927/1078/1112 938/1091/1114 923/1074/1113
f 923/1074/1113 938/1091/1114 922/1073/1115
f 938/1091/1114 939/1092/1116 922/1073/1115
f 922/1073/1115 939/1092/1116 921/1072/1117
f 939/1092/1116 941/1094/1118 921/1072/1117
f 921/1072/1117 941/1094/1118 875/1015/1119
f 941/1094/1118 876/1016/1120 875/1015/1119
f 875/1015/1119 876/1016/1120 919/1070/1121
f 876/1016/1120 943/1096/1122 919/1070/1121
f 943/1096/1122 877/1017/1123 919/1070/1121
f 919/1070/1121 877/1017/1123 918/1069/1124
f 878/1018/1104 880/1020/1106 879/1019/1125
f 879/1019/1125 880/1020/1106 881/1021/1126
f 880/1020/1106 872/1010/1108 881/1021/1126
f 881/1021/1126 872/1010/1108 952/1107/1127
f 872/1010/1108 884/1024/1109 952/1107/1127
f 952/1107/1127 884/1024/1109 882/1022/1128
f 884/1024/1109 883/1023/1129 882/1022/1128
f 882/1022/1128 883/1023/1129 1098/1285/1130
f 1098/1285/1130 883/1023/1129 1097/1284/1131
f 883/1023/1129 884/1024/1109 1097/1284/1131
f 884/1024/1109 874/1013/1110 1097/1284/1131
f 1097/1284/1131 874/1013/1110 885/1025/1132
f 886/1029/822 602/688/824 888/1031/1133
f 602/688/824 603/689/825 888/1031/1133
f 603/689/825 604/690/829 888/1031/1133
f 604/690/829 972/1130/1134 888/1031/1133
f 972/1130/1134 887/1030/1135 888/1031/1133
f 887/1030/1135 893/1038/1136 888/1031/1133
f 888/1031/1133 893/1038/1136 886/1029/822
f 893/1038/1136 891/1035/1137 886/1029/822
f 886/1029/822 891/1035/1137 889/1032/820
f 889/1032/820 891/1035/1137 890/1034/1138
f 890/1034/1138 891/1035/1137 892/1036/1139
f 891/1035/1137 893/1038/1136 892/1036/1139
f 892/1036/1139 893/1038/1136 1329/1561/1140
f 893/1038/1136 974/1132/1141 1329/1561/1140
f 974/1132/1141 894/1039/1142 1329/1561/1140
f 1329/1561/1140 894/1039/1142 1330/1563/1143
f 1330/1563/1143 894/1039/1142 1332/1566/1144
f 1332/1566/1144 894/1039/1142 916/1067/1145
f 894/1039/1142 912/1062/1146 916/1067/1145
f 916/1067/1145 912/1062/1146 915/1066/1147
f 912/1062/1146 895/1040/1148 915/1066/1147
f 915/1066/1147 895/1040/1148 896/1041/1149
f 895/1040/1148 913/1063/1150 896/1041/1149
f 897/1042/1151 968/1126/1152 898/1043/1153
f 968/1126/1152 899/1044/1154 898/1043/1153
f 898/1043/1153 899/1044/1154 1000/1173/1155
f 1000/1173/1155 899/1044/1154 999/1172/1156
f 899/1044/1154 900/1045/1157 999/1172/1156
f 999/1172/1156 900/1045/1157 1099/1286/1158
f 1099/1286/1158 900/1045/1157 1100/1288/1159
f 900/1045/1157 610/696/838 1100/1288/1159
f 1100/1288/1159 610/696/838 949/1103/1160
f 610/696/838 609/695/837 949/1103/1160
f 949/1103/1160 609/695/837 901/1046/1161
f 609/695/837 903/1050/836 901/1046/1161
f 901/1046/1161 903/1050/836 947/1100/1162
f 947/1100/1162 903/1050/836 902/1048/1163
f 902/1048/1163 903/1050/836 904/1051/1164
f 903/1050/836 607/693/835 904/1051/1164
f 904/1051/1164 607/693/835 907/1055/1165
f 907/1055/1165 607/693/835 905/1052/1166
f 607/693/835 606/692/832 905/1052/1166
f 606/692/832 2811/3285/1167 905/1052/1166
f 2811/3285/1167 906/1053/1168 905/1052/1166
f 906/1053/1168 2011/2344/1169 905/1052/1166
f 2011/2344/1169 2010/2342/1170 905/1052/1166
f 905/1052/1166 2010/2342/1170 907/1055/1165
f 2010/2342/1170 2006/2337/1171 907/1055/1165
f 2006/2337/1171 2004/2335/1172 907/1055/1165
f 907/1055/1165 2004/2335/1172 904/1051/1164
f 2004/2335/1172 1053/1236/1173 904/1051/1164
f 904/1051/1164 1053/1236/1173 902/1048/1163
f 1155/1348/1174 909/1057/1175 908/1056/1176
f 908/1056/1176 909/1057/1175 910/1059/1177
f 909/1057/1175 1144/1335/1178 910/1059/1177
f 1003/1176/1179 911/1060/1180 1004/1178/1181
f 1004/1178/1181 911/1060/1180 1006/1180/1182
f 911/1060/1180 1156/1350/1183 1006/1180/1182
f 1156/1350/1183 1155/1348/1174 1006/1180/1182
f 1155/1348/1174 908/1056/1176 1006/1180/1182
f 1006/1180/1182 908/1056/1176 912/1062/1146
f 912/1062/1146 908/1056/1176 895/1040/1148
f 895/1040/1148 908/1056/1176 913/1063/1150
f 908/1056/1176 910/1059/1177 913/1063/1150
f 910/1059/1177 1144/1335/1178 913/1063/1150
f 1144/1335/1178 1147/1339/1184 913/1063/1150
f 913/1063/1150 1147/1339/1184 896/1041/1149
f 1147/1339/1184 914/1064/1185 896/1041/1149
f 896/1041/1149 914/1064/1185 915/1066/1147
f 915/1066/1147 914/1064/1185 916/1067/1145
f 914/1064/1185 1332/1566/1144 916/1067/1145
f 2215/2595/1186 2214/2593/1187 931/1083/1188
f 931/1083/1188 2214/2593/1187 976/1135/1189
f 2214/2593/1187 917/1068/1190 976/1135/1189
f 976/1135/1189 917/1068/1190 918/1069/1124
f 918/1069/1124 917/1068/1190 919/1070/1121
f 919/1070/1121 917/1068/1190 875/1015/1119
f 917/1068/1190 920/1071/1191 875/1015/1119
f 875/1015/1119 920/1071/1191 921/1072/1117
f 920/1071/1191 967/1125/1192 921/1072/1117
f 921/1072/1117 967/1125/1192 922/1073/1115
f 967/1125/1192 965/1122/1193 922/1073/1115
f 922/1073/1115 965/1122/1193 923/1074/1113
f 965/1122/1193 924/1075/1194 923/1074/1113
f 923/1074/1113 924/1075/1194 926/1077/1111
f 924/1075/1194 925/1076/1195 926/1077/1111
f 925/1076/1195 963/1119/1196 926/1077/1111
f 963/1119/1196 928/1079/1197 926/1077/1111
f 926/1077/1111 928/1079/1197 927/1078/1112
f 927/1078/1112 928/1079/1197 935/1088/1198
f 928/1079/1197 929/1080/1199 935/1088/1198
f 935/1088/1198 929/1080/1199 960/1115/1200
f 962/1117/1201 2138/2501/1202 961/1116/1203
f 2138/2501/1202 2111/2470/1204 961/1116/1203
f 961/1116/1203 2111/2470/1204 930/1081/1205
f 2111/2470/1204 2215/2596/1186 930/1081/1205
f 2215/2596/1186 931/1082/1188 930/1081/1205
f 930/1081/1205 931/1082/1188 932/1084/1206
f 931/1082/1188 975/1133/1207 932/1084/1206
f 932/1084/1206 975/1133/1207 934/1087/1208
f 975/1133/1207 977/1136/1209 934/1087/1208
f 977/1136/1209 933/1086/1210 934/1087/1208
f 933/1086/1210 990/1158/1211 934/1087/1208
f 934/1087/1208 990/1158/1211 960/1115/1200
f 990/1158/1211 988/1154/1212 960/1115/1200
f 960/1115/1200 988/1154/1212 935/1088/1198
f 988/1154/1212 936/1089/1213 935/1088/1198
f 935/1088/1198 936/1089/1213 927/1078/1112
f 936/1089/1213 937/1090/1214 927/1078/1112
f 927/1078/1112 937/1090/1214 938/1091/1114
f 937/1090/1214 985/1149/1215 938/1091/1114
f 938/1091/1114 985/1149/1215 939/1092/1116
f 985/1149/1215 940/1093/1216 939/1092/1116
f 939/1092/1116 940/1093/1216 941/1094/1118
f 940/1093/1216 942/1095/1217 941/1094/1118
f 941/1094/1118 942/1095/1217 876/1016/1120
f 942/1095/1217 982/1144/1218 876/1016/1120
f 876/1016/1120 982/1144/1218 943/1096/1122
f 982/1144/1218 980/1141/1219 943/1096/1122
f 980/1141/1219 978/1138/1220 943/1096/1122
f 943/1096/1122 978/1138/1220 877/1017/1123
f 1136/1326/1221 944/1097/1222 1334/1569/1223
f 1334/1569/1223 944/1097/1222 1131/1321/1224
f 944/1097/1222 945/1098/1225 1131/1321/1224
f 1131/1321/1224 945/1098/1225 2811/3284/1167
f 2811/3284/1167 945/1098/1225 906/1054/1168
f 906/1054/1168 945/1098/1225 946/1099/1226
f 945/1098/1225 1132/1322/1227 946/1099/1226
f 946/1099/1226 1132/1322/1227 1056/1239/1228
f 1132/1322/1227 1072/1257/1229 1056/1239/1228
f 1056/1239/1228 1072/1257/1229 1055/1238/1230
f 1055/1238/1230 1072/1257/1229 902/1049/1163
f 902/1049/1163 1072/1257/1229 947/1101/1162
f 1072/1257/1229 1073/1258/1231 947/1101/1162
f 947/1101/1162 1073/1258/1231 901/1047/1161
f 1073/1258/1231 948/1102/1232 901/1047/1161
f 901/1047/1161 948/1102/1232 949/1104/1160
f 949/1104/1160 948/1102/1232 950/1105/1233
f 948/1102/1232 951/1106/1234 950/1105/1233
f 950/1105/1233 951/1106/1234 1098/1285/1130
f 1098/1285/1130 951/1106/1234 882/1022/1128
f 882/1022/1128 951/1106/1234 952/1107/1127
f 951/1106/1234 953/1108/1235 952/1107/1127
f 952/1107/1127 953/1108/1235 881/1021/1126
f 954/1109/204 955/1110/203 127/145/207
f 127/145/207 955/1110/203 956/1111/211
f 955/1110/203 957/1112/176 956/1111/211
f 956/1111/211 957/1112/176 959/1114/232
f 957/1112/176 958/1113/178 959/1114/232
f 958/1113/178 861/998/1090 959/1114/232
f 959/1114/232 861/998/1090 140/160/233
f 934/1087/1208 960/1115/1200 932/1084/1206
f 960/1115/1200 929/1080/1199 932/1084/1206
f 932/1084/1206 929/1080/1199 930/1081/1205
f 930/1081/1205 929/1080/1199 961/1116/1203
f 929/1080/1199 928/1079/1197 961/1116/1203
f 928/1079/1197 963/1119/1196 961/1116/1203
f 961/1116/1203 963/1119/1196 962/1117/1201
f 962/1117/1201 963/1119/1196 964/1120/1236
f 963/1119/1196 925/1076/1195 964/1120/1236
f 925/1076/1195 924/1075/1194 964/1120/1236
f 964/1120/1236 924/1075/1194 2155/2522/1237
f 924/1075/1194 965/1122/1193 2155/2522/1237
f 2155/2522/1237 965/1122/1193 966/1123/1238
f 965/1122/1193 967/1125/1192 966/1123/1238
f 966/1123/1238 967/1125/1192 2154/2520/1239
f 2154/2520/1239 967/1125/1192 2153/2518/1240
f 967/1125/1192 920/1071/1191 2153/2518/1240
f 2153/2518/1240 920/1071/1191 2151/2515/1241
f 920/1071/1191 917/1068/1190 2151/2515/1241
f 2151/2515/1241 917/1068/1190 2214/2593/1187
f 968/1126/1152 969/1127/1242 899/1044/1154
f 899/1044/1154 969/1127/1242 900/1045/1157
f 900/1045/1157 969/1127/1242 610/696/838
f 610/696/838 969/1127/1242 608/694/834
f 608/694/834 969/1127/1242 970/1128/833
f 970/1128/833 969/1127/1242 971/1129/830
f 971/1129/830 969/1127/1242 604/690/829
f 969/1127/1242 968/1126/1152 604/690/829
f 604/690/829 968/1126/1152 972/1130/1134
f 968/1126/1152 897/1042/1151 972/1130/1134
f 897/1042/1151 1001/1174/1243 972/1130/1134
f 972/1130/1134 1001/1174/1243 887/1030/1135
f 1001/1174/1243 1002/1175/1244 887/1030/1135
f 887/1030/1135 1002/1175/1244 973/1131/1245
f 1002/1175/1244 1005/1179/1246 973/1131/1245
f 1005/1179/1246 974/1132/1141 973/1131/1245
f 973/1131/1245 974/1132/1141 887/1030/1135
f 974/1132/1141 893/1038/1136 887/1030/1135
f 931/1083/1188 976/1135/1189 975/1134/1207
f 976/1135/1189 918/1069/1124 975/1134/1207
f 975/1134/1207 918/1069/1124 977/1137/1209
f 918/1069/1124 877/1017/1123 977/1137/1209
f 877/1017/1123 978/1138/1220 977/1137/1209
f 977/1137/1209 978/1138/1220 933/1085/1210
f 933/1085/1210 978/1138/1220 991/1160/736
f 991/1160/736 978/1138/1220 979/1140/738
f 978/1138/1220 980/1141/1219 979/1140/738
f 979/1140/738 980/1141/1219 981/1143/740
f 980/1141/1219 982/1144/1218 981/1143/740
f 981/1143/740 982/1144/1218 528/606/713
f 528/606/713 982/1144/1218 983/1146/711
f 982/1144/1218 942/1095/1217 983/1146/711
f 983/1146/711 942/1095/1217 526/602/709
f 942/1095/1217 940/1093/1216 526/602/709
f 526/602/709 940/1093/1216 984/1148/708
f 940/1093/1216 985/1149/1215 984/1148/708
f 984/1148/708 985/1149/1215 986/1151/630
f 985/1149/1215 937/1090/1214 986/1151/630
f 986/1151/630 937/1090/1214 477/541/629
f 937/1090/1214 936/1089/1213 477/541/629
f 477/541/629 936/1089/1213 987/1153/628
f 936/1089/1213 988/1154/1212 987/1153/628
f 987/1153/628 988/1154/1212 989/1157/627
f 988/1154/1212 990/1158/1211 989/1157/627
f 990/1158/1211 933/1086/1210 989/1157/627
f 989/1157/627 933/1086/1210 991/1161/736
f 992/1163/1101 871/1008/1103 993/1165/1247
f 871/1008/1103 994/1167/1248 993/1165/1247
f 993/1165/1247 994/1167/1248 1461/1702/1249
f 994/1167/1248 995/1168/1250 1461/1702/1249
f 995/1168/1250 996/1169/1251 1461/1702/1249
f 1461/1702/1249 996/1169/1251 1459/1699/1252
f 996/1169/1251 997/1170/1253 1459/1699/1252
f 1459/1699/1252 997/1170/1253 1458/1697/1254
f 997/1170/1253 998/1171/1255 1458/1697/1254
f 1458/1697/1254 998/1171/1255 1456/1694/1256
f 1456/1694/1256 998/1171/1255 885/1026/1132
f 885/1026/1132 998/1171/1255 1097/1283/1131
f 1097/1283/1131 998/1171/1255 1099/1286/1158
f 1099/1286/1158 998/1171/1255 999/1172/1156
f 998/1171/1255 997/1170/1253 999/1172/1156
f 999/1172/1156 997/1170/1253 1000/1173/1155
f 997/1170/1253 996/1169/1251 1000/1173/1155
f 1000/1173/1155 996/1169/1251 898/1043/1153
f 996/1169/1251 995/1168/1250 898/1043/1153
f 898/1043/1153 995/1168/1250 897/1042/1151
f 995/1168/1250 994/1167/1248 897/1042/1151
f 897/1042/1151 994/1167/1248 1001/1174/1243
f 994/1167/1248 871/1008/1103 1001/1174/1243
f 871/1008/1103 1076/1261/1257 1001/1174/1243
f 1001/1174/1243 1076/1261/1257 1002/1175/1244
f 1076/1261/1257 1003/1176/1179 1002/1175/1244
f 1003/1176/1179 1004/1178/1181 1002/1175/1244
f 1002/1175/1244 1004/1178/1181 1005/1179/1246
f 1004/1178/1181 1006/1180/1182 1005/1179/1246
f 1006/1180/1182 912/1062/1146 1005/1179/1246
f 912/1062/1146 894/1039/1142 1005/1179/1246
f 1005/1179/1246 894/1039/1142 974/1132/1141
f 521/596/704 519/594/702 1007/1181/698
f 519/594/702 1008/1182/701 1007/1181/698
f 1007/1181/698 1008/1182/701 515/590/699
f 547/630/661 529/608/714 487/557/659
f 529/608/714 1009/1183/712 487/557/659
f 1009/1183/712 527/603/710 487/557/659
f 487/557/659 527/603/710 1010/1184/657
f 527/603/710 1011/1185/1258 1010/1184/657
f 1010/1184/657 1011/1185/1258 1012/1186/655
f 1011/1185/1258 1019/1193/1259 1012/1186/655
f 1012/1186/655 1019/1193/1259 1171/1368/653
f 1019/1193/1259 1013/1187/1260 1171/1368/653
f 1171/1368/653 1013/1187/1260 1172/1369/1261
f 1013/1187/1260 1018/1192/1262 1172/1369/1261
f 1172/1369/1261 1018/1192/1262 1014/1188/700
f 1014/1188/700 1018/1192/1262 514/589/697
f 1018/1192/1262 1015/1189/696 514/589/697
f 2742/3206/932 2982/3493/1263 1016/1190/933
f 2982/3493/1263 1017/1191/1264 1016/1190/933
f 1016/1190/933 1017/1191/1264 703/801/934
f 1013/1187/1260 1019/1193/1259 1018/1192/1262
f 1018/1192/1262 1019/1193/1259 1015/1189/696
f 1019/1193/1259 1011/1185/1258 1015/1189/696
f 1015/1189/696 1011/1185/1258 525/600/694
f 1011/1185/1258 527/603/710 525/600/694
f 1584/1837/1265 1020/1194/1266 1585/1839/1267
f 1585/1839/1267 1020/1194/1266 1021/1196/1268
f 1020/1194/1266 1578/1825/1269 1021/1196/1268
f 1578/1825/1269 1577/1824/1270 1021/1196/1268
f 1577/1824/1270 1023/1198/1271 1021/1196/1268
f 1021/1196/1268 1023/1198/1271 1022/1197/1272
f 1022/1197/1272 1023/1198/1271 1024/1199/1273
f 1023/1198/1271 1575/1822/1274 1024/1199/1273
f 1575/1822/1274 1025/1200/1275 1024/1199/1273
f 1024/1199/1273 1025/1200/1275 1026/1201/1276
f 1029/1204/1277 1027/1202/1278 1030/1205/1279
f 1027/1202/1278 1028/1203/1280 1030/1205/1279
f 1030/1205/1279 1028/1203/1280 1031/1206/1281
f 1031/1206/1281 1028/1203/1280 2976/3483/1282
f 2976/3483/1282 1028/1203/1280 2977/3485/1283
f 2977/3485/1283 1028/1203/1280 2978/3487/1284
f 1028/1203/1280 1027/1202/1278 2978/3487/1284
f 1027/1202/1278 1029/1204/1277 2978/3487/1284
f 2978/3487/1284 1029/1204/1277 2980/3490/1285
f 2980/3490/1285 1029/1204/1277 2982/3493/1263
f 2982/3493/1263 1029/1204/1277 1017/1191/1264
f 1029/1204/1277 1030/1205/1279 1017/1191/1264
f 1017/1191/1264 1030/1205/1279 703/801/934
f 1030/1205/1279 1031/1206/1281 703/801/934
f 703/801/934 1031/1206/1281 704/802/927
f 1031/1206/1281 2976/3483/1282 704/802/927
f 704/802/927 2976/3483/1282 699/796/926
f 2008/2339/1286 2007/2338/1287 1032/1207/1288
f 2007/2338/1287 2006/2337/1171 1032/1207/1288
f 1032/1207/1288 2006/2337/1171 2010/2342/1170
f 840/975/767 1033/1208/768 1048/1229/1077
f 1048/1229/1077 1033/1208/768 1047/1227/1289
f 1033/1208/768 1034/1209/770 1047/1227/1289
f 1047/1227/1289 1034/1209/770 1045/1224/1290
f 1034/1209/770 570/655/772 1045/1224/1290
f 1045/1224/1290 570/655/772 1043/1221/1291
f 570/655/772 1035/1210/774 1043/1221/1291
f 1043/1221/1291 1035/1210/774 1042/1220/1292
f 1042/1220/1292 1035/1210/774 1040/1217/1293
f 1035/1210/774 571/656/775 1040/1217/1293
f 1040/1217/1293 571/656/775 1036/1211/1294
f 571/656/775 572/657/777 1036/1211/1294
f 1036/1211/1294 572/657/777 1037/1212/1295
f 572/657/777 573/658/779 1037/1212/1295
f 790/913/781 1038/1213/1296 573/658/779
f 573/658/779 1038/1213/1296 1037/1212/1295
f 1038/1213/1296 2486/2908/1297 1037/1212/1295
f 2486/2908/1297 2488/2912/1298 1037/1212/1295
f 1037/1212/1295 2488/2912/1298 1036/1211/1294
f 2488/2912/1298 1039/1215/1299 1036/1211/1294
f 1036/1211/1294 1039/1215/1299 1040/1217/1293
f 1039/1215/1299 1041/1218/1300 1040/1217/1293
f 1040/1217/1293 1041/1218/1300 1042/1220/1292
f 1041/1218/1300 2491/2916/1301 1042/1220/1292
f 2491/2916/1301 2493/2919/1302 1042/1220/1292
f 1042/1220/1292 2493/2919/1302 1043/1221/1291
f 2493/2919/1302 1044/1222/1303 1043/1221/1291
f 1043/1221/1291 1044/1222/1303 1045/1224/1290
f 1044/1222/1303 1046/1225/1304 1045/1224/1290
f 1045/1224/1290 1046/1225/1304 1047/1227/1289
f 1046/1225/1304 842/978/1078 1047/1227/1289
f 1047/1227/1289 842/978/1078 1048/1229/1077
f 1531/1778/1305 1050/1231/1306 1049/1230/1307
f 1050/1231/1306 1051/1232/1308 1049/1230/1307
f 1049/1230/1307 1051/1232/1308 1546/1793/1309
f 2002/2332/1310 1061/1245/1311 1052/1233/1312
f 1052/1233/1312 1061/1245/1311 1053/1235/1173
f 1061/1245/1311 1054/1237/1313 1053/1235/1173
f 1053/1235/1173 1054/1237/1313 902/1049/1163
f 902/1049/1163 1054/1237/1313 1055/1238/1230
f 1054/1237/1313 1057/1240/1314 1055/1238/1230
f 1055/1238/1230 1057/1240/1314 1056/1239/1228
f 1056/1239/1228 1057/1240/1314 946/1099/1226
f 1057/1240/1314 1058/1241/1315 946/1099/1226
f 946/1099/1226 1058/1241/1315 906/1054/1168
f 1058/1241/1315 2011/2343/1169 906/1054/1168
f 1059/1242/1316 1060/1244/1317 2009/2340/1318
f 2009/2340/1318 1060/1244/1317 2001/2330/1319
f 1060/1244/1317 1063/1247/1320 2001/2330/1319
f 2001/2330/1319 1063/1247/1320 2002/2332/1310
f 1063/1247/1320 1062/1246/1321 2002/2332/1310
f 2002/2332/1310 1062/1246/1321 1061/1245/1311
f 1061/1245/1311 1062/1246/1321 1065/1249/1322
f 1062/1246/1321 1063/1247/1320 1065/1249/1322
f 1063/1247/1320 1060/1244/1317 1065/1249/1322
f 1065/1249/1322 1060/1244/1317 1064/1248/1323
f 1060/1244/1317 1059/1242/1316 1064/1248/1323
f 1059/1242/1316 2011/2343/1169 1064/1248/1323
f 2011/2343/1169 1058/1241/1315 1064/1248/1323
f 1064/1248/1323 1058/1241/1315 1065/1249/1322
f 1058/1241/1315 1057/1240/1314 1065/1249/1322
f 1057/1240/1314 1054/1237/1313 1065/1249/1322
f 1065/1249/1322 1054/1237/1313 1061/1245/1311
f 2675/3128/1324 1067/1251/1325 1066/1250/1326
f 1066/1250/1326 1067/1251/1325 2673/3126/1327
f 1067/1251/1325 1135/1325/1328 2673/3126/1327
f 1135/1325/1328 1068/1252/1329 2673/3126/1327
f 2673/3126/1327 1068/1252/1329 2863/3351/1330
f 2526/2955/1331 1069/1254/1332 2524/2953/1333
f 1069/1254/1332 1127/1316/1334 2524/2953/1333
f 2524/2953/1333 1127/1316/1334 2523/2952/1335
f 1127/1316/1334 1126/1315/1336 2523/2952/1335
f 2523/2952/1335 1126/1315/1336 1067/1251/1325
f 1067/1251/1325 1126/1315/1336 1135/1325/1328
f 1135/1325/1328 1126/1315/1336 1134/1324/1337
f 1126/1315/1336 1075/1260/1338 1134/1324/1337
f 1134/1324/1337 1075/1260/1338 1070/1255/1339
f 1075/1260/1338 1071/1256/1340 1070/1255/1339
f 1070/1255/1339 1071/1256/1340 1133/1323/1341
f 1071/1256/1340 1074/1259/1342 1133/1323/1341
f 1133/1323/1341 1074/1259/1342 1132/1322/1227
f 1132/1322/1227 1074/1259/1342 1072/1257/1229
f 1072/1257/1229 1074/1259/1342 1073/1258/1231
f 1073/1258/1231 1074/1259/1342 948/1102/1232
f 1074/1259/1342 1071/1256/1340 948/1102/1232
f 948/1102/1232 1071/1256/1340 951/1106/1234
f 1071/1256/1340 1075/1260/1338 951/1106/1234
f 951/1106/1234 1075/1260/1338 953/1108/1235
f 1075/1260/1338 1128/1317/1343 953/1108/1235
f 953/1108/1235 1128/1317/1343 881/1021/1126
f 1128/1317/1343 1083/1269/1344 881/1021/1126
f 881/1021/1126 1083/1269/1344 879/1019/1125
f 1083/1269/1344 1003/1177/1179 879/1019/1125
f 1003/1177/1179 1076/1262/1257 879/1019/1125
f 879/1019/1125 1076/1262/1257 878/1018/1104
f 1076/1262/1257 871/1009/1103 878/1018/1104
f 815/942/1046 1077/1263/1345 814/940/1045
f 814/940/1045 1077/1263/1345 1078/1264/1346
f 1077/1263/1345 1291/1516/1347 1078/1264/1346
f 1291/1516/1347 1079/1265/1348 1078/1264/1346
f 1078/1264/1346 1079/1265/1348 814/940/1045
f 814/940/1045 1079/1265/1348 813/938/1043
f 1079/1265/1348 1272/1491/1349 813/938/1043
f 813/938/1043 1272/1491/1349 822/955/1054
f 1272/1491/1349 820/952/1053 822/955/1054
f 1149/1342/1350 1080/1266/1351 1331/1565/1352
f 1080/1266/1351 1151/1344/1353 1331/1565/1352
f 1331/1565/1352 1151/1344/1353 1081/1267/1354
f 1081/1267/1354 1151/1344/1353 1082/1268/1355
f 1151/1344/1353 1152/1345/1356 1082/1268/1355
f 1082/1268/1355 1152/1345/1356 1083/1269/1344
f 1152/1345/1356 911/1061/1180 1083/1269/1344
f 1083/1269/1344 911/1061/1180 1003/1177/1179
f 426/481/553 1088/1274/562 418/473/551
f 1088/1274/562 1089/1275/1357 418/473/551
f 418/473/551 1089/1275/1357 416/471/550
f 1089/1275/1357 1084/1270/549 416/471/550
f 411/466/544 1086/1272/545 1085/1271/1358
f 1085/1271/1358 1086/1272/545 1087/1273/1359
f 1086/1272/545 434/489/580 1087/1273/1359
f 1087/1273/1359 434/489/580 435/490/582
f 1088/1274/562 1090/1276/564 1089/1275/1357
f 1090/1276/564 1091/1277/566 1089/1275/1357
f 1089/1275/1357 1091/1277/566 1084/1270/549
f 1084/1270/549 1091/1277/566 414/469/548
f 1091/1277/566 1092/1278/568 414/469/548
f 414/469/548 1092/1278/568 413/468/547
f 1092/1278/568 1093/1279/570 413/468/547
f 1093/1279/570 1094/1280/572 413/468/547
f 413/468/547 1094/1280/572 1095/1281/546
f 1094/1280/572 1096/1282/574 1095/1281/546
f 1096/1282/574 432/487/578 1095/1281/546
f 1095/1281/546 432/487/578 1086/1272/545
f 432/487/578 434/489/580 1086/1272/545
f 1097/1284/1131 1099/1287/1158 1098/1285/1130
f 1098/1285/1130 1099/1287/1158 950/1105/1233
f 1099/1287/1158 1100/1289/1159 950/1105/1233
f 950/1105/1233 1100/1289/1159 949/1104/1160
f 1116/1305/1360 1102/1291/1361 1101/1290/1362
f 1101/1290/1362 1102/1291/1361 1103/1292/1363
f 1102/1291/1361 1115/1304/1364 1103/1292/1363
f 1103/1292/1363 1115/1304/1364 1104/1293/1365
f 1115/1304/1364 1105/1294/1366 1104/1293/1365
f 1104/1293/1365 1105/1294/1366 1106/1295/1367
f 1105/1294/1366 1113/1302/1368 1106/1295/1367
f 1106/1295/1367 1113/1302/1368 1107/1296/1369
f 1113/1302/1368 1110/1299/1370 1107/1296/1369
f 1107/1296/1369 1110/1299/1370 1108/1297/1371
f 1108/1297/1371 1110/1299/1370 2503/2932/1372
f 2503/2932/1372 1110/1299/1370 1109/1298/786
f 1109/1298/786 1110/1299/1370 1111/1300/787
f 1111/1300/787 1110/1299/1370 1112/1301/788
f 1110/1299/1370 1113/1302/1368 1112/1301/788
f 1113/1302/1368 1105/1294/1366 1112/1301/788
f 1112/1301/788 1105/1294/1366 1114/1303/790
f 1105/1294/1366 1115/1304/1364 1114/1303/790
f 1114/1303/790 1115/1304/1364 582/668/791
f 582/668/791 1115/1304/1364 594/680/807
f 1115/1304/1364 1102/1291/1361 594/680/807
f 594/680/807 1102/1291/1361 1118/1307/1373
f 1102/1291/1361 1116/1305/1360 1118/1307/1373
f 1116/1305/1360 1117/1306/1374 1118/1307/1373
f 1117/1306/1374 1119/1308/1375 1118/1307/1373
f 1119/1308/1375 1121/1310/1376 1118/1307/1373
f 1121/1310/1376 1120/1309/1377 1118/1307/1373
f 1118/1307/1373 1120/1309/1377 594/680/807
f 594/680/807 1120/1309/1377 1124/1313/1378
f 1124/1313/1378 1120/1309/1377 1123/1312/1379
f 1120/1309/1377 1121/1310/1376 1123/1312/1379
f 1121/1310/1376 1122/1311/1380 1123/1312/1379
f 1122/1311/1380 2951/3458/1381 1123/1312/1379
f 2951/3458/1381 2959/3466/809 1123/1312/1379
f 1123/1312/1379 2959/3466/809 1124/1313/1378
f 2959/3466/809 1125/1314/808 1124/1313/1378
f 1124/1313/1378 1125/1314/808 594/680/807
f 1126/1315/1336 1127/1316/1334 1075/1260/1338
f 1075/1260/1338 1127/1316/1334 1128/1317/1343
f 1127/1316/1334 1082/1268/1355 1128/1317/1343
f 1128/1317/1343 1082/1268/1355 1083/1269/1344
f 2812/3286/602 1130/1320/1382 1129/1318/1383
f 1130/1320/1382 1131/1321/1224 1129/1318/1383
f 1129/1318/1383 1131/1321/1224 2811/3284/1167
f 1132/1322/1227 945/1098/1225 1133/1323/1341
f 1133/1323/1341 945/1098/1225 1070/1255/1339
f 945/1098/1225 944/1097/1222 1070/1255/1339
f 1070/1255/1339 944/1097/1222 1134/1324/1337
f 1134/1324/1337 944/1097/1222 1135/1325/1328
f 944/1097/1222 1136/1326/1221 1135/1325/1328
f 1135/1325/1328 1136/1326/1221 1068/1252/1329
f 1068/1252/1329 1136/1326/1221 1137/1327/1384
f 1136/1326/1221 1138/1329/1385 1137/1327/1384
f 1137/1327/1384 1138/1329/1385 2806/3278/1386
f 1322/1554/1387 1140/1331/1388 1139/1330/1389
f 1139/1330/1389 1140/1331/1388 1141/1332/1390
f 1140/1331/1388 1325/1557/1391 1141/1332/1390
f 1141/1332/1390 1325/1557/1391 1142/1333/1392
f 1325/1557/1391 1326/1558/1393 1142/1333/1392
f 1326/1558/1393 1327/1559/577 1142/1333/1392
f 1142/1333/1392 1327/1559/577 1143/1334/576
f 909/1058/1175 1145/1337/1394 1144/1336/1178
f 1145/1337/1394 1146/1338/1395 1144/1336/1178
f 1144/1336/1178 1146/1338/1395 1147/1340/1184
f 1147/1340/1184 1146/1338/1395 914/1065/1185
f 1146/1338/1395 1148/1341/1396 914/1065/1185
f 914/1065/1185 1148/1341/1396 1332/1567/1144
f 1332/1567/1144 1148/1341/1396 1149/1342/1350
f 1148/1341/1396 1150/1343/1397 1149/1342/1350
f 1149/1342/1350 1150/1343/1397 1080/1266/1351
f 1150/1343/1397 1153/1346/1398 1080/1266/1351
f 1080/1266/1351 1153/1346/1398 1151/1344/1353
f 1151/1344/1353 1153/1346/1398 1152/1345/1356
f 1152/1345/1356 1153/1346/1398 911/1061/1180
f 911/1061/1180 1153/1346/1398 1156/1351/1183
f 1156/1351/1183 1153/1346/1398 1154/1347/1399
f 1153/1346/1398 1150/1343/1397 1154/1347/1399
f 1150/1343/1397 1166/1363/1400 1154/1347/1399
f 1166/1363/1400 1155/1349/1174 1154/1347/1399
f 1154/1347/1399 1155/1349/1174 1156/1351/1183
f 2937/3441/1401 1157/1352/1402 1159/1355/1403
f 1159/1355/1403 1157/1352/1402 1158/1354/1404
f 1157/1352/1402 2935/3437/1405 1158/1354/1404
f 2935/3437/1405 1854/2142/1406 1158/1354/1404
f 1854/2142/1406 1855/2144/1407 1158/1354/1404
f 1855/2144/1407 1856/2146/1408 1158/1354/1404
f 1856/2146/1408 1923/2233/1409 1158/1354/1404
f 1923/2233/1409 1920/2229/1410 1158/1354/1404
f 1158/1354/1404 1920/2229/1410 1159/1355/1403
f 1920/2229/1410 1919/2227/1411 1159/1355/1403
f 1919/2227/1411 1160/1356/1412 1159/1355/1403
f 1159/1355/1403 1160/1356/1412 2937/3441/1401
f 1161/1358/1413 1163/1360/492 1162/1359/1414
f 1163/1360/492 377/432/491 1162/1359/1414
f 1162/1359/1414 377/432/491 1164/1361/1415
f 377/432/491 1165/1362/490 1164/1361/1415
f 1155/1349/1174 1166/1363/1400 909/1058/1175
f 909/1058/1175 1166/1363/1400 1145/1337/1394
f 1166/1363/1400 1150/1343/1397 1145/1337/1394
f 1145/1337/1394 1150/1343/1397 1146/1338/1395
f 1150/1343/1397 1148/1341/1396 1146/1338/1395
f 505/578/683 501/573/676 1167/1364/681
f 501/573/676 500/571/673 1167/1364/681
f 500/571/673 1168/1365/671 1167/1364/681
f 1167/1364/681 1168/1365/671 1169/1366/679
f 1168/1365/671 497/568/668 1169/1366/679
f 1169/1366/679 497/568/668 502/574/677
f 497/568/668 1170/1367/654 502/574/677
f 1170/1367/654 1171/1368/653 502/574/677
f 1171/1368/653 1172/1369/1261 502/574/677
f 502/574/677 1172/1369/1261 1173/1370/678
f 1172/1369/1261 1014/1188/700 1173/1370/678
f 1014/1188/700 516/591/687 1173/1370/678
f 1173/1370/678 516/591/687 503/575/680
f 385/440/506 406/461/535 1174/1371/505
f 1174/1371/505 406/461/535 1175/1372/504
f 406/461/535 404/459/534 1175/1372/504
f 1176/1374/1416 1303/1528/1417 1316/1547/1418
f 1303/1528/1417 1319/1551/1419 1316/1547/1418
f 1319/1551/1419 1177/1375/1420 1316/1547/1418
f 1316/1547/1418 1177/1375/1420 1178/1376/1421
f 1177/1375/1420 1318/1549/1422 1178/1376/1421
f 1805/2080/1423 1807/2084/1424 1179/1377/1425
f 1807/2084/1424 1180/1378/1426 1179/1377/1425
f 1180/1378/1426 1181/1380/1427 1179/1377/1425
f 1179/1377/1425 1181/1380/1427 1183/1384/1428
f 1181/1380/1427 1182/1383/1429 1183/1384/1428
f 1182/1383/1429 1261/1479/1430 1183/1384/1428
f 1183/1384/1428 1261/1479/1430 1225/1438/1431
f 1261/1479/1430 1184/1385/1432 1225/1438/1431
f 1185/1386/1433 1186/1388/1434 1189/1392/1435
f 1186/1388/1434 1187/1390/1436 1189/1392/1435
f 1187/1390/1436 1188/1391/1437 1189/1392/1435
f 1188/1391/1437 1190/1393/1438 1189/1392/1435
f 1190/1393/1438 1192/1396/1439 1189/1392/1435
f 1189/1392/1435 1192/1396/1439 1185/1386/1433
f 1185/1386/1433 1192/1396/1439 1191/1394/1440
f 1191/1394/1440 1192/1396/1439 1193/1397/1441
f 1192/1396/1439 1260/1478/1442 1193/1397/1441
f 1193/1397/1441 1260/1478/1442 2029/2369/1443
f 1260/1478/1442 1194/1399/1444 2029/2369/1443
f 2029/2369/1443 1194/1399/1444 1195/1400/1445
f 1194/1399/1444 1197/1404/1446 1195/1400/1445
f 1195/1400/1445 1197/1404/1446 1196/1403/1447
f 1196/1403/1447 1197/1404/1446 1320/1552/1448
f 1197/1404/1446 1781/2053/1449 1320/1552/1448
f 1320/1552/1448 1781/2053/1449 1198/1405/1450
f 1781/2053/1449 1308/1535/1451 1198/1405/1450
f 1198/1405/1450 1308/1535/1451 1248/1462/1452
f 1308/1535/1451 1309/1536/1453 1248/1462/1452
f 1248/1462/1452 1309/1536/1453 1304/1530/1454
f 1774/2045/1455 1199/1406/1456 1211/1422/1457
f 1211/1422/1457 1199/1406/1456 1210/1421/1458
f 1199/1406/1456 1200/1408/1459 1210/1421/1458
f 1210/1421/1458 1200/1408/1459 1201/1410/1460
f 1200/1408/1459 1202/1411/1461 1201/1410/1460
f 1201/1410/1460 1202/1411/1461 1203/1413/1462
f 1203/1413/1462 1202/1411/1461 1204/1414/1463
f 1202/1411/1461 1205/1415/1464 1204/1414/1463
f 1205/1415/1464 1222/1433/1465 1204/1414/1463
f 1222/1433/1465 1220/1431/1466 1204/1414/1463
f 1220/1431/1466 1206/1417/1467 1204/1414/1463
f 1206/1417/1467 1207/1418/1468 1204/1414/1463
f 1204/1414/1463 1207/1418/1468 1203/1413/1462
f 1207/1418/1468 1208/1419/1469 1203/1413/1462
f 1208/1419/1469 1209/1420/1470 1203/1413/1462
f 1203/1413/1462 1209/1420/1470 1201/1410/1460
f 1209/1420/1470 1218/1429/1471 1201/1410/1460
f 1201/1410/1460 1218/1429/1471 1210/1421/1458
f 1218/1429/1471 1212/1423/1472 1210/1421/1458
f 1210/1421/1458 1212/1423/1472 1211/1422/1457
f 1211/1422/1457 1212/1423/1472 1213/1424/1473
f 1212/1423/1472 1216/1427/1474 1213/1424/1473
f 1213/1424/1473 1216/1427/1474 1775/2047/1475
f 1775/2047/1475 1216/1427/1474 1214/1425/1476
f 1214/1425/1476 1216/1427/1474 1215/1426/1477
f 1215/1426/1477 1216/1427/1474 1772/2043/1478
f 1216/1427/1474 1212/1423/1472 1772/2043/1478
f 1772/2043/1478 1212/1423/1472 1217/1428/1479
f 1212/1423/1472 1218/1429/1471 1217/1428/1479
f 1217/1428/1479 1218/1429/1471 1771/2042/1480
f 1218/1429/1471 1209/1420/1470 1771/2042/1480
f 1771/2042/1480 1209/1420/1470 1219/1430/1481
f 1209/1420/1470 1208/1419/1469 1219/1430/1481
f 1219/1430/1481 1208/1419/1469 1768/2039/1482
f 1208/1419/1469 1207/1418/1468 1768/2039/1482
f 1768/2039/1482 1207/1418/1468 1766/2037/1483
f 1207/1418/1468 1206/1417/1467 1766/2037/1483
f 1766/2037/1483 1206/1417/1467 1796/2069/1484
f 1206/1417/1467 1220/1431/1466 1796/2069/1484
f 1796/2069/1484 1220/1431/1466 1221/1432/1485
f 1220/1431/1466 1222/1433/1465 1221/1432/1485
f 1222/1433/1465 1792/2064/1486 1221/1432/1485
f 1221/1432/1485 1792/2064/1486 1797/2070/1487
f 1792/2064/1486 1223/1435/1488 1797/2070/1487
f 1797/2070/1487 1223/1435/1488 1226/1439/1489
f 1223/1435/1488 1801/2074/1490 1226/1439/1489
f 1226/1439/1489 1801/2074/1490 1224/1437/1491
f 1801/2074/1490 1803/2077/1492 1224/1437/1491
f 1803/2077/1492 1805/2080/1423 1224/1437/1491
f 1805/2080/1423 1179/1377/1425 1224/1437/1491
f 1179/1377/1425 1183/1384/1428 1224/1437/1491
f 1183/1384/1428 1225/1438/1431 1224/1437/1491
f 1224/1437/1491 1225/1438/1431 1226/1439/1489
f 1225/1438/1431 1227/1440/1493 1226/1439/1489
f 1226/1439/1489 1227/1440/1493 1797/2070/1487
f 1256/1473/1494 1228/1441/1495 1253/1468/1496
f 1253/1468/1496 1228/1441/1495 1229/1442/1497
f 1228/1441/1495 1776/2048/1498 1229/1442/1497
f 1776/2048/1498 1230/1443/1499 1229/1442/1497
f 1229/1442/1497 1230/1443/1499 1231/1444/1500
f 1230/1443/1499 1777/2049/1501 1231/1444/1500
f 1807/2085/1424 1806/2082/1502 1310/1537/1503
f 1806/2082/1502 1234/1448/1504 1310/1537/1503
f 1310/1537/1503 1234/1448/1504 1232/1445/1505
f 1234/1448/1504 1233/1447/1506 1232/1445/1505
f 1232/1445/1505 1233/1447/1506 1311/1539/1507
f 1311/1539/1507 1233/1447/1506 1302/1527/1508
f 1302/1527/1508 1233/1447/1506 1301/1526/1509
f 1233/1447/1506 1234/1448/1504 1301/1526/1509
f 1301/1526/1509 1234/1448/1504 1299/1524/1510
f 1234/1448/1504 1806/2082/1502 1299/1524/1510
f 1806/2082/1502 1182/1382/1429 1299/1524/1510
f 1299/1524/1510 1182/1382/1429 1235/1449/1511
f 1182/1382/1429 1181/1381/1427 1235/1449/1511
f 1181/1381/1427 1236/1450/1512 1235/1449/1511
f 1236/1450/1512 1237/1451/1513 1235/1449/1511
f 1235/1449/1511 1237/1451/1513 1300/1525/1514
f 1237/1451/1513 1238/1452/1515 1300/1525/1514
f 1300/1525/1514 1238/1452/1515 1239/1453/1516
f 1238/1452/1515 1313/1543/1517 1239/1453/1516
f 1239/1453/1516 1313/1543/1517 1297/1522/1518
f 1313/1543/1517 1240/1454/1519 1297/1522/1518
f 1240/1454/1519 1241/1455/1520 1297/1522/1518
f 1297/1522/1518 1241/1455/1520 1295/1520/1521
f 1241/1455/1520 1242/1456/1522 1295/1520/1521
f 1295/1520/1521 1242/1456/1522 1243/1457/1523
f 1242/1456/1522 1244/1458/1524 1243/1457/1523
f 1243/1457/1523 1244/1458/1524 1245/1459/1525
f 1244/1458/1524 1317/1548/1526 1245/1459/1525
f 1245/1459/1525 1317/1548/1526 1246/1460/1527
f 1246/1460/1527 1317/1548/1526 1304/1530/1454
f 1317/1548/1526 1247/1461/1528 1304/1530/1454
f 1304/1530/1454 1247/1461/1528 1248/1462/1452
f 1247/1461/1528 1249/1463/1529 1248/1462/1452
f 1248/1462/1452 1249/1463/1529 1198/1405/1450
f 1249/1463/1529 1250/1464/1530 1198/1405/1450
f 1198/1405/1450 1250/1464/1530 1320/1552/1448
f 1257/1474/1531 1774/2045/1455 1251/1465/1532
f 1774/2045/1455 1211/1422/1457 1251/1465/1532
f 1251/1465/1532 1211/1422/1457 1213/1424/1473
f 1252/1466/1533 1254/1469/1534 1253/1468/1496
f 1254/1469/1534 1255/1471/1535 1253/1468/1496
f 1253/1468/1496 1255/1471/1535 1256/1473/1494
f 1255/1471/1535 1257/1474/1531 1256/1473/1494
f 1257/1474/1531 1251/1465/1532 1256/1473/1494
f 1256/1473/1494 1251/1465/1532 1228/1441/1495
f 1251/1465/1532 1213/1424/1473 1228/1441/1495
f 1213/1424/1473 1775/2047/1475 1228/1441/1495
f 1228/1441/1495 1775/2047/1475 1776/2048/1498
f 1229/1442/1497 1231/1444/1500 1253/1468/1496
f 1231/1444/1500 1258/1476/1536 1253/1468/1496
f 1253/1468/1496 1258/1476/1536 1252/1466/1533
f 1252/1466/1533 1258/1476/1536 1186/1388/1434
f 1186/1388/1434 1258/1476/1536 1187/1390/1436
f 1258/1476/1536 1231/1444/1500 1187/1390/1436
f 1187/1390/1436 1231/1444/1500 1188/1391/1437
f 1231/1444/1500 1777/2049/1501 1188/1391/1437
f 1777/2049/1501 1778/2050/1537 1188/1391/1437
f 1188/1391/1437 1778/2050/1537 1190/1393/1438
f 1778/2050/1537 1259/1477/1538 1190/1393/1438
f 1190/1393/1438 1259/1477/1538 1192/1396/1439
f 1192/1396/1439 1259/1477/1538 1260/1478/1442
f 1259/1477/1538 1779/2051/1539 1260/1478/1442
f 1260/1478/1442 1779/2051/1539 1194/1399/1444
f 1227/1440/1493 1225/1438/1431 1799/2072/1540
f 1225/1438/1431 1184/1385/1432 1799/2072/1540
f 1799/2072/1540 1184/1385/1432 1800/2073/1541
f 1800/2073/1541 1184/1385/1432 1802/2076/1542
f 1802/2076/1542 1184/1385/1432 1804/2079/1543
f 1184/1385/1432 1261/1479/1430 1804/2079/1543
f 1804/2079/1543 1261/1479/1430 1806/2083/1502
f 1261/1479/1430 1182/1383/1429 1806/2083/1502
f 1273/1492/1544 1263/1482/1545 1262/1480/1546
f 1262/1480/1546 1263/1482/1545 1265/1484/1547
f 1263/1482/1545 1264/1483/1548 1265/1484/1547
f 1264/1483/1548 1270/1489/1549 1265/1484/1547
f 1265/1484/1547 1270/1489/1549 1275/1497/1550
f 1270/1489/1549 1269/1488/1551 1275/1497/1550
f 1275/1497/1550 1269/1488/1551 1283/1507/1552
f 1283/1507/1552 1269/1488/1551 1267/1486/1553
f 1269/1488/1551 1266/1485/1554 1267/1486/1553
f 1266/1485/1554 1268/1487/1555 1267/1486/1553
f 1267/1486/1553 1268/1487/1555 1286/1510/1556
f 1286/1510/1556 1268/1487/1555 1287/1511/1557
f 1287/1511/1557 1268/1487/1555 1289/1514/1558
f 1289/1514/1558 1268/1487/1555 1290/1515/1559
f 1268/1487/1555 1266/1485/1554 1290/1515/1559
f 1290/1515/1559 1266/1485/1554 1292/1517/1560
f 1266/1485/1554 1269/1488/1551 1292/1517/1560
f 1292/1517/1560 1269/1488/1551 1293/1518/1561
f 1269/1488/1551 1270/1489/1549 1293/1518/1561
f 1293/1518/1561 1270/1489/1549 1271/1490/1562
f 1270/1489/1549 1264/1483/1548 1271/1490/1562
f 1271/1490/1562 1264/1483/1548 1272/1491/1349
f 1264/1483/1548 1263/1482/1545 1272/1491/1349
f 1272/1491/1349 1263/1482/1545 820/952/1053
f 1263/1482/1545 1273/1492/1544 820/952/1053
f 820/952/1053 1273/1492/1544 1274/1495/1052
f 1283/1507/1552 1276/1498/1563 1275/1497/1550
f 1276/1498/1563 1277/1499/1564 1275/1497/1550
f 1275/1497/1550 1277/1499/1564 1265/1484/1547
f 1265/1484/1547 1277/1499/1564 1262/1480/1546
f 1277/1499/1564 1278/1500/1565 1262/1480/1546
f 1262/1480/1546 1278/1500/1565 1279/1501/1566
f 1278/1500/1565 1285/1509/1567 1279/1501/1566
f 1279/1501/1566 1285/1509/1567 1280/1503/1568
f 1280/1503/1568 1285/1509/1567 2919/3420/1569
f 1285/1509/1567 1281/1505/1570 2919/3420/1569
f 1286/1510/1556 1282/1506/1571 1267/1486/1553
f 1267/1486/1553 1282/1506/1571 1283/1507/1552
f 1282/1506/1571 1284/1508/1572 1283/1507/1552
f 1283/1507/1552 1284/1508/1572 1276/1498/1563
f 1276/1498/1563 1284/1508/1572 1277/1499/1564
f 1277/1499/1564 1284/1508/1572 1278/1500/1565
f 1278/1500/1565 1284/1508/1572 1285/1509/1567
f 1284/1508/1572 1282/1506/1571 1285/1509/1567
f 1285/1509/1567 1282/1506/1571 1281/1505/1570
f 1282/1506/1571 1286/1510/1556 1281/1505/1570
f 1281/1505/1570 1286/1510/1556 2919/3420/1569
f 1286/1510/1556 1287/1511/1557 2919/3420/1569
f 2919/3420/1569 1287/1511/1557 818/947/1050
f 818/947/1050 1287/1511/1557 817/945/1049
f 1287/1511/1557 1289/1514/1558 817/945/1049
f 817/945/1049 1289/1514/1558 1288/1513/1048
f 1288/1513/1048 1289/1514/1558 815/942/1046
f 815/942/1046 1289/1514/1558 1077/1263/1345
f 1289/1514/1558 1290/1515/1559 1077/1263/1345
f 1077/1263/1345 1290/1515/1559 1291/1516/1347
f 1290/1515/1559 1292/1517/1560 1291/1516/1347
f 1292/1517/1560 1293/1518/1561 1291/1516/1347
f 1293/1518/1561 1271/1490/1562 1291/1516/1347
f 1291/1516/1347 1271/1490/1562 1079/1265/1348
f 1271/1490/1562 1272/1491/1349 1079/1265/1348
f 1315/1546/1573 1294/1519/1574 1240/1454/1519
f 1240/1454/1519 1294/1519/1574 1241/1455/1520
f 1241/1455/1520 1294/1519/1574 1242/1456/1522
f 1294/1519/1574 1244/1458/1524 1242/1456/1522
f 1243/1457/1523 1296/1521/1575 1295/1520/1521
f 1296/1521/1575 1298/1523/1576 1295/1520/1521
f 1295/1520/1521 1298/1523/1576 1297/1522/1518
f 1297/1522/1518 1298/1523/1576 1239/1453/1516
f 1298/1523/1576 1300/1525/1514 1239/1453/1516
f 1235/1449/1511 1300/1525/1514 1299/1524/1510
f 1299/1524/1510 1300/1525/1514 1301/1526/1509
f 1300/1525/1514 1298/1523/1576 1301/1526/1509
f 1301/1526/1509 1298/1523/1576 1302/1527/1508
f 1298/1523/1576 1296/1521/1575 1302/1527/1508
f 1302/1527/1508 1296/1521/1575 1311/1539/1507
f 1311/1539/1507 1296/1521/1575 1312/1541/1577
f 1312/1541/1577 1296/1521/1575 1314/1544/1578
f 1296/1521/1575 1243/1457/1523 1314/1544/1578
f 1314/1544/1578 1243/1457/1523 1176/1373/1416
f 1243/1457/1523 1245/1459/1525 1176/1373/1416
f 1176/1373/1416 1245/1459/1525 1303/1529/1417
f 1245/1459/1525 1246/1460/1527 1303/1529/1417
f 1303/1529/1417 1246/1460/1527 1319/1550/1419
f 1246/1460/1527 1304/1530/1454 1319/1550/1419
f 1304/1530/1454 1309/1536/1453 1319/1550/1419
f 1319/1550/1419 1309/1536/1453 1305/1531/1579
f 1309/1536/1453 1306/1533/1580 1305/1531/1579
f 1305/1531/1579 1306/1533/1580 1196/1402/1447
f 1196/1402/1447 1306/1533/1580 1195/1401/1445
f 1195/1401/1445 1306/1533/1580 2031/2372/1581
f 1306/1533/1580 1307/1534/1582 2031/2372/1581
f 2031/2372/1581 1307/1534/1582 1782/2054/1583
f 1782/2054/1583 1307/1534/1582 1781/2053/1449
f 1781/2053/1449 1307/1534/1582 1308/1535/1451
f 1307/1534/1582 1306/1533/1580 1308/1535/1451
f 1308/1535/1451 1306/1533/1580 1309/1536/1453
f 1181/1381/1427 1180/1379/1426 1236/1450/1512
f 1180/1379/1426 1807/2086/1424 1236/1450/1512
f 1807/2086/1424 1310/1538/1503 1236/1450/1512
f 1236/1450/1512 1310/1538/1503 1237/1451/1513
f 1310/1538/1503 1232/1446/1505 1237/1451/1513
f 1232/1446/1505 1311/1540/1507 1237/1451/1513
f 1237/1451/1513 1311/1540/1507 1238/1452/1515
f 1311/1540/1507 1312/1542/1577 1238/1452/1515
f 1238/1452/1515 1312/1542/1577 1313/1543/1517
f 1312/1542/1577 1314/1545/1578 1313/1543/1517
f 1313/1543/1517 1314/1545/1578 1240/1454/1519
f 1314/1545/1578 1176/1374/1416 1240/1454/1519
f 1240/1454/1519 1176/1374/1416 1315/1546/1573
f 1176/1374/1416 1316/1547/1418 1315/1546/1573
f 1315/1546/1573 1316/1547/1418 1294/1519/1574
f 1316/1547/1418 1178/1376/1421 1294/1519/1574
f 1294/1519/1574 1178/1376/1421 1244/1458/1524
f 1244/1458/1524 1178/1376/1421 1317/1548/1526
f 1178/1376/1421 1318/1549/1422 1317/1548/1526
f 1317/1548/1526 1318/1549/1422 1247/1461/1528
f 1247/1461/1528 1318/1549/1422 1249/1463/1529
f 1318/1549/1422 1177/1375/1420 1249/1463/1529
f 1249/1463/1529 1177/1375/1420 1250/1464/1530
f 1177/1375/1420 1319/1551/1419 1250/1464/1530
f 1319/1551/1419 1305/1532/1579 1250/1464/1530
f 1250/1464/1530 1305/1532/1579 1320/1552/1448
f 1305/1532/1579 1196/1403/1447 1320/1552/1448
f 1321/1553/565 1323/1555/563 1322/1554/1387
f 1322/1554/1387 1323/1555/563 1140/1331/1388
f 1323/1555/563 1324/1556/561 1140/1331/1388
f 1140/1331/1388 1324/1556/561 1325/1557/1391
f 1324/1556/561 425/480/560 1325/1557/1391
f 1325/1557/1391 425/480/560 1326/1558/1393
f 425/480/560 424/479/559 1326/1558/1393
f 1326/1558/1393 424/479/559 1327/1559/577
f 1327/1559/577 424/479/559 433/488/579
f 424/479/559 436/491/558 433/488/579
f 433/488/579 436/491/558 1328/1560/581
f 1329/1562/1140 1330/1564/1143 1081/1267/1354
f 1081/1267/1354 1330/1564/1143 1331/1565/1352
f 1331/1565/1352 1330/1564/1143 1149/1342/1350
f 1330/1564/1143 1332/1567/1144 1149/1342/1350
f 1130/1320/1382 1333/1568/1584 1131/1321/1224
f 1131/1321/1224 1333/1568/1584 1334/1569/1223
f 1334/1569/1223 1333/1568/1584 1136/1326/1221
f 1136/1326/1221 1333/1568/1584 1138/1329/1385
f 1333/1568/1584 1335/1570/1585 1138/1329/1385
f 1335/1570/1585 1336/1571/1586 1138/1329/1385
f 1138/1329/1385 1336/1571/1586 2806/3278/1386
f 2806/3278/1386 1336/1571/1586 1337/1572/1587
f 1336/1571/1586 1338/1574/1588 1337/1572/1587
f 1339/1576/1589 1341/1578/1590 1437/1674/1591
f 1437/1674/1591 1341/1578/1590 1340/1577/1592
f 1340/1577/1592 1341/1578/1590 1342/1579/1593
f 1341/1578/1590 1343/1580/1594 1342/1579/1593
f 1343/1580/1594 1344/1581/1595 1342/1579/1593
f 1342/1579/1593 1344/1581/1595 1345/1582/1596
f 1497/1743/1597 1347/1584/1598 1346/1583/1599
f 1346/1583/1599 1347/1584/1598 1348/1585/1600
f 1347/1584/1598 1349/1586/1601 1348/1585/1600
f 1348/1585/1600 1349/1586/1601 1350/1587/1602
f 1349/1586/1601 1351/1588/1603 1350/1587/1602
f 1350/1587/1602 1351/1588/1603 1352/1589/1604
f 1351/1588/1603 1353/1590/1605 1352/1589/1604
f 1352/1589/1604 1353/1590/1605 1359/1596/1606
f 1353/1590/1605 1354/1591/1607 1359/1596/1606
f 1359/1596/1606 1354/1591/1607 1356/1593/1608
f 1354/1591/1607 1355/1592/1609 1356/1593/1608
f 1355/1592/1609 1357/1594/1610 1356/1593/1608
f 1357/1594/1610 1367/1604/1611 1356/1593/1608
f 1356/1593/1608 1367/1604/1611 1359/1596/1606
f 1367/1604/1611 1358/1595/1612 1359/1596/1606
f 1358/1595/1612 1360/1597/1613 1359/1596/1606
f 1359/1596/1606 1360/1597/1613 1352/1589/1604
f 1360/1597/1613 1364/1601/1614 1352/1589/1604
f 1352/1589/1604 1364/1601/1614 1350/1587/1602
f 1364/1601/1614 1363/1600/1615 1350/1587/1602
f 1350/1587/1602 1363/1600/1615 1348/1585/1600
f 1363/1600/1615 1361/1598/1616 1348/1585/1600
f 1348/1585/1600 1361/1598/1616 1346/1583/1599
f 1346/1583/1599 1361/1598/1616 1498/1745/1617
f 1498/1745/1617 1361/1598/1616 1455/1692/1618
f 1455/1692/1618 1361/1598/1616 1362/1599/1619
f 1361/1598/1616 1363/1600/1615 1362/1599/1619
f 1362/1599/1619 1363/1600/1615 1457/1696/1620
f 1363/1600/1615 1364/1601/1614 1457/1696/1620
f 1457/1696/1620 1364/1601/1614 1365/1602/1621
f 1364/1601/1614 1360/1597/1613 1365/1602/1621
f 1365/1602/1621 1360/1597/1613 1460/1701/1622
f 1360/1597/1613 1358/1595/1612 1460/1701/1622
f 1460/1701/1622 1358/1595/1612 1366/1603/1623
f 1358/1595/1612 1367/1604/1611 1366/1603/1623
f 1366/1603/1623 1367/1604/1611 1368/1605/1624
f 1367/1604/1611 1357/1594/1610 1368/1605/1624
f 1368/1605/1624 1357/1594/1610 1369/1606/1625
f 1369/1606/1625 1357/1594/1610 1370/1607/1626
f 1357/1594/1610 1470/1715/1627 1370/1607/1626
f 1370/1607/1626 1470/1715/1627 1371/1608/1628
f 1372/1609/1629 1699/1964/1630 1373/1610/1631
f 1699/1964/1630 1700/1965/1632 1373/1610/1631
f 1700/1965/1632 537/616/617 1373/1610/1631
f 1373/1610/1631 537/616/617 1697/1962/1633
f 537/616/617 470/532/618 1697/1962/1633
f 1697/1962/1633 470/532/618 1693/1958/1634
f 470/532/618 2012/2345/619 1693/1958/1634
f 2012/2345/619 1990/2314/1635 1693/1958/1634
f 1693/1958/1634 1990/2314/1635 1692/1957/1636
f 1990/2314/1635 1374/1611/1637 1692/1957/1636
f 1692/1957/1636 1374/1611/1637 1396/1633/1638
f 1374/1611/1637 1375/1612/1639 1396/1633/1638
f 1396/1633/1638 1375/1612/1639 1376/1613/1640
f 1376/1613/1640 1375/1612/1639 1394/1631/1641
f 1394/1631/1641 1375/1612/1639 1377/1614/1642
f 1375/1612/1639 464/525/471 1377/1614/1642
f 464/525/471 1378/1615/1643 1377/1614/1642
f 1377/1614/1642 1378/1615/1643 1393/1630/1644
f 1393/1630/1644 1378/1615/1643 1379/1616/1645
f 1378/1615/1643 1380/1617/1646 1379/1616/1645
f 1379/1616/1645 1380/1617/1646 1381/1618/1647
f 1380/1617/1646 1388/1625/1648 1381/1618/1647
f 1381/1618/1647 1388/1625/1648 1391/1628/1649
f 1388/1625/1648 1382/1619/1650 1391/1628/1649
f 1698/1963/1651 1383/1620/1652 1385/1622/1653
f 1383/1620/1652 1384/1621/1654 1385/1622/1653
f 1384/1621/1654 1386/1623/1655 1385/1622/1653
f 1385/1622/1653 1386/1623/1655 1387/1624/1656
f 1386/1623/1655 1701/1966/1657 1387/1624/1656
f 1380/1617/1646 1641/1902/1658 1388/1625/1648
f 1641/1902/1658 1701/1966/1657 1388/1625/1648
f 1701/1966/1657 1386/1623/1655 1388/1625/1648
f 1386/1623/1655 1384/1621/1654 1388/1625/1648
f 1388/1625/1648 1384/1621/1654 1382/1619/1650
f 1384/1621/1654 1383/1620/1652 1382/1619/1650
f 1383/1620/1652 1389/1626/1659 1382/1619/1650
f 1389/1626/1659 1390/1627/1660 1382/1619/1650
f 1382/1619/1650 1390/1627/1660 1391/1628/1649
f 1390/1627/1660 1392/1629/1661 1391/1628/1649
f 1391/1628/1649 1392/1629/1661 1381/1618/1647
f 1381/1618/1647 1392/1629/1661 1379/1616/1645
f 1379/1616/1645 1392/1629/1661 1393/1630/1644
f 1392/1629/1661 1404/1641/1662 1393/1630/1644
f 1393/1630/1644 1404/1641/1662 1377/1614/1642
f 1377/1614/1642 1404/1641/1662 1394/1631/1641
f 1404/1641/1662 1402/1639/1663 1394/1631/1641
f 1394/1631/1641 1402/1639/1663 1376/1613/1640
f 1402/1639/1663 1395/1632/1664 1376/1613/1640
f 1376/1613/1640 1395/1632/1664 1396/1633/1638
f 1395/1632/1664 1397/1634/1665 1396/1633/1638
f 1396/1633/1638 1397/1634/1665 1692/1957/1636
f 1397/1634/1665 1398/1635/1666 1692/1957/1636
f 1398/1635/1666 1399/1636/1667 1692/1957/1636
f 1692/1957/1636 1399/1636/1667 1400/1637/1668
f 1399/1636/1667 1401/1638/1669 1400/1637/1668
f 1402/1639/1663 1404/1641/1662 1403/1640/1670
f 1404/1641/1662 1392/1629/1661 1403/1640/1670
f 1403/1640/1670 1392/1629/1661 1390/1627/1660
f 1405/1642/1671 1407/1644/1672 1406/1643/1673
f 1406/1643/1673 1407/1644/1672 1448/1685/1674
f 1407/1644/1672 1408/1645/1675 1448/1685/1674
f 1448/1685/1674 1408/1645/1675 1449/1686/1676
f 1408/1645/1675 1409/1646/1677 1449/1686/1676
f 1449/1686/1676 1409/1646/1677 1451/1688/1678
f 1409/1646/1677 1410/1647/1679 1451/1688/1678
f 1451/1688/1678 1410/1647/1679 1411/1648/1680
f 1410/1647/1679 1412/1649/1681 1411/1648/1680
f 1411/1648/1680 1412/1649/1681 1413/1650/1682
f 1412/1649/1681 1414/1651/1683 1413/1650/1682
f 1413/1650/1682 1414/1651/1683 1415/1652/1684
f 1414/1651/1683 1416/1653/1685 1415/1652/1684
f 1415/1652/1684 1416/1653/1685 1417/1654/1686
f 1416/1653/1685 1475/1720/1687 1417/1654/1686
f 1417/1654/1686 1475/1720/1687 1447/1684/1688
f 1475/1720/1687 1477/1722/1689 1447/1684/1688
f 1447/1684/1688 1477/1722/1689 1454/1691/1690
f 1454/1691/1690 1477/1722/1689 1422/1659/1691
f 1422/1659/1691 1477/1722/1689 1418/1655/1692
f 1477/1722/1689 1476/1721/1693 1418/1655/1692
f 1418/1655/1692 1476/1721/1693 1472/1717/1694
f 1419/1656/1695 1420/1657/1696 1488/1733/1697
f 1488/1733/1697 1420/1657/1696 1472/1717/1694
f 1420/1657/1696 1484/1729/1698 1472/1717/1694
f 1472/1717/1694 1484/1729/1698 1418/1655/1692
f 1484/1729/1698 1421/1658/1699 1418/1655/1692
f 1418/1655/1692 1421/1658/1699 1422/1659/1691
f 1421/1658/1699 1423/1660/1700 1422/1659/1691
f 1423/1660/1700 1424/1661/1701 1422/1659/1691
f 1422/1659/1691 1424/1661/1701 1454/1691/1690
f 1424/1661/1701 1425/1662/1702 1454/1691/1690
f 1454/1691/1690 1425/1662/1702 1453/1690/1703
f 1425/1662/1702 1426/1663/1704 1453/1690/1703
f 1453/1690/1703 1426/1663/1704 1452/1689/1705
f 1426/1663/1704 1427/1664/1706 1452/1689/1705
f 1452/1689/1705 1427/1664/1706 1442/1679/1707
f 1427/1664/1706 1428/1665/1708 1442/1679/1707
f 1442/1679/1707 1428/1665/1708 1440/1677/1709
f 1428/1665/1708 1429/1666/1710 1440/1677/1709
f 1440/1677/1709 1429/1666/1710 1430/1667/1711
f 1429/1666/1710 1431/1668/1712 1430/1667/1711
f 1430/1667/1711 1431/1668/1712 1446/1683/1713
f 1446/1683/1713 1431/1668/1712 1445/1682/1714
f 1445/1682/1714 1431/1668/1712 1444/1681/1715
f 1431/1668/1712 1438/1675/1716 1444/1681/1715
f 1444/1681/1715 1438/1675/1716 1432/1669/1717
f 1433/1670/1718 1434/1671/1719 1439/1676/1720
f 1439/1676/1720 1434/1671/1719 1438/1675/1716
f 1434/1671/1719 1435/1672/1721 1438/1675/1716
f 1438/1675/1716 1435/1672/1721 1432/1669/1717
f 1435/1672/1721 1436/1673/1722 1432/1669/1717
f 1432/1669/1717 1436/1673/1722 1340/1577/1592
f 1436/1673/1722 1437/1674/1591 1340/1577/1592
f 1438/1675/1716 1431/1668/1712 1439/1676/1720
f 1431/1668/1712 1429/1666/1710 1439/1676/1720
f 1429/1666/1710 1428/1665/1708 1439/1676/1720
f 1439/1676/1720 1428/1665/1708 1433/1670/1718
f 1428/1665/1708 1427/1664/1706 1433/1670/1718
f 1430/1667/1711 1528/1775/478 1440/1677/1709
f 1528/1775/478 1441/1678/1723 1440/1677/1709
f 1441/1678/1723 1452/1689/1705 1440/1677/1709
f 1440/1677/1709 1452/1689/1705 1442/1679/1707
f 1450/1687/1724 1443/1680/1725 1345/1582/1596
f 1345/1582/1596 1443/1680/1725 1342/1579/1593
f 1342/1579/1593 1443/1680/1725 1340/1577/1592
f 1340/1577/1592 1443/1680/1725 1432/1669/1717
f 1432/1669/1717 1443/1680/1725 1444/1681/1715
f 1443/1680/1725 1450/1687/1724 1444/1681/1715
f 1444/1681/1715 1450/1687/1724 1445/1682/1714
f 1450/1687/1724 1451/1688/1678 1445/1682/1714
f 1451/1688/1678 1411/1648/1680 1445/1682/1714
f 1445/1682/1714 1411/1648/1680 1446/1683/1713
f 1411/1648/1680 1413/1650/1682 1446/1683/1713
f 1446/1683/1713 1413/1650/1682 1430/1667/1711
f 1413/1650/1682 1415/1652/1684 1430/1667/1711
f 1430/1667/1711 1415/1652/1684 1528/1775/478
f 1415/1652/1684 1417/1654/1686 1528/1775/478
f 1528/1775/478 1417/1654/1686 1441/1678/1723
f 1417/1654/1686 1447/1684/1688 1441/1678/1723
f 1406/1643/1673 1448/1685/1674 1344/1581/1595
f 1344/1581/1595 1448/1685/1674 1345/1582/1596
f 1448/1685/1674 1449/1686/1676 1345/1582/1596
f 1345/1582/1596 1449/1686/1676 1450/1687/1724
f 1449/1686/1676 1451/1688/1678 1450/1687/1724
f 1452/1689/1705 1441/1678/1723 1453/1690/1703
f 1441/1678/1723 1447/1684/1688 1453/1690/1703
f 1453/1690/1703 1447/1684/1688 1454/1691/1690
f 885/1027/1132 1455/1692/1618 1456/1695/1256
f 1455/1692/1618 1362/1599/1619 1456/1695/1256
f 1362/1599/1619 1457/1696/1620 1456/1695/1256
f 1456/1695/1256 1457/1696/1620 1458/1698/1254
f 1457/1696/1620 1365/1602/1621 1458/1698/1254
f 1458/1698/1254 1365/1602/1621 1459/1700/1252
f 1365/1602/1621 1460/1701/1622 1459/1700/1252
f 1459/1700/1252 1460/1701/1622 1461/1703/1249
f 1461/1703/1249 1460/1701/1622 993/1166/1247
f 1460/1701/1622 1366/1603/1623 993/1166/1247
f 993/1166/1247 1366/1603/1623 992/1164/1101
f 1366/1603/1623 1368/1605/1624 992/1164/1101
f 992/1164/1101 1368/1605/1624 1462/1705/1102
f 1368/1605/1624 1369/1606/1625 1462/1705/1102
f 1369/1606/1625 1370/1607/1626 1462/1705/1102
f 1462/1705/1102 1370/1607/1626 1463/1707/1105
f 1370/1607/1626 1371/1608/1628 1463/1707/1105
f 1463/1707/1105 1371/1608/1628 873/1012/1107
f 873/1012/1107 1371/1608/1628 874/1014/1110
f 1371/1608/1628 1467/1712/1726 874/1014/1110
f 874/1014/1110 1467/1712/1726 885/1028/1132
f 885/1028/1132 1467/1712/1726 1455/1693/1618
f 1467/1712/1726 1465/1710/1727 1455/1693/1618
f 1455/1693/1618 1465/1710/1727 1498/1744/1617
f 1498/1744/1617 1465/1710/1727 1464/1709/1728
f 1464/1709/1728 1465/1710/1727 1582/1832/1729
f 1582/1832/1729 1465/1710/1727 1466/1711/1730
f 1466/1711/1730 1465/1710/1727 1468/1713/1731
f 1465/1710/1727 1467/1712/1726 1468/1713/1731
f 1467/1712/1726 1371/1608/1628 1468/1713/1731
f 1371/1608/1628 1470/1715/1627 1468/1713/1731
f 1468/1713/1731 1470/1715/1627 1469/1714/1732
f 1469/1714/1732 1470/1715/1627 1355/1592/1609
f 1470/1715/1627 1357/1594/1610 1355/1592/1609
f 1488/1733/1697 1472/1717/1694 1471/1716/1733
f 1472/1717/1694 1476/1721/1693 1471/1716/1733
f 1471/1716/1733 1476/1721/1693 1474/1719/1734
f 1414/1651/1683 1473/1718/1735 1416/1653/1685
f 1473/1718/1735 1474/1719/1734 1416/1653/1685
f 1416/1653/1685 1474/1719/1734 1475/1720/1687
f 1474/1719/1734 1476/1721/1693 1475/1720/1687
f 1475/1720/1687 1476/1721/1693 1477/1722/1689
f 1423/1660/1700 1421/1658/1699 1478/1723/1736
f 1421/1658/1699 1485/1730/1737 1478/1723/1736
f 1478/1723/1736 1485/1730/1737 1479/1724/1738
f 1480/1725/1739 1481/1726/1740 1486/1731/1741
f 1486/1731/1741 1481/1726/1740 1419/1656/1695
f 1481/1726/1740 1482/1727/1742 1419/1656/1695
f 1419/1656/1695 1482/1727/1742 1420/1657/1696
f 1482/1727/1742 1483/1728/1743 1420/1657/1696
f 1420/1657/1696 1483/1728/1743 1484/1729/1698
f 1483/1728/1743 1485/1730/1737 1484/1729/1698
f 1484/1729/1698 1485/1730/1737 1421/1658/1699
f 1486/1731/1741 1419/1656/1695 1487/1732/1744
f 1419/1656/1695 1488/1733/1697 1487/1732/1744
f 1487/1732/1744 1488/1733/1697 1489/1734/1745
f 1488/1733/1697 1471/1716/1733 1489/1734/1745
f 1489/1734/1745 1471/1716/1733 1490/1735/1746
f 1471/1716/1733 1474/1719/1734 1490/1735/1746
f 1490/1735/1746 1474/1719/1734 1473/1718/1735
f 1354/1591/1607 1491/1736/1747 1355/1592/1609
f 1355/1592/1609 1491/1736/1747 1469/1714/1732
f 1469/1714/1732 1491/1736/1747 1566/1813/1748
f 1566/1813/1748 1491/1736/1747 1492/1737/1749
f 1491/1736/1747 1354/1591/1607 1492/1737/1749
f 1492/1737/1749 1354/1591/1607 1587/1841/1750
f 1354/1591/1607 1353/1590/1605 1587/1841/1750
f 1587/1841/1750 1353/1590/1605 1493/1738/1751
f 1353/1590/1605 1351/1588/1603 1493/1738/1751
f 1493/1738/1751 1351/1588/1603 1589/1843/1752
f 1351/1588/1603 1349/1586/1601 1589/1843/1752
f 1589/1843/1752 1349/1586/1601 1494/1739/1753
f 1349/1586/1601 1347/1584/1598 1494/1739/1753
f 1494/1739/1753 1347/1584/1598 1495/1740/1754
f 1347/1584/1598 1497/1743/1597 1495/1740/1754
f 1495/1740/1754 1497/1743/1597 1601/1858/1755
f 1601/1858/1755 1497/1743/1597 1496/1742/1756
f 1496/1742/1756 1497/1743/1597 1581/1830/1757
f 1581/1830/1757 1497/1743/1597 1464/1708/1728
f 1497/1743/1597 1346/1583/1599 1464/1708/1728
f 1464/1708/1728 1346/1583/1599 1498/1745/1617
f 1051/1232/1308 1050/1231/1306 1543/1790/1758
f 1050/1231/1306 1533/1780/1759 1543/1790/1758
f 1543/1790/1758 1533/1780/1759 1541/1788/1760
f 1533/1780/1759 273/320/359 1541/1788/1760
f 1541/1788/1760 273/320/359 1499/1746/360
f 1509/1756/1761 1501/1748/1762 1500/1747/1763
f 1501/1748/1762 1558/1805/1764 1500/1747/1763
f 1500/1747/1763 1558/1805/1764 1557/1804/1765
f 1553/1800/1766 1512/1759/1767 1502/1749/1768
f 1512/1759/1767 1503/1750/1769 1502/1749/1768
f 1502/1749/1768 1503/1750/1769 1504/1751/1770
f 1518/1765/1771 1505/1752/1772 1520/1767/1773
f 1505/1752/1772 1506/1753/1774 1520/1767/1773
f 1520/1767/1773 1506/1753/1774 1522/1769/1775
f 1501/1748/1762 1508/1755/1776 1558/1805/1764
f 1558/1805/1764 1508/1755/1776 1559/1806/1777
f 1559/1806/1777 1508/1755/1776 1507/1754/1778
f 1507/1754/1778 1508/1755/1776 1551/1798/1779
f 1508/1755/1776 1501/1748/1762 1551/1798/1779
f 1551/1798/1779 1501/1748/1762 1510/1757/1780
f 1501/1748/1762 1509/1756/1761 1510/1757/1780
f 1509/1756/1761 1511/1758/1781 1510/1757/1780
f 1510/1757/1780 1511/1758/1781 1512/1759/1767
f 1511/1758/1781 1503/1750/1769 1512/1759/1767
f 1552/1799/1782 1513/1760/1783 1550/1797/1784
f 1513/1760/1783 1526/1773/1785 1550/1797/1784
f 1550/1797/1784 1526/1773/1785 1514/1761/1786
f 1526/1773/1785 1524/1771/1787 1514/1761/1786
f 1524/1771/1787 1515/1762/1788 1514/1761/1786
f 1514/1761/1786 1515/1762/1788 321/376/408
f 1515/1762/1788 1516/1763/1789 321/376/408
f 321/376/408 1516/1763/1789 319/374/406
f 1516/1763/1789 1517/1764/1790 319/374/406
f 319/374/406 1517/1764/1790 318/373/404
f 1517/1764/1790 1518/1765/1771 318/373/404
f 318/373/404 1518/1765/1771 1519/1766/476
f 1518/1765/1771 1520/1767/1773 1519/1766/476
f 1519/1766/476 1520/1767/1773 1521/1768/477
f 1520/1767/1773 1522/1769/1775 1521/1768/477
f 1521/1768/477 1522/1769/1775 1528/1775/478
f 1528/1775/478 1522/1769/1775 1530/1777/1791
f 1530/1777/1791 1522/1769/1775 1523/1770/1792
f 1522/1769/1775 1506/1753/1774 1523/1770/1792
f 1523/1770/1792 1506/1753/1774 1535/1782/1793
f 1524/1771/1787 1526/1773/1785 1525/1772/1794
f 1526/1773/1785 1555/1802/1795 1525/1772/1794
f 1525/1772/1794 1555/1802/1795 1527/1774/1796
f 1549/1796/407 320/375/405 1548/1795/1797
f 320/375/405 1528/1775/478 1548/1795/1797
f 1548/1795/1797 1528/1775/478 1529/1776/1798
f 1528/1775/478 1530/1777/1791 1529/1776/1798
f 1529/1776/1798 1530/1777/1791 1546/1793/1309
f 1546/1793/1309 1530/1777/1791 1049/1230/1307
f 1530/1777/1791 1523/1770/1792 1049/1230/1307
f 1049/1230/1307 1523/1770/1792 1531/1778/1305
f 1523/1770/1792 1535/1782/1793 1531/1778/1305
f 1535/1782/1793 1537/1784/1799 1531/1778/1305
f 1537/1784/1799 1532/1779/1800 1531/1778/1305
f 1531/1778/1305 1532/1779/1800 1050/1231/1306
f 1532/1779/1800 1533/1780/1759 1050/1231/1306
f 1505/1752/1772 1534/1781/1801 1506/1753/1774
f 1506/1753/1774 1534/1781/1801 1535/1782/1793
f 1534/1781/1801 1536/1783/1802 1535/1782/1793
f 1535/1782/1793 1536/1783/1802 1537/1784/1799
f 1536/1783/1802 287/334/385 1537/1784/1799
f 287/334/385 288/335/354 1537/1784/1799
f 1537/1784/1799 288/335/354 1532/1779/1800
f 288/335/354 271/318/356 1532/1779/1800
f 1532/1779/1800 271/318/356 1533/1780/1759
f 271/318/356 273/320/359 1533/1780/1759
f 1538/1785/1803 1539/1786/1804 275/322/361
f 275/322/361 1539/1786/1804 1499/1746/360
f 1539/1786/1804 1540/1787/1805 1499/1746/360
f 1499/1746/360 1540/1787/1805 1541/1788/1760
f 1540/1787/1805 1542/1789/1806 1541/1788/1760
f 1541/1788/1760 1542/1789/1806 1543/1790/1758
f 1542/1789/1806 1544/1791/1807 1543/1790/1758
f 1543/1790/1758 1544/1791/1807 1051/1232/1308
f 1544/1791/1807 1545/1792/1808 1051/1232/1308
f 1051/1232/1308 1545/1792/1808 1546/1793/1309
f 1545/1792/1808 1547/1794/1809 1546/1793/1309
f 1546/1793/1309 1547/1794/1809 1529/1776/1798
f 1547/1794/1809 1556/1803/1810 1529/1776/1798
f 1529/1776/1798 1556/1803/1810 1548/1795/1797
f 1556/1803/1810 1559/1806/1777 1548/1795/1797
f 1548/1795/1797 1559/1806/1777 1549/1796/407
f 1559/1806/1777 1507/1754/1778 1549/1796/407
f 1549/1796/407 1507/1754/1778 321/376/408
f 321/376/408 1507/1754/1778 1514/1761/1786
f 1514/1761/1786 1507/1754/1778 1550/1797/1784
f 1507/1754/1778 1551/1798/1779 1550/1797/1784
f 1550/1797/1784 1551/1798/1779 1552/1799/1782
f 1551/1798/1779 1510/1757/1780 1552/1799/1782
f 1510/1757/1780 1512/1759/1767 1552/1799/1782
f 1512/1759/1767 1553/1800/1766 1552/1799/1782
f 1553/1800/1766 1554/1801/1811 1552/1799/1782
f 1552/1799/1782 1554/1801/1811 1513/1760/1783
f 1554/1801/1811 1555/1802/1795 1513/1760/1783
f 1513/1760/1783 1555/1802/1795 1526/1773/1785
f 1547/1794/1809 1557/1804/1765 1556/1803/1810
f 1557/1804/1765 1558/1805/1764 1556/1803/1810
f 1556/1803/1810 1558/1805/1764 1559/1806/1777
f 1560/1807/1812 1576/1823/1813 1562/1809/1814
f 1576/1823/1813 1561/1808/1815 1562/1809/1814
f 1561/1808/1815 1580/1829/1816 1562/1809/1814
f 1562/1809/1814 1580/1829/1816 1564/1811/1817
f 1580/1829/1816 1563/1810/1818 1564/1811/1817
f 1563/1810/1818 1565/1812/1819 1564/1811/1817
f 1564/1811/1817 1565/1812/1819 1567/1814/1820
f 1567/1814/1820 1565/1812/1819 1566/1813/1748
f 1565/1812/1819 1466/1711/1730 1566/1813/1748
f 1566/1813/1748 1466/1711/1730 1469/1714/1732
f 1466/1711/1730 1468/1713/1731 1469/1714/1732
f 1566/1813/1748 1492/1737/1749 1567/1814/1820
f 1492/1737/1749 1569/1816/1821 1567/1814/1820
f 1569/1816/1821 1568/1815/1822 1567/1814/1820
f 1567/1814/1820 1568/1815/1822 1564/1811/1817
f 1564/1811/1817 1568/1815/1822 1562/1809/1814
f 1562/1809/1814 1568/1815/1822 1560/1807/1812
f 1568/1815/1822 1569/1816/1821 1560/1807/1812
f 1560/1807/1812 1569/1816/1821 1574/1821/1823
f 1569/1816/1821 1570/1817/1824 1574/1821/1823
f 1574/1821/1823 1570/1817/1824 1571/1818/1825
f 1570/1817/1824 1572/1819/1826 1571/1818/1825
f 1572/1819/1826 1573/1820/1827 1571/1818/1825
f 1573/1820/1827 1026/1201/1276 1571/1818/1825
f 1026/1201/1276 1025/1200/1275 1571/1818/1825
f 1571/1818/1825 1025/1200/1275 1574/1821/1823
f 1025/1200/1275 1575/1822/1274 1574/1821/1823
f 1574/1821/1823 1575/1822/1274 1560/1807/1812
f 1575/1822/1274 1023/1198/1271 1560/1807/1812
f 1560/1807/1812 1023/1198/1271 1576/1823/1813
f 1023/1198/1271 1577/1824/1270 1576/1823/1813
f 1576/1823/1813 1577/1824/1270 1561/1808/1815
f 1577/1824/1270 1578/1825/1269 1561/1808/1815
f 1578/1825/1269 1579/1827/1828 1561/1808/1815
f 1579/1827/1828 1496/1741/1756 1561/1808/1815
f 1561/1808/1815 1496/1741/1756 1580/1829/1816
f 1496/1741/1756 1581/1831/1757 1580/1829/1816
f 1580/1829/1816 1581/1831/1757 1563/1810/1818
f 1581/1831/1757 1464/1709/1728 1563/1810/1818
f 1464/1709/1728 1582/1832/1729 1563/1810/1818
f 1563/1810/1818 1582/1832/1729 1565/1812/1819
f 1582/1832/1729 1466/1711/1730 1565/1812/1819
f 1583/1833/1829 1584/1837/1265 2064/2408/1830
f 1584/1837/1265 1585/1839/1267 2064/2408/1830
f 2064/2408/1830 1585/1839/1267 2062/2405/1831
f 1572/1819/1826 1570/1817/1824 1586/1840/1832
f 1570/1817/1824 1599/1856/1833 1586/1840/1832
f 1586/1840/1832 1599/1856/1833 1588/1842/1834
f 1599/1856/1833 1587/1841/1750 1588/1842/1834
f 1587/1841/1750 1493/1738/1751 1588/1842/1834
f 1493/1738/1751 1589/1843/1752 1588/1842/1834
f 1588/1842/1834 1589/1843/1752 1590/1844/1835
f 1589/1843/1752 1494/1739/1753 1590/1844/1835
f 1494/1739/1753 1600/1857/1836 1590/1844/1835
f 1590/1844/1835 1600/1857/1836 1591/1845/1837
f 1600/1857/1836 1592/1846/1838 1591/1845/1837
f 1591/1845/1837 1592/1846/1838 1606/1863/1839
f 1592/1846/1838 1602/1859/1840 1606/1863/1839
f 1606/1863/1839 1602/1859/1840 1603/1860/1841
f 1610/1868/1842 1612/1871/1843 1593/1847/1844
f 1593/1847/1844 1612/1871/1843 1594/1849/1845
f 1612/1871/1843 1595/1851/1846 1594/1849/1845
f 1594/1849/1845 1595/1851/1846 2124/2484/1847
f 1595/1851/1846 1596/1852/1848 2124/2484/1847
f 2124/2484/1847 1596/1852/1848 1597/1853/1849
f 1596/1852/1848 1598/1855/1850 1597/1853/1849
f 1598/1855/1850 1584/1838/1265 1597/1853/1849
f 1597/1853/1849 1584/1838/1265 1583/1834/1829
f 1587/1841/1750 1599/1856/1833 1492/1737/1749
f 1492/1737/1749 1599/1856/1833 1569/1816/1821
f 1599/1856/1833 1570/1817/1824 1569/1816/1821
f 1494/1739/1753 1495/1740/1754 1600/1857/1836
f 1600/1857/1836 1495/1740/1754 1592/1846/1838
f 1495/1740/1754 1601/1858/1755 1592/1846/1838
f 1592/1846/1838 1601/1858/1755 1602/1859/1840
f 1601/1858/1755 1496/1742/1756 1602/1859/1840
f 1496/1742/1756 1579/1828/1828 1602/1859/1840
f 1602/1859/1840 1579/1828/1828 1603/1860/1841
f 1579/1828/1828 1578/1826/1269 1603/1860/1841
f 1578/1826/1269 1020/1195/1266 1603/1860/1841
f 1603/1860/1841 1020/1195/1266 1604/1861/1851
f 1020/1195/1266 1584/1838/1265 1604/1861/1851
f 1584/1838/1265 1598/1855/1850 1604/1861/1851
f 1598/1855/1850 1596/1852/1848 1604/1861/1851
f 1596/1852/1848 1605/1862/1852 1604/1861/1851
f 1604/1861/1851 1605/1862/1852 1603/1860/1841
f 1603/1860/1841 1605/1862/1852 1606/1863/1839
f 1605/1862/1852 1607/1864/1853 1606/1863/1839
f 1606/1863/1839 1607/1864/1853 1591/1845/1837
f 1607/1864/1853 1613/1872/1854 1591/1845/1837
f 1613/1872/1854 1608/1865/1855 1591/1845/1837
f 1591/1845/1837 1608/1865/1855 1590/1844/1835
f 1590/1844/1835 1608/1865/1855 1588/1842/1834
f 1588/1842/1834 1608/1865/1855 1586/1840/1832
f 1608/1865/1855 1613/1872/1854 1586/1840/1832
f 1586/1840/1832 1613/1872/1854 1572/1819/1826
f 1613/1872/1854 1611/1870/1856 1572/1819/1826
f 1572/1819/1826 1611/1870/1856 1573/1820/1827
f 1611/1870/1856 2102/2459/1857 1573/1820/1827
f 2102/2459/1857 1609/1866/1858 1573/1820/1827
f 1573/1820/1827 1609/1866/1858 1026/1201/1276
f 1609/1866/1858 2104/2462/1859 1026/1201/1276
f 1026/1201/1276 2104/2462/1859 1024/1199/1273
f 2104/2462/1859 2062/2405/1831 1024/1199/1273
f 1024/1199/1273 2062/2405/1831 1022/1197/1272
f 2062/2405/1831 1585/1839/1267 1022/1197/1272
f 1022/1197/1272 1585/1839/1267 1021/1196/1268
f 2102/2459/1857 1611/1870/1856 1610/1868/1842
f 1610/1868/1842 1611/1870/1856 1612/1871/1843
f 1611/1870/1856 1613/1872/1854 1612/1871/1843
f 1613/1872/1854 1607/1864/1853 1612/1871/1843
f 1612/1871/1843 1607/1864/1853 1595/1851/1846
f 1607/1864/1853 1605/1862/1852 1595/1851/1846
f 1595/1851/1846 1605/1862/1852 1596/1852/1848
f 1614/1873/481 1615/1874/482 1161/1358/1413
f 1161/1358/1413 1615/1874/482 1163/1360/492
f 1615/1874/482 370/425/483 1163/1360/492
f 1163/1360/492 370/425/483 376/431/489
f 370/425/483 373/428/484 376/431/489
f 376/431/489 373/428/484 1616/1875/487
f 1681/1944/1860 1618/1877/1861 1617/1876/1862
f 1617/1876/1862 1618/1877/1861 1619/1878/1863
f 1618/1877/1861 1620/1879/1864 1619/1878/1863
f 1619/1878/1863 1620/1879/1864 1707/1972/1865
f 1620/1879/1864 1708/1973/1866 1707/1972/1865
f 1621/1880/1867 1622/1882/1868 1663/1925/1869
f 1663/1925/1869 1622/1882/1868 1623/1883/1870
f 1622/1882/1868 1624/1884/1871 1623/1883/1870
f 1643/1905/1872 1626/1886/1873 1625/1885/1874
f 1626/1886/1873 1627/1887/418 1625/1885/1874
f 1627/1887/418 328/383/417 1625/1885/1874
f 328/383/417 1647/1909/1875 1625/1885/1874
f 1647/1909/1875 1628/1888/613 1625/1885/1874
f 1628/1888/613 1629/1889/616 1625/1885/1874
f 1625/1885/1874 1629/1889/616 537/617/617
f 1617/1876/1862 1619/1878/1863 1630/1890/1876
f 1619/1878/1863 1705/1970/1877 1630/1890/1876
f 1630/1890/1876 1705/1970/1877 1684/1948/1878
f 1705/1970/1877 1675/1938/1879 1684/1948/1878
f 1684/1948/1878 1675/1938/1879 1686/1950/1880
f 1675/1938/1879 1631/1891/1881 1686/1950/1880
f 1686/1950/1880 1631/1891/1881 1632/1892/1882
f 1631/1891/1881 1676/1939/1883 1632/1892/1882
f 1676/1939/1883 1633/1893/1884 1632/1892/1882
f 1632/1892/1882 1633/1893/1884 1634/1894/1885
f 1633/1893/1884 1678/1941/1886 1634/1894/1885
f 1634/1894/1885 1678/1941/1886 1635/1895/1887
f 1678/1941/1886 1679/1942/1888 1635/1895/1887
f 1635/1895/1887 1679/1942/1888 1636/1896/1889
f 1679/1942/1888 1637/1897/1890 1636/1896/1889
f 1636/1896/1889 1637/1897/1890 1638/1898/1891
f 1637/1897/1890 1639/1899/1892 1638/1898/1891
f 1638/1898/1891 1639/1899/1892 1691/1955/1893
f 464/524/471 1640/1900/1055 1378/1615/1643
f 1378/1615/1643 1640/1900/1055 1380/1617/1646
f 1640/1900/1055 2016/2351/601 1380/1617/1646
f 1380/1617/1646 2016/2351/601 1641/1902/1658
f 2016/2351/601 461/518/594 1641/1902/1658
f 461/518/594 456/512/593 1641/1902/1658
f 1641/1902/1658 456/512/593 1701/1966/1657
f 456/512/593 1642/1904/726 1701/1966/1657
f 534/613/720 533/612/718 537/618/617
f 533/612/718 532/611/716 537/618/617
f 537/618/617 532/611/716 1625/1885/1874
f 1625/1885/1874 532/611/716 1643/1905/1872
f 532/611/716 530/609/715 1643/1905/1872
f 530/609/715 2512/2941/1894 1643/1905/1872
f 2512/2941/1894 1644/1906/1895 1643/1905/1872
f 1643/1905/1872 1644/1906/1895 1626/1886/1873
f 1626/1886/1873 1644/1906/1895 1645/1907/1896
f 1644/1906/1895 2500/2929/1897 1645/1907/1896
f 2500/2929/1897 2501/2930/1898 1645/1907/1896
f 2501/2930/1898 2680/3135/784 1645/1907/1896
f 2680/3135/784 576/662/783 1645/1907/1896
f 1645/1907/1896 576/662/783 1626/1886/1873
f 576/662/783 1627/1887/418 1626/1886/1873
f 1754/2025/1899 1753/2024/1900 1755/2026/1901
f 1755/2026/1901 1753/2024/1900 1646/1908/1902
f 1646/1908/1902 1753/2024/1900 1757/2028/1903
f 1753/2024/1900 469/530/612 1757/2028/1903
f 1757/2028/1903 469/530/612 1647/1909/1875
f 469/530/612 1628/1888/613 1647/1909/1875
f 1661/1923/1904 1648/1910/1905 1760/2031/1906
f 1760/2031/1906 1648/1910/1905 1649/1911/1907
f 1648/1910/1905 1658/1920/1908 1649/1911/1907
f 1649/1911/1907 1658/1920/1908 1650/1912/1909
f 1658/1920/1908 1656/1918/1910 1650/1912/1909
f 1656/1918/1910 1654/1916/1911 1650/1912/1909
f 1654/1916/1911 1651/1913/1912 1650/1912/1909
f 1650/1912/1909 1651/1913/1912 1649/1911/1907
f 1649/1911/1907 1651/1913/1912 1652/1914/448
f 1652/1914/448 1651/1913/1912 1653/1915/447
f 1653/1915/447 1651/1913/1912 355/410/446
f 1651/1913/1912 1654/1916/1911 355/410/446
f 355/410/446 1654/1916/1911 354/409/445
f 354/409/445 1654/1916/1911 353/408/444
f 353/408/444 1654/1916/1911 1655/1917/443
f 1654/1916/1911 1656/1918/1910 1655/1917/443
f 1655/1917/443 1656/1918/1910 1657/1919/442
f 1656/1918/1910 1658/1920/1908 1657/1919/442
f 1657/1919/442 1658/1920/1908 1659/1921/441
f 1658/1920/1908 1648/1910/1905 1659/1921/441
f 1659/1921/441 1648/1910/1905 1660/1922/1913
f 1648/1910/1905 1661/1923/1904 1660/1922/1913
f 1660/1922/1913 1661/1923/1904 1749/2020/1914
f 1661/1923/1904 359/414/451 1749/2020/1914
f 1749/2020/1914 359/414/451 1747/2018/1915
f 359/414/451 360/415/452 1747/2018/1915
f 1621/1881/1867 1663/1925/1869 1662/1924/1916
f 1663/1925/1869 1664/1926/1917 1662/1924/1916
f 1662/1924/1916 1664/1926/1917 1665/1927/1918
f 1665/1927/1918 1664/1926/1917 1666/1928/1919
f 1664/1926/1917 1667/1929/1920 1666/1928/1919
f 1666/1928/1919 1667/1929/1920 1722/1987/1921
f 1667/1929/1920 1726/1991/1922 1722/1987/1921
f 1726/1991/1922 1668/1930/1923 1722/1987/1921
f 1668/1930/1923 1729/1994/1924 1722/1987/1921
f 1722/1987/1921 1729/1994/1924 1669/1931/1925
f 1729/1994/1924 1732/1997/1926 1669/1931/1925
f 1670/1932/1927 1671/1934/1928 1709/1974/1929
f 1709/1974/1929 1671/1934/1928 1710/1975/1930
f 1671/1934/1928 1713/1978/1931 1710/1975/1930
f 1710/1975/1930 1713/1978/1931 1672/1935/1932
f 1713/1978/1931 1673/1936/1933 1672/1935/1932
f 1672/1935/1932 1673/1936/1933 1706/1971/1934
f 1673/1936/1933 1674/1937/1935 1706/1971/1934
f 1706/1971/1934 1674/1937/1935 1675/1938/1879
f 1674/1937/1935 1730/1995/1936 1675/1938/1879
f 1675/1938/1879 1730/1995/1936 1631/1891/1881
f 1730/1995/1936 1728/1993/1937 1631/1891/1881
f 1631/1891/1881 1728/1993/1937 1676/1939/1883
f 1728/1993/1937 1727/1992/1938 1676/1939/1883
f 1676/1939/1883 1727/1992/1938 1633/1893/1884
f 1727/1992/1938 1677/1940/1939 1633/1893/1884
f 1633/1893/1884 1677/1940/1939 1678/1941/1886
f 1677/1940/1939 1724/1989/1940 1678/1941/1886
f 1678/1941/1886 1724/1989/1940 1679/1942/1888
f 1724/1989/1940 1680/1943/1941 1679/1942/1888
f 1679/1942/1888 1680/1943/1941 1637/1897/1890
f 1681/1945/1860 1617/1876/1862 1682/1946/1942
f 1617/1876/1862 1630/1890/1876 1682/1946/1942
f 1682/1946/1942 1630/1890/1876 1683/1947/1943
f 1630/1890/1876 1684/1948/1878 1683/1947/1943
f 1683/1947/1943 1684/1948/1878 1685/1949/1944
f 1684/1948/1878 1686/1950/1880 1685/1949/1944
f 1685/1949/1944 1686/1950/1880 1687/1951/1945
f 1686/1950/1880 1632/1892/1882 1687/1951/1945
f 1632/1892/1882 1634/1894/1885 1687/1951/1945
f 1687/1951/1945 1634/1894/1885 1688/1952/1946
f 1634/1894/1885 1635/1895/1887 1688/1952/1946
f 1688/1952/1946 1635/1895/1887 1689/1953/1947
f 1635/1895/1887 1636/1896/1889 1689/1953/1947
f 1689/1953/1947 1636/1896/1889 1690/1954/1948
f 1636/1896/1889 1638/1898/1891 1690/1954/1948
f 1690/1954/1948 1638/1898/1891 1691/1956/1893
f 1692/1957/1636 1400/1637/1668 1693/1958/1634
f 1693/1958/1634 1400/1637/1668 1697/1962/1633
f 1697/1962/1633 1400/1637/1668 1695/1960/1949
f 1400/1637/1668 1401/1638/1669 1695/1960/1949
f 1401/1638/1669 1694/1959/1950 1695/1960/1949
f 1694/1959/1950 1696/1961/1951 1695/1960/1949
f 1695/1960/1949 1696/1961/1951 1697/1962/1633
f 1697/1962/1633 1696/1961/1951 1373/1610/1631
f 1373/1610/1631 1696/1961/1951 1372/1609/1629
f 1696/1961/1951 1694/1959/1950 1372/1609/1629
f 1694/1959/1950 1698/1963/1651 1372/1609/1629
f 1698/1963/1651 1385/1622/1653 1372/1609/1629
f 1372/1609/1629 1385/1622/1653 1699/1964/1630
f 1385/1622/1653 1387/1624/1656 1699/1964/1630
f 1699/1964/1630 1387/1624/1656 1700/1965/1632
f 1387/1624/1656 1701/1966/1657 1700/1965/1632
f 1701/1966/1657 1642/1904/726 1700/1965/1632
f 1700/1965/1632 1642/1904/726 537/619/617
f 1639/1899/1892 1637/1897/1890 1702/1967/1952
f 1637/1897/1890 1680/1943/1941 1702/1967/1952
f 1702/1967/1952 1680/1943/1941 1624/1884/1871
f 1680/1943/1941 1703/1968/1953 1624/1884/1871
f 1624/1884/1871 1703/1968/1953 1623/1883/1870
f 1703/1968/1953 1704/1969/1954 1623/1883/1870
f 1623/1883/1870 1704/1969/1954 1663/1925/1869
f 1663/1925/1869 1704/1969/1954 1664/1926/1917
f 1664/1926/1917 1704/1969/1954 1667/1929/1920
f 1704/1969/1954 1725/1990/1955 1667/1929/1920
f 1667/1929/1920 1725/1990/1955 1726/1991/1922
f 1675/1938/1879 1705/1970/1877 1706/1971/1934
f 1705/1970/1877 1619/1878/1863 1706/1971/1934
f 1619/1878/1863 1707/1972/1865 1706/1971/1934
f 1706/1971/1934 1707/1972/1865 1672/1935/1932
f 1707/1972/1865 1708/1973/1866 1672/1935/1932
f 1708/1973/1866 1709/1974/1929 1672/1935/1932
f 1672/1935/1932 1709/1974/1929 1710/1975/1930
f 1714/1979/1956 1712/1977/1957 1711/1976/1958
f 1711/1976/1958 1712/1977/1957 1670/1933/1927
f 1670/1933/1927 1712/1977/1957 1671/1934/1928
f 1671/1934/1928 1712/1977/1957 1713/1978/1931
f 1713/1978/1931 1712/1977/1957 1715/1980/1959
f 1712/1977/1957 1714/1979/1956 1715/1980/1959
f 1714/1979/1956 1716/1981/1960 1715/1980/1959
f 1715/1980/1959 1716/1981/1960 1717/1982/1961
f 1716/1981/1960 1718/1983/1962 1717/1982/1961
f 1717/1982/1961 1718/1983/1962 1719/1984/1963
f 1719/1984/1963 1718/1983/1962 1721/1986/1964
f 1718/1983/1962 1720/1985/1965 1721/1986/1964
f 1720/1985/1965 1665/1927/1918 1721/1986/1964
f 1665/1927/1918 1666/1928/1919 1721/1986/1964
f 1666/1928/1919 1722/1987/1921 1721/1986/1964
f 1722/1987/1921 1669/1931/1925 1721/1986/1964
f 1721/1986/1964 1669/1931/1925 1719/1984/1963
f 1719/1984/1963 1669/1931/1925 1717/1982/1961
f 1669/1931/1925 1732/1997/1926 1717/1982/1961
f 1717/1982/1961 1732/1997/1926 1715/1980/1959
f 1732/1997/1926 1733/1998/1966 1715/1980/1959
f 1715/1980/1959 1733/1998/1966 1713/1978/1931
f 1713/1978/1931 1733/1998/1966 1673/1936/1933
f 1733/1998/1966 1723/1988/1967 1673/1936/1933
f 1673/1936/1933 1723/1988/1967 1674/1937/1935
f 1723/1988/1967 1731/1996/1968 1674/1937/1935
f 1674/1937/1935 1731/1996/1968 1730/1995/1936
f 1704/1969/1954 1703/1968/1953 1725/1990/1955
f 1703/1968/1953 1680/1943/1941 1725/1990/1955
f 1680/1943/1941 1724/1989/1940 1725/1990/1955
f 1724/1989/1940 1677/1940/1939 1725/1990/1955
f 1725/1990/1955 1677/1940/1939 1726/1991/1922
f 1677/1940/1939 1727/1992/1938 1726/1991/1922
f 1726/1991/1922 1727/1992/1938 1668/1930/1923
f 1668/1930/1923 1727/1992/1938 1729/1994/1924
f 1727/1992/1938 1728/1993/1937 1729/1994/1924
f 1728/1993/1937 1730/1995/1936 1729/1994/1924
f 1730/1995/1936 1731/1996/1968 1729/1994/1924
f 1729/1994/1924 1731/1996/1968 1732/1997/1926
f 1731/1996/1968 1723/1988/1967 1732/1997/1926
f 1732/1997/1926 1723/1988/1967 1733/1998/1966
f 341/396/423 1735/2000/373 1734/1999/429
f 1734/1999/429 1735/2000/373 343/398/431
f 1735/2000/373 352/407/374 343/398/431
f 343/398/431 352/407/374 344/399/433
f 1736/2002/982 751/870/979 1737/2004/983
f 751/870/979 1738/2006/978 1737/2004/983
f 1737/2004/983 1738/2006/978 735/845/963
f 735/845/963 1738/2006/978 1739/2007/947
f 1738/2006/978 1740/2008/1969 1739/2007/947
f 1739/2007/947 1740/2008/1969 753/873/945
f 753/873/945 1740/2008/1969 1744/2015/970
f 1744/2015/970 1740/2008/1969 1742/2011/1970
f 1740/2008/1969 1738/2006/978 1742/2011/1970
f 1738/2006/978 749/867/977 1742/2011/1970
f 749/867/977 748/865/976 1742/2011/1970
f 748/865/976 1741/2010/974 1742/2011/1970
f 1741/2010/974 1743/2013/971 1742/2011/1970
f 1742/2011/1970 1743/2013/971 1744/2015/970
f 1745/2016/453 1746/2017/455 360/415/452
f 360/415/452 1746/2017/455 1747/2018/1915
f 1746/2017/455 1748/2019/475 1747/2018/1915
f 1747/2018/1915 1748/2019/475 1749/2020/1914
f 1749/2020/1914 1748/2019/475 1750/2021/1971
f 1750/2021/1971 1748/2019/475 1751/2022/1972
f 1748/2019/475 1752/2023/474 1751/2022/1972
f 1751/2022/1972 1752/2023/474 1753/2024/1900
f 1753/2024/1900 1752/2023/474 469/530/612
f 1752/2023/474 466/527/473 469/530/612
f 1751/2022/1972 1753/2024/1900 1750/2021/1971
f 1753/2024/1900 1754/2025/1899 1750/2021/1971
f 1750/2021/1971 1754/2025/1899 1763/2034/1973
f 1754/2025/1899 1755/2026/1901 1763/2034/1973
f 1763/2034/1973 1755/2026/1901 1756/2027/1974
f 1755/2026/1901 1646/1908/1902 1756/2027/1974
f 1756/2027/1974 1646/1908/1902 351/406/440
f 1646/1908/1902 1757/2028/1903 351/406/440
f 351/406/440 1757/2028/1903 1758/2029/439
f 1757/2028/1903 1647/1909/1875 1758/2029/439
f 1758/2029/439 1647/1909/1875 349/404/438
f 1647/1909/1875 1759/2030/1975 349/404/438
f 349/404/438 1759/2030/1975 348/403/432
f 348/403/432 1759/2030/1975 342/397/430
f 1759/2030/1975 1647/1909/1875 342/397/430
f 1647/1909/1875 328/383/417 342/397/430
f 328/383/417 329/384/419 342/397/430
f 342/397/430 329/384/419 330/385/420
f 1649/1911/1907 1652/1914/448 1760/2031/1906
f 1652/1914/448 1761/2032/449 1760/2031/1906
f 1761/2032/449 1762/2033/450 1760/2031/1906
f 1760/2031/1906 1762/2033/450 1661/1923/1904
f 1762/2033/450 359/414/451 1661/1923/1904
f 1756/2027/1974 351/406/440 1763/2034/1973
f 351/406/440 1659/1921/441 1763/2034/1973
f 1659/1921/441 1660/1922/1913 1763/2034/1973
f 1763/2034/1973 1660/1922/1913 1750/2021/1971
f 1660/1922/1913 1749/2020/1914 1750/2021/1971
f 1764/2035/1976 1792/2065/1486 1767/2038/1977
f 1792/2065/1486 1222/1434/1465 1767/2038/1977
f 1222/1434/1465 1205/1416/1464 1767/2038/1977
f 1767/2038/1977 1205/1416/1464 1769/2040/1978
f 1205/1416/1464 1202/1412/1461 1769/2040/1978
f 1769/2040/1978 1202/1412/1461 1770/2041/1979
f 1770/2041/1979 1202/1412/1461 1765/2036/1980
f 1202/1412/1461 1200/1409/1459 1765/2036/1980
f 1765/2036/1980 1200/1409/1459 1773/2044/1981
f 1200/1409/1459 1199/1407/1456 1773/2044/1981
f 1773/2044/1981 1199/1407/1456 1774/2046/1455
f 1796/2069/1484 1794/2067/1982 1766/2037/1483
f 1794/2067/1982 1764/2035/1976 1766/2037/1483
f 1764/2035/1976 1767/2038/1977 1766/2037/1483
f 1766/2037/1483 1767/2038/1977 1768/2039/1482
f 1767/2038/1977 1769/2040/1978 1768/2039/1482
f 1769/2040/1978 1770/2041/1979 1768/2039/1482
f 1768/2039/1482 1770/2041/1979 1219/1430/1481
f 1219/1430/1481 1770/2041/1979 1771/2042/1480
f 1770/2041/1979 1765/2036/1980 1771/2042/1480
f 1771/2042/1480 1765/2036/1980 1217/1428/1479
f 1765/2036/1980 1773/2044/1981 1217/1428/1479
f 1217/1428/1479 1773/2044/1981 1772/2043/1478
f 1772/2043/1478 1773/2044/1981 1215/1426/1477
f 1773/2044/1981 1774/2046/1455 1215/1426/1477
f 1215/1426/1477 1774/2046/1455 1214/1425/1476
f 1774/2046/1455 1257/1475/1531 1214/1425/1476
f 1257/1475/1531 1791/2063/1983 1214/1425/1476
f 1214/1425/1476 1791/2063/1983 1775/2047/1475
f 1791/2063/1983 1790/2062/1984 1775/2047/1475
f 1775/2047/1475 1790/2062/1984 1776/2048/1498
f 1790/2062/1984 1789/2061/1985 1776/2048/1498
f 1776/2048/1498 1789/2061/1985 1230/1443/1499
f 1789/2061/1985 1788/2060/1986 1230/1443/1499
f 1230/1443/1499 1788/2060/1986 1777/2049/1501
f 1788/2060/1986 1787/2059/1987 1777/2049/1501
f 1777/2049/1501 1787/2059/1987 1778/2050/1537
f 1787/2059/1987 1785/2057/1988 1778/2050/1537
f 1778/2050/1537 1785/2057/1988 1259/1477/1538
f 1785/2057/1988 1783/2055/1989 1259/1477/1538
f 1259/1477/1538 1783/2055/1989 1779/2051/1539
f 1783/2055/1989 1780/2052/1990 1779/2051/1539
f 1779/2051/1539 1780/2052/1990 1194/1399/1444
f 1194/1399/1444 1780/2052/1990 1197/1404/1446
f 1197/1404/1446 1780/2052/1990 1781/2053/1449
f 1781/2053/1449 1780/2052/1990 1782/2054/1583
f 1780/2052/1990 1783/2055/1989 1782/2054/1583
f 1782/2054/1583 1783/2055/1989 2030/2371/1991
f 2030/2371/1991 1783/2055/1989 1784/2056/1992
f 1783/2055/1989 1785/2057/1988 1784/2056/1992
f 1784/2056/1992 1785/2057/1988 1786/2058/1993
f 1785/2057/1988 1787/2059/1987 1786/2058/1993
f 1786/2058/1993 1787/2059/1987 1191/1395/1440
f 1191/1395/1440 1787/2059/1987 1185/1387/1433
f 1787/2059/1987 1788/2060/1986 1185/1387/1433
f 1185/1387/1433 1788/2060/1986 1186/1389/1434
f 1788/2060/1986 1789/2061/1985 1186/1389/1434
f 1186/1389/1434 1789/2061/1985 1252/1467/1533
f 1252/1467/1533 1789/2061/1985 1254/1470/1534
f 1789/2061/1985 1790/2062/1984 1254/1470/1534
f 1254/1470/1534 1790/2062/1984 1255/1472/1535
f 1790/2062/1984 1791/2063/1983 1255/1472/1535
f 1255/1472/1535 1791/2063/1983 1257/1475/1531
f 1801/2075/1490 1223/1436/1488 1793/2066/1994
f 1223/1436/1488 1792/2065/1486 1793/2066/1994
f 1792/2065/1486 1764/2035/1976 1793/2066/1994
f 1793/2066/1994 1764/2035/1976 1798/2071/1995
f 1764/2035/1976 1794/2067/1982 1798/2071/1995
f 1798/2071/1995 1794/2067/1982 1795/2068/1996
f 1794/2067/1982 1796/2069/1484 1795/2068/1996
f 1796/2069/1484 1221/1432/1485 1795/2068/1996
f 1221/1432/1485 1797/2070/1487 1795/2068/1996
f 1797/2070/1487 1227/1440/1493 1795/2068/1996
f 1795/2068/1996 1227/1440/1493 1798/2071/1995
f 1227/1440/1493 1799/2072/1540 1798/2071/1995
f 1798/2071/1995 1799/2072/1540 1793/2066/1994
f 1799/2072/1540 1800/2073/1541 1793/2066/1994
f 1793/2066/1994 1800/2073/1541 1801/2075/1490
f 1800/2073/1541 1802/2076/1542 1801/2075/1490
f 1801/2075/1490 1802/2076/1542 1803/2078/1492
f 1802/2076/1542 1804/2079/1543 1803/2078/1492
f 1803/2078/1492 1804/2079/1543 1805/2081/1423
f 1804/2079/1543 1806/2083/1502 1805/2081/1423
f 1805/2081/1423 1806/2083/1502 1807/2087/1424
f 2243/2626/1997 1815/2098/1998 1808/2088/1999
f 1815/2098/1998 1809/2089/2000 1808/2088/1999
f 1808/2088/1999 1809/2089/2000 1810/2090/2001
f 1825/2110/2002 1826/2112/2003 2545/2978/2004
f 2545/2978/2004 1826/2112/2003 1811/2091/2005
f 1826/2112/2003 1842/2130/2006 1811/2091/2005
f 1811/2091/2005 1842/2130/2006 1812/2093/2007
f 1842/2130/2006 1837/2125/2008 1812/2093/2007
f 1837/2125/2008 1813/2095/2009 1812/2093/2007
f 1812/2093/2007 1813/2095/2009 2543/2975/2010
f 2543/2975/2010 1813/2095/2009 1814/2096/2011
f 1813/2095/2009 1836/2124/2012 1814/2096/2011
f 1814/2096/2011 1836/2124/2012 2475/2895/2013
f 2475/2895/2013 1836/2124/2012 1824/2108/2014
f 1836/2124/2012 1810/2090/2001 1824/2108/2014
f 1824/2108/2014 1810/2090/2001 2285/2675/2015
f 1810/2090/2001 1809/2089/2000 2285/2675/2015
f 2285/2675/2015 1809/2089/2000 2283/2672/2016
f 1809/2089/2000 1815/2098/1998 2283/2672/2016
f 2283/2672/2016 1815/2098/1998 2282/2670/2017
f 1815/2098/1998 1816/2099/2018 2282/2670/2017
f 1817/2101/2019 1819/2103/2020 1818/2102/2021
f 1819/2103/2020 1820/2104/2022 1818/2102/2021
f 1818/2102/2021 1820/2104/2022 1821/2105/2023
f 2950/3456/2024 1935/2248/2025 2884/3379/2026
f 2884/3379/2026 1935/2248/2025 1888/2189/2027
f 1935/2248/2025 1890/2191/2028 1888/2189/2027
f 1888/2189/2027 1890/2191/2028 1889/2190/2029
f 1844/2132/2030 1822/2106/2031 1846/2134/2032
f 1822/2106/2031 2461/2879/2033 1846/2134/2032
f 2461/2879/2033 2659/3110/2034 1846/2134/2032
f 1846/2134/2032 2659/3110/2034 1823/2107/2035
f 2659/3110/2034 2667/3119/2036 1823/2107/2035
f 1823/2107/2035 2667/3119/2036 2239/2622/2037
f 2239/2622/2037 2667/3119/2036 1824/2109/2014
f 2667/3119/2036 2475/2896/2013 1824/2109/2014
f 2461/2879/2033 1822/2106/2031 1825/2110/2002
f 1825/2110/2002 1822/2106/2031 1826/2112/2003
f 1822/2106/2031 1844/2132/2030 1826/2112/2003
f 1844/2132/2030 1827/2113/2038 1826/2112/2003
f 1826/2112/2003 1827/2113/2038 1842/2130/2006
f 1828/2114/72 1829/2115/74 2262/2649/2039
f 2262/2649/2039 1829/2115/74 2278/2665/2040
f 2278/2665/2040 1829/2115/74 1830/2116/2041
f 1829/2115/74 1831/2118/75 1830/2116/2041
f 1830/2116/2041 1831/2118/75 1859/2151/2042
f 1859/2151/2042 1831/2118/75 1857/2148/2043
f 1831/2118/75 1832/2119/76 1857/2148/2043
f 1857/2148/2043 1832/2119/76 1833/2120/2044
f 1833/2120/2044 1832/2119/76 2039/2380/2045
f 1832/2119/76 49/49/77 2039/2380/2045
f 2039/2380/2045 49/49/77 50/50/79
f 2241/2624/2046 2242/2625/2047 1834/2122/2048
f 2242/2625/2047 1835/2123/2049 1834/2122/2048
f 1834/2122/2048 1835/2123/2049 1839/2127/2050
f 1835/2123/2049 2243/2626/1997 1839/2127/2050
f 2243/2626/1997 1808/2088/1999 1839/2127/2050
f 1839/2127/2050 1808/2088/1999 1838/2126/2051
f 1808/2088/1999 1810/2090/2001 1838/2126/2051
f 1810/2090/2001 1836/2124/2012 1838/2126/2051
f 1836/2124/2012 1813/2095/2009 1838/2126/2051
f 1813/2095/2009 1837/2125/2008 1838/2126/2051
f 1837/2125/2008 1840/2128/2052 1838/2126/2051
f 1838/2126/2051 1840/2128/2052 1839/2127/2050
f 1839/2127/2050 1840/2128/2052 1834/2122/2048
f 1834/2122/2048 1840/2128/2052 1841/2129/2053
f 1840/2128/2052 1837/2125/2008 1841/2129/2053
f 1837/2125/2008 1842/2130/2006 1841/2129/2053
f 1842/2130/2006 1827/2113/2038 1841/2129/2053
f 1841/2129/2053 1827/2113/2038 1843/2131/2054
f 1827/2113/2038 1844/2132/2030 1843/2131/2054
f 1843/2131/2054 1844/2132/2030 1845/2133/2055
f 1845/2133/2055 1844/2132/2030 2240/2623/2056
f 1844/2132/2030 1846/2134/2032 2240/2623/2056
f 2240/2623/2056 1846/2134/2032 1823/2107/2035
f 1819/2103/2020 1847/2135/2057 1820/2104/2022
f 1820/2104/2022 1847/2135/2057 1848/2136/2058
f 1847/2135/2057 1891/2192/2059 1848/2136/2058
f 1891/2192/2059 1927/2238/2060 1848/2136/2058
f 1927/2238/2060 1849/2137/2061 1848/2136/2058
f 1848/2136/2058 1849/2137/2061 1820/2104/2022
f 1849/2137/2061 1850/2138/2062 1820/2104/2022
f 1820/2104/2022 1850/2138/2062 1821/2105/2023
f 1821/2105/2023 1850/2138/2062 1851/2139/2063
f 1850/2138/2062 1852/2140/2064 1851/2139/2063
f 1851/2139/2063 1852/2140/2064 1853/2141/2065
f 1852/2140/2064 1924/2235/2066 1853/2141/2065
f 1853/2141/2065 1924/2235/2066 1854/2143/1406
f 1854/2143/1406 1924/2235/2066 1855/2145/1407
f 1924/2235/2066 1856/2147/1408 1855/2145/1407
f 1833/2121/2044 1858/2150/2067 1857/2149/2043
f 1857/2149/2043 1858/2150/2067 1859/2152/2042
f 1859/2152/2042 1858/2150/2067 1860/2155/2068
f 1858/2150/2067 2041/2383/2069 1860/2155/2068
f 1860/2155/2068 2041/2383/2069 2158/2527/2070
f 2158/2527/2070 2041/2383/2069 1947/2262/2071
f 1947/2262/2071 2041/2383/2069 1863/2159/2072
f 1863/2159/2072 2041/2383/2069 1861/2157/2073
f 2041/2383/2069 1862/2158/2074 1861/2157/2073
f 1862/2158/2074 2040/2382/2075 1861/2157/2073
f 2040/2382/2075 1999/2328/2076 1861/2157/2073
f 1861/2157/2073 1999/2328/2076 1863/2159/2072
f 1999/2328/2076 2176/2546/2077 1863/2159/2072
f 2176/2546/2077 2177/2547/2078 1863/2159/2072
f 1863/2159/2072 2177/2547/2078 1947/2262/2071
f 2177/2547/2078 1864/2160/2079 1947/2262/2071
f 2395/2798/2080 1866/2162/2081 1865/2161/2082
f 1866/2162/2081 1867/2164/2083 1865/2161/2082
f 1865/2161/2082 1867/2164/2083 1868/2165/2084
f 1867/2164/2083 1870/2167/2085 1868/2165/2084
f 1870/2167/2085 1869/2166/2086 1868/2165/2084
f 1868/2165/2084 1869/2166/2086 1872/2170/2087
f 1866/2162/2081 2393/2795/2088 1867/2164/2083
f 2393/2795/2088 1876/2174/2089 1867/2164/2083
f 1876/2174/2089 1874/2172/2090 1867/2164/2083
f 1867/2164/2083 1874/2172/2090 1870/2167/2085
f 1874/2172/2090 1869/2166/2086 1870/2167/2085
f 2814/3289/2091 1872/2170/2087 1871/2168/2092
f 1871/2168/2092 1872/2170/2087 1994/2320/2093
f 1872/2170/2087 1869/2166/2086 1994/2320/2093
f 1994/2320/2093 1869/2166/2086 1873/2171/2094
f 1869/2166/2086 1874/2172/2090 1873/2171/2094
f 1873/2171/2094 1874/2172/2090 1875/2173/2095
f 1874/2172/2090 1876/2174/2089 1875/2173/2095
f 1875/2173/2095 1876/2174/2089 1877/2175/2096
f 2309/2705/238 1879/2177/2097 1878/2176/906
f 1879/2177/2097 2395/2798/2080 1878/2176/906
f 2395/2798/2080 1865/2161/2082 1878/2176/906
f 1878/2176/906 1865/2161/2082 676/770/908
f 1865/2161/2082 1868/2165/2084 676/770/908
f 1868/2165/2084 1872/2170/2087 676/770/908
f 676/770/908 1872/2170/2087 686/782/909
f 1872/2170/2087 2814/3289/2091 686/782/909
f 2814/3289/2091 1887/2188/2098 686/782/909
f 686/782/909 1887/2188/2098 1880/2179/914
f 1887/2188/2098 1885/2186/2099 1880/2179/914
f 1885/2186/2099 1881/2180/2100 1880/2179/914
f 1880/2179/914 1881/2180/2100 687/783/915
f 687/783/915 1881/2180/2100 2300/2694/930
f 2300/2694/930 1881/2180/2100 1882/2181/2101
f 1882/2181/2101 1881/2180/2100 1883/2183/2102
f 1883/2183/2102 1881/2180/2100 1945/2260/2103
f 1881/2180/2100 1885/2186/2099 1945/2260/2103
f 1945/2260/2103 1885/2186/2099 1884/2185/2104
f 1884/2185/2104 1885/2186/2099 1886/2187/2105
f 1885/2186/2099 1887/2188/2098 1886/2187/2105
f 2935/3438/1405 2886/3382/2106 1854/2143/1406
f 1854/2143/1406 2886/3382/2106 1853/2141/2065
f 2886/3382/2106 2884/3379/2026 1853/2141/2065
f 1853/2141/2065 2884/3379/2026 1851/2139/2063
f 2884/3379/2026 1888/2189/2027 1851/2139/2063
f 1851/2139/2063 1888/2189/2027 1821/2105/2023
f 1888/2189/2027 1889/2190/2029 1821/2105/2023
f 1821/2105/2023 1889/2190/2029 1818/2102/2021
f 1889/2190/2029 1890/2191/2028 1818/2102/2021
f 1818/2102/2021 1890/2191/2028 1817/2101/2019
f 1890/2191/2028 1934/2247/2107 1817/2101/2019
f 1934/2247/2107 1931/2242/2108 1817/2101/2019
f 1931/2242/2108 1930/2241/2109 1817/2101/2019
f 1817/2101/2019 1930/2241/2109 1819/2103/2020
f 1930/2241/2109 1929/2240/2110 1819/2103/2020
f 1819/2103/2020 1929/2240/2110 1847/2135/2057
f 1929/2240/2110 1891/2192/2059 1847/2135/2057
f 2426/2838/400 1892/2193/2111 307/361/401
f 307/361/401 1892/2193/2111 1900/2204/2112
f 1892/2193/2111 1893/2195/2113 1900/2204/2112
f 1900/2204/2112 1893/2195/2113 1899/2203/2114
f 1899/2203/2114 1893/2195/2113 1894/2197/2115
f 1893/2195/2113 2428/2841/2116 1894/2197/2115
f 1894/2197/2115 2428/2841/2116 1895/2198/2117
f 2428/2841/2116 2429/2843/2118 1895/2198/2117
f 1895/2198/2117 2429/2843/2118 1896/2199/2119
f 2429/2843/2118 2431/2846/2120 1896/2199/2119
f 2431/2846/2120 297/347/388 1896/2199/2119
f 297/347/388 298/351/223 1896/2199/2119
f 298/351/223 1897/2201/225 1896/2199/2119
f 1897/2201/225 683/779/912 1896/2199/2119
f 1896/2199/2119 683/779/912 1895/2198/2117
f 683/779/912 685/781/913 1895/2198/2117
f 1895/2198/2117 685/781/913 1894/2197/2115
f 685/781/913 1898/2202/901 1894/2197/2115
f 1894/2197/2115 1898/2202/901 1899/2203/2114
f 1898/2202/901 674/768/902 1899/2203/2114
f 1899/2203/2114 674/768/902 1900/2204/2112
f 674/768/902 1901/2205/904 1900/2204/2112
f 1900/2204/2112 1901/2205/904 307/361/401
f 307/361/401 1901/2205/904 308/363/217
f 1901/2205/904 665/755/884 308/363/217
f 308/363/217 665/755/884 129/147/216
f 665/755/884 664/754/883 129/147/216
f 129/147/216 664/754/883 1902/2206/2121
f 664/754/883 1904/2210/881 1902/2206/2121
f 1902/2206/2121 1904/2210/881 2294/2687/2122
f 2294/2687/2122 1904/2210/881 1903/2208/2123
f 1903/2208/2123 1904/2210/881 1905/2211/2124
f 1904/2210/881 1940/2254/880 1905/2211/2124
f 1905/2211/2124 1940/2254/880 1937/2250/2125
f 1940/2254/880 1939/2253/2126 1937/2250/2125
f 1937/2250/2125 1939/2253/2126 1906/2212/2127
f 1907/2213/2128 1995/2322/2129 1997/2325/2130
f 1997/2325/2130 1995/2322/2129 1908/2214/2131
f 1995/2322/2129 1909/2215/2132 1908/2214/2131
f 1908/2214/2131 1909/2215/2132 1998/2326/2133
f 1909/2215/2132 1886/2187/2105 1998/2326/2133
f 1998/2326/2133 1886/2187/2105 1910/2216/2134
f 1886/2187/2105 1887/2188/2098 1910/2216/2134
f 1910/2216/2134 1887/2188/2098 1911/2218/2135
f 1887/2188/2098 2814/3289/2091 1911/2218/2135
f 1912/2220/2136 1913/2221/2137 1917/2225/2138
f 1917/2225/2138 1913/2221/2137 2170/2540/2139
f 2170/2540/2139 1913/2221/2137 2184/2555/2140
f 2184/2555/2140 1913/2221/2137 2185/2556/2141
f 2185/2556/2141 1913/2221/2137 1914/2222/2142
f 1914/2222/2142 1913/2221/2137 1915/2223/2143
f 1913/2221/2137 1912/2220/2136 1915/2223/2143
f 1915/2223/2143 1912/2220/2136 2189/2560/2144
f 2189/2560/2144 1912/2220/2136 1916/2224/2145
f 1916/2224/2145 1912/2220/2136 1974/2298/2146
f 1912/2220/2136 1917/2225/2138 1974/2298/2146
f 1917/2225/2138 1978/2302/2147 1974/2298/2146
f 1974/2298/2146 1978/2302/2147 1975/2299/2148
f 1932/2243/2149 2937/3442/1401 1918/2226/2150
f 2937/3442/1401 1160/1357/1412 1918/2226/2150
f 1918/2226/2150 1160/1357/1412 1928/2239/2151
f 1160/1357/1412 1919/2228/1411 1928/2239/2151
f 1919/2228/1411 1920/2230/1410 1928/2239/2151
f 1928/2239/2151 1920/2230/1410 1921/2231/2152
f 1920/2230/1410 1923/2234/1409 1921/2231/2152
f 1921/2231/2152 1923/2234/1409 1922/2232/2153
f 1922/2232/2153 1923/2234/1409 1926/2237/2154
f 1923/2234/1409 1856/2147/1408 1926/2237/2154
f 1856/2147/1408 1924/2235/2066 1926/2237/2154
f 1926/2237/2154 1924/2235/2066 1925/2236/2155
f 1924/2235/2066 1852/2140/2064 1925/2236/2155
f 1852/2140/2064 1850/2138/2062 1925/2236/2155
f 1850/2138/2062 1849/2137/2061 1925/2236/2155
f 1849/2137/2061 1927/2238/2060 1925/2236/2155
f 1925/2236/2155 1927/2238/2060 1926/2237/2154
f 1926/2237/2154 1927/2238/2060 1922/2232/2153
f 1922/2232/2153 1927/2238/2060 1921/2231/2152
f 1927/2238/2060 1891/2192/2059 1921/2231/2152
f 1921/2231/2152 1891/2192/2059 1928/2239/2151
f 1891/2192/2059 1929/2240/2110 1928/2239/2151
f 1928/2239/2151 1929/2240/2110 1918/2226/2150
f 1929/2240/2110 1930/2241/2109 1918/2226/2150
f 1918/2226/2150 1930/2241/2109 1932/2243/2149
f 1930/2241/2109 1931/2242/2108 1932/2243/2149
f 1931/2242/2108 1934/2247/2107 1932/2243/2149
f 1932/2243/2149 1934/2247/2107 1933/2245/2156
f 1933/2245/2156 1934/2247/2107 2950/3456/2024
f 2950/3456/2024 1934/2247/2107 1935/2248/2025
f 1934/2247/2107 1890/2191/2028 1935/2248/2025
f 1954/2272/2157 1905/2211/2124 1936/2249/2158
f 1905/2211/2124 1937/2250/2125 1936/2249/2158
f 1937/2250/2125 1906/2212/2127 1936/2249/2158
f 1936/2249/2158 1906/2212/2127 1938/2251/2159
f 1938/2251/2159 1906/2212/2127 667/757/889
f 1906/2212/2127 1939/2253/2126 667/757/889
f 667/757/889 1939/2253/2126 669/761/890
f 1939/2253/2126 1940/2254/880 669/761/890
f 669/761/890 1940/2254/880 1941/2255/892
f 1940/2254/880 1942/2256/882 1941/2255/892
f 1941/2255/892 1942/2256/882 666/756/887
f 1942/2256/882 1943/2257/885 666/756/887
f 1883/2183/2102 1945/2260/2103 1944/2258/2160
f 1944/2258/2160 1945/2260/2103 1946/2261/2161
f 1945/2260/2103 1884/2185/2104 1946/2261/2161
f 2025/2364/2162 2157/2525/2163 1864/2160/2079
f 1864/2160/2079 2157/2525/2163 1947/2262/2071
f 2157/2525/2163 2158/2527/2070 1947/2262/2071
f 1845/2133/2055 2241/2624/2046 1843/2131/2054
f 2241/2624/2046 1834/2122/2048 1843/2131/2054
f 1843/2131/2054 1834/2122/2048 1841/2129/2053
f 1948/2263/2164 1949/2267/2165 2193/2566/2166
f 1949/2267/2165 2181/2552/2167 2193/2566/2166
f 2181/2552/2167 1950/2268/2168 2193/2566/2166
f 2193/2566/2166 1950/2268/2168 1951/2269/2169
f 1950/2268/2168 1952/2270/2170 1951/2269/2169
f 1951/2269/2169 1952/2270/2170 2194/2568/2171
f 1952/2270/2170 1953/2271/2172 2194/2568/2171
f 2194/2568/2171 1953/2271/2172 2195/2569/2173
f 1953/2271/2172 2186/2557/2174 2195/2569/2173
f 1938/2251/2159 2289/2681/2175 1936/2249/2158
f 1936/2249/2158 2289/2681/2175 1954/2272/2157
f 2289/2681/2175 2288/2679/2176 1954/2272/2157
f 1954/2272/2157 2288/2679/2176 1905/2211/2124
f 2288/2679/2176 1903/2208/2123 1905/2211/2124
f 1970/2293/2177 1956/2275/2178 1955/2273/2179
f 1956/2275/2178 1957/2276/2180 1955/2273/2179
f 1955/2273/2179 1957/2276/2180 2190/2561/2181
f 1957/2276/2180 1986/2310/2182 2190/2561/2181
f 2190/2561/2181 1986/2310/2182 2191/2563/2183
f 2191/2563/2183 1986/2310/2182 1958/2277/2184
f 1986/2310/2182 1988/2312/2185 1958/2277/2184
f 1958/2277/2184 1988/2312/2185 1959/2279/2186
f 1988/2312/2185 1989/2313/2187 1959/2279/2186
f 1959/2279/2186 1989/2313/2187 1960/2281/2188
f 1989/2313/2187 1961/2283/2189 1960/2281/2188
f 1960/2281/2188 1961/2283/2189 1948/2264/2164
f 1948/2264/2164 1961/2283/2189 1949/2266/2165
f 1949/2266/2165 1961/2283/2189 2179/2549/2190
f 2179/2549/2190 1961/2283/2189 2163/2533/2191
f 1961/2283/2189 1989/2313/2187 2163/2533/2191
f 2163/2533/2191 1989/2313/2187 1962/2284/2192
f 1989/2313/2187 1979/2303/2193 1962/2284/2192
f 1979/2303/2193 1965/2287/2194 1962/2284/2192
f 1962/2284/2192 1965/2287/2194 1963/2285/2195
f 1963/2285/2195 1965/2287/2194 1964/2286/2196
f 1964/2286/2196 1965/2287/2194 2169/2539/2197
f 1965/2287/2194 1966/2288/2198 2169/2539/2197
f 2169/2539/2197 1966/2288/2198 2170/2540/2139
f 1966/2288/2198 1978/2302/2147 2170/2540/2139
f 2170/2540/2139 1978/2302/2147 1917/2225/2138
f 2276/2663/2199 2270/2657/2200 1967/2289/2201
f 1967/2289/2201 2270/2657/2200 2275/2662/2202
f 2270/2657/2200 2268/2655/2203 2275/2662/2202
f 2275/2662/2202 2268/2655/2203 1968/2290/2204
f 2268/2655/2203 1969/2291/2205 1968/2290/2204
f 1955/2274/2179 1971/2294/2206 1970/2292/2177
f 1970/2292/2177 1971/2294/2206 1972/2295/2207
f 1972/2295/2207 1971/2294/2206 1973/2297/2208
f 1971/2294/2206 2189/2560/2144 1973/2297/2208
f 2189/2560/2144 1916/2224/2145 1973/2297/2208
f 1973/2297/2208 1916/2224/2145 1982/2306/2209
f 1916/2224/2145 1974/2298/2146 1982/2306/2209
f 1982/2306/2209 1974/2298/2146 1981/2305/2210
f 1974/2298/2146 1975/2299/2148 1981/2305/2210
f 1981/2305/2210 1975/2299/2148 1980/2304/2211
f 1975/2299/2148 1976/2300/2212 1980/2304/2211
f 1980/2304/2211 1976/2300/2212 1983/2307/2213
f 1983/2307/2213 1976/2300/2212 1984/2308/2214
f 1984/2308/2214 1976/2300/2212 1977/2301/2215
f 1976/2300/2212 1975/2299/2148 1977/2301/2215
f 1975/2299/2148 1978/2302/2147 1977/2301/2215
f 1977/2301/2215 1978/2302/2147 1985/2309/2216
f 1985/2309/2216 1978/2302/2147 1987/2311/2217
f 1978/2302/2147 1966/2288/2198 1987/2311/2217
f 1987/2311/2217 1966/2288/2198 1979/2303/2193
f 1966/2288/2198 1965/2287/2194 1979/2303/2193
f 1980/2304/2211 1983/2307/2213 1981/2305/2210
f 1981/2305/2210 1983/2307/2213 1982/2306/2209
f 1982/2306/2209 1983/2307/2213 1973/2297/2208
f 1973/2297/2208 1983/2307/2213 1972/2296/2207
f 1983/2307/2213 1984/2308/2214 1972/2296/2207
f 1972/2296/2207 1984/2308/2214 1970/2293/2177
f 1970/2293/2177 1984/2308/2214 1956/2275/2178
f 1984/2308/2214 1977/2301/2215 1956/2275/2178
f 1956/2275/2178 1977/2301/2215 1957/2276/2180
f 1977/2301/2215 1985/2309/2216 1957/2276/2180
f 1957/2276/2180 1985/2309/2216 1986/2310/2182
f 1985/2309/2216 1987/2311/2217 1986/2310/2182
f 1986/2310/2182 1987/2311/2217 1988/2312/2185
f 1987/2311/2217 1979/2303/2193 1988/2312/2185
f 1988/2312/2185 1979/2303/2193 1989/2313/2187
f 2012/2345/619 2013/2347/2218 1990/2314/1635
f 2013/2347/2218 463/520/609 1990/2314/1635
f 1990/2314/1635 463/520/609 1374/1611/1637
f 463/520/609 1991/2316/610 1374/1611/1637
f 1374/1611/1637 1991/2316/610 1375/1612/1639
f 1991/2316/610 464/525/471 1375/1612/1639
f 2829/3310/2219 1993/2319/2220 2827/3307/2221
f 2827/3307/2221 1993/2319/2220 1992/2317/2222
f 1993/2319/2220 1875/2173/2095 1992/2317/2222
f 1875/2173/2095 1877/2175/2096 1992/2317/2222
f 1992/2317/2222 1877/2175/2096 2825/3304/2223
f 1877/2175/2096 1876/2174/2089 2825/3304/2223
f 2825/3304/2223 1876/2174/2089 2393/2795/2088
f 1875/2173/2095 1993/2319/2220 1873/2171/2094
f 1993/2319/2220 2829/3310/2219 1873/2171/2094
f 1873/2171/2094 2829/3310/2219 1994/2320/2093
f 1886/2187/2105 1909/2215/2132 1884/2185/2104
f 1909/2215/2132 1995/2322/2129 1884/2185/2104
f 1884/2185/2104 1995/2322/2129 1946/2261/2161
f 1995/2322/2129 1907/2213/2128 1946/2261/2161
f 1946/2261/2161 1907/2213/2128 1944/2258/2160
f 1944/2258/2160 1907/2213/2128 1996/2323/2224
f 1996/2323/2224 1907/2213/2128 2302/2697/2225
f 1907/2213/2128 1997/2325/2130 2302/2697/2225
f 1997/2325/2130 1908/2214/2131 2302/2697/2225
f 2302/2697/2225 1908/2214/2131 2795/3265/2226
f 1908/2214/2131 1998/2326/2133 2795/3265/2226
f 2038/2379/2227 2175/2545/2228 2040/2382/2075
f 2040/2382/2075 2175/2545/2228 1999/2328/2076
f 2175/2545/2228 2176/2546/2077 1999/2328/2076
f 2009/2341/1318 2001/2331/1319 2000/2329/2229
f 2001/2331/1319 2002/2333/1310 2000/2329/2229
f 2000/2329/2229 2002/2333/1310 2003/2334/2230
f 2002/2333/1310 1052/1234/1312 2003/2334/2230
f 2003/2334/2230 1052/1234/1312 2005/2336/2231
f 1052/1234/1312 1053/1236/1173 2005/2336/2231
f 1053/1236/1173 2004/2335/1172 2005/2336/2231
f 2004/2335/1172 2006/2337/1171 2005/2336/2231
f 2006/2337/1171 2007/2338/1287 2005/2336/2231
f 2005/2336/2231 2007/2338/1287 2003/2334/2230
f 2003/2334/2230 2007/2338/1287 2000/2329/2229
f 2007/2338/1287 2008/2339/1286 2000/2329/2229
f 2000/2329/2229 2008/2339/1286 2009/2341/1318
f 2008/2339/1286 1032/1207/1288 2009/2341/1318
f 2009/2341/1318 1032/1207/1288 1059/1243/1316
f 1032/1207/1288 2010/2342/1170 1059/1243/1316
f 1059/1243/1316 2010/2342/1170 2011/2344/1169
f 2012/2346/619 2014/2349/614 2013/2348/2218
f 2013/2348/2218 2014/2349/614 2015/2350/2232
f 2014/2349/614 468/529/611 2015/2350/2232
f 468/529/611 467/528/607 2015/2350/2232
f 2015/2350/2232 467/528/607 2013/2348/2218
f 467/528/607 463/521/609 2013/2348/2218
f 1640/1901/1055 823/956/1056 2016/2352/601
f 2016/2352/601 823/956/1056 460/516/600
f 823/956/1056 2017/2353/1057 460/516/600
f 460/516/600 2017/2353/1057 459/515/599
f 2017/2353/1057 2018/2354/1030 459/515/599
f 2018/2354/1030 798/922/1032 459/515/599
f 798/922/1032 2020/2356/1042 459/515/599
f 459/515/599 2020/2356/1042 2019/2355/598
f 2019/2355/598 2020/2356/1042 540/622/597
f 540/622/597 2020/2356/1042 541/623/727
f 541/623/727 2020/2356/1042 2021/2357/728
f 2020/2356/1042 2342/2743/730 2021/2357/728
f 2022/2359/80 2023/2360/82 2162/2532/2233
f 2023/2360/82 2255/2639/2234 2162/2532/2233
f 2162/2532/2233 2255/2639/2234 2024/2362/2235
f 2255/2639/2234 2256/2641/2236 2024/2362/2235
f 2024/2362/2235 2256/2641/2236 2161/2531/2237
f 2256/2641/2236 2257/2643/2238 2161/2531/2237
f 2161/2531/2237 2257/2643/2238 2159/2529/2239
f 2257/2643/2238 1859/2153/2042 2159/2529/2239
f 1859/2153/2042 1860/2156/2068 2159/2529/2239
f 2159/2529/2239 1860/2156/2068 2158/2528/2070
f 2028/2367/2240 2026/2365/2241 2025/2363/2162
f 2025/2363/2162 2026/2365/2241 2200/2574/2242
f 2200/2574/2242 2026/2365/2241 2199/2573/2243
f 2199/2573/2243 2026/2365/2241 2197/2571/2244
f 2197/2571/2244 2026/2365/2241 2027/2366/2245
f 2027/2366/2245 2026/2365/2241 2164/2534/2246
f 2026/2365/2241 2028/2367/2240 2164/2534/2246
f 2164/2534/2246 2028/2367/2240 2163/2533/2191
f 2028/2367/2240 2179/2549/2190 2163/2533/2191
f 1786/2058/1993 1191/1395/1440 1784/2056/1992
f 1191/1395/1440 1193/1398/1441 1784/2056/1992
f 1193/1398/1441 2029/2370/1443 1784/2056/1992
f 1784/2056/1992 2029/2370/1443 2030/2371/1991
f 2029/2370/1443 1195/1401/1445 2030/2371/1991
f 1195/1401/1445 2031/2372/1581 2030/2371/1991
f 2030/2371/1991 2031/2372/1581 1782/2054/1583
f 2032/2373/2247 2166/2536/2248 2033/2374/2249
f 2166/2536/2248 2034/2375/2250 2033/2374/2249
f 2033/2374/2249 2034/2375/2250 2035/2376/2251
f 2034/2375/2250 2036/2377/2252 2035/2376/2251
f 2035/2376/2251 2036/2377/2252 2196/2570/2253
f 2036/2377/2252 2174/2544/2254 2196/2570/2253
f 2196/2570/2253 2174/2544/2254 2162/2532/2233
f 2174/2544/2254 2037/2378/2255 2162/2532/2233
f 2162/2532/2233 2037/2378/2255 2022/2359/80
f 2022/2359/80 2037/2378/2255 50/51/79
f 2037/2378/2255 2038/2379/2227 50/51/79
f 50/51/79 2038/2379/2227 2039/2381/2045
f 2038/2379/2227 2040/2382/2075 2039/2381/2045
f 2039/2381/2045 2040/2382/2075 1833/2121/2044
f 2040/2382/2075 1862/2158/2074 1833/2121/2044
f 1833/2121/2044 1862/2158/2074 1858/2150/2067
f 1862/2158/2074 2041/2383/2069 1858/2150/2067
f 2042/2384/2256 2043/2385/2257 2092/2449/2258
f 2043/2385/2257 2044/2386/2259 2092/2449/2258
f 2092/2449/2258 2044/2386/2259 2045/2387/2260
f 2403/2808/2261 2046/2388/2262 2402/2807/2263
f 2046/2388/2262 2047/2389/2264 2402/2807/2263
f 2402/2807/2263 2047/2389/2264 2112/2472/2265
f 2112/2472/2265 2047/2389/2264 2398/2803/2266
f 2398/2803/2266 2047/2389/2264 2397/2802/2267
f 2047/2389/2264 2046/2388/2262 2397/2802/2267
f 2046/2388/2262 2048/2390/2268 2397/2802/2267
f 2397/2802/2267 2048/2390/2268 2396/2800/2269
f 2396/2800/2269 2048/2390/2268 2049/2391/2270
f 2048/2390/2268 2050/2393/2271 2049/2391/2270
f 2049/2391/2270 2050/2393/2271 2417/2822/2272
f 2417/2822/2272 2050/2393/2271 2051/2394/2273
f 2050/2393/2271 2405/2810/2274 2051/2394/2273
f 2051/2394/2273 2405/2810/2274 2052/2395/2275
f 2405/2810/2274 2053/2396/2276 2052/2395/2275
f 2052/2395/2275 2053/2396/2276 2055/2398/2277
f 2053/2396/2276 2054/2397/2278 2055/2398/2277
f 2054/2397/2278 2056/2399/2279 2055/2398/2277
f 2055/2398/2277 2056/2399/2279 2434/2850/2280
f 2434/2850/2280 2056/2399/2279 2057/2400/2281
f 2056/2399/2279 2408/2813/2282 2057/2400/2281
f 2057/2400/2281 2408/2813/2282 2436/2852/2283
f 2408/2813/2282 2058/2401/2284 2436/2852/2283
f 2436/2852/2283 2058/2401/2284 2437/2853/2285
f 2437/2853/2285 2058/2401/2284 2059/2402/2286
f 2058/2401/2284 2409/2814/2287 2059/2402/2286
f 2059/2402/2286 2409/2814/2287 2060/2403/2288
f 2409/2814/2287 2410/2815/2289 2060/2403/2288
f 2060/2403/2288 2410/2815/2289 2440/2856/2290
f 2410/2815/2289 2411/2816/2291 2440/2856/2290
f 2440/2856/2290 2411/2816/2291 2061/2404/2292
f 2411/2816/2291 2413/2818/2293 2061/2404/2292
f 2064/2409/1830 2062/2406/1831 2063/2407/2294
f 2062/2406/1831 2104/2463/1859 2063/2407/2294
f 2104/2463/1859 2103/2461/990 2063/2407/2294
f 2103/2461/990 763/886/987 2063/2407/2294
f 763/886/987 761/884/985 2063/2407/2294
f 761/884/985 2065/2410/998 2063/2407/2294
f 2063/2407/2294 2065/2410/998 2064/2409/1830
f 2064/2409/1830 2065/2410/998 1583/1835/1829
f 1583/1835/1829 2065/2410/998 2066/2411/1014
f 2065/2410/998 768/891/999 2066/2411/1014
f 2066/2411/1014 768/891/999 2067/2414/1013
f 768/891/999 769/892/1000 2067/2414/1013
f 2067/2414/1013 769/892/1000 2068/2415/1012
f 2068/2415/1012 769/892/1000 2087/2442/2295
f 2087/2442/2295 769/892/1000 2086/2440/2296
f 769/892/1000 759/882/984 2086/2440/2296
f 2086/2440/2296 759/882/984 2069/2417/2297
f 759/882/984 760/883/986 2069/2417/2297
f 2069/2417/2297 760/883/986 2070/2418/2298
f 760/883/986 762/885/988 2070/2418/2298
f 2070/2418/2298 762/885/988 2071/2419/2299
f 762/885/988 2072/2420/1009 2071/2419/2299
f 2071/2419/2299 2072/2420/1009 2073/2421/2300
f 2072/2420/1009 771/894/1008 2073/2421/2300
f 2073/2421/2300 771/894/1008 2083/2434/2301
f 771/894/1008 770/893/1007 2083/2434/2301
f 2083/2434/2301 770/893/1007 2081/2431/2302
f 770/893/1007 2074/2422/1006 2081/2431/2302
f 2081/2431/2302 2074/2422/1006 2075/2423/2303
f 2074/2422/1006 2076/2424/1010 2075/2423/2303
f 2075/2423/2303 2076/2424/1010 2078/2426/2304
f 2078/2426/2304 2076/2424/1010 2077/2425/2305
f 2076/2424/1010 774/897/1011 2077/2425/2305
f 774/897/1011 2068/2416/1012 2077/2425/2305
f 2068/2416/1012 2087/2441/2295 2077/2425/2305
f 2087/2441/2295 480/546/635 2077/2425/2305
f 480/546/635 478/543/632 2077/2425/2305
f 2077/2425/2305 478/543/632 2078/2426/2304
f 478/543/632 2079/2428/631 2078/2426/2304
f 2078/2426/2304 2079/2428/631 2075/2423/2303
f 2079/2428/631 646/734/684 2075/2423/2303
f 646/734/684 2080/2430/685 2075/2423/2303
f 2075/2423/2303 2080/2430/685 2081/2431/2302
f 2080/2430/685 2082/2433/686 2081/2431/2302
f 2081/2431/2302 2082/2433/686 2083/2434/2301
f 2082/2433/686 506/580/688 2083/2434/2301
f 2083/2434/2301 506/580/688 2073/2421/2300
f 506/580/688 508/583/690 2073/2421/2300
f 2073/2421/2300 508/583/690 2071/2419/2299
f 508/583/690 2084/2436/652 2071/2419/2299
f 2071/2419/2299 2084/2436/652 2070/2418/2298
f 2084/2436/652 485/555/650 2070/2418/2298
f 2070/2418/2298 485/555/650 2069/2417/2297
f 485/555/650 2085/2439/649 2069/2417/2297
f 2069/2417/2297 2085/2439/649 2086/2440/2296
f 2086/2440/2296 2085/2439/649 2087/2442/2295
f 2085/2439/649 480/547/635 2087/2442/2295
f 2088/2443/2306 2089/2446/2307 2723/3181/2308
f 2723/3181/2308 2089/2446/2307 2105/2464/2309
f 2089/2446/2307 2090/2447/2310 2105/2464/2309
f 2105/2464/2309 2090/2447/2310 2091/2448/2311
f 2090/2447/2310 2042/2384/2256 2091/2448/2311
f 2091/2448/2311 2042/2384/2256 2107/2466/2218
f 2042/2384/2256 2092/2449/2258 2107/2466/2218
f 2107/2466/2218 2092/2449/2258 2108/2467/2312
f 2092/2449/2258 2045/2387/2260 2108/2467/2312
f 2045/2387/2260 2093/2450/2313 2108/2467/2312
f 2093/2450/2313 2133/2496/2314 2108/2467/2312
f 2108/2467/2312 2133/2496/2314 2094/2451/2315
f 2133/2496/2314 2095/2452/2316 2094/2451/2315
f 1594/1850/1845 2124/2485/1847 2099/2456/2317
f 2124/2485/1847 2096/2453/1003 2099/2456/2317
f 2096/2453/1003 2097/2454/1005 2099/2456/2317
f 2097/2454/1005 2098/2455/997 2099/2456/2317
f 2098/2455/997 2100/2457/996 2099/2456/2317
f 2099/2456/2317 2100/2457/996 1594/1850/1845
f 1594/1850/1845 2100/2457/996 1593/1848/1844
f 1593/1848/1844 2100/2457/996 1610/1869/1842
f 2100/2457/996 2101/2458/994 1610/1869/1842
f 1610/1869/1842 2101/2458/994 2102/2460/1857
f 2101/2458/994 766/889/992 2102/2460/1857
f 2102/2460/1857 766/889/992 1609/1867/1858
f 766/889/992 764/887/991 1609/1867/1858
f 764/887/991 2103/2461/990 1609/1867/1858
f 1609/1867/1858 2103/2461/990 2104/2463/1859
f 2105/2464/2309 2091/2448/2311 2106/2465/2318
f 2106/2465/2318 2091/2448/2311 2136/2499/2319
f 2091/2448/2311 2107/2466/2218 2136/2499/2319
f 2136/2499/2319 2107/2466/2218 2094/2451/2315
f 2107/2466/2218 2108/2467/2312 2094/2451/2315
f 2723/3181/2308 2105/2464/2309 2722/3179/2320
f 2105/2464/2309 2106/2465/2318 2722/3179/2320
f 2722/3179/2320 2106/2465/2318 2721/3177/2321
f 2106/2465/2318 2109/2468/2322 2721/3177/2321
f 2721/3177/2321 2109/2468/2322 2720/3175/2323
f 2109/2468/2322 2110/2469/2324 2720/3175/2323
f 2720/3175/2323 2110/2469/2324 2874/3364/2325
f 2110/2469/2324 2205/2580/2326 2874/3364/2325
f 2215/2597/1186 2111/2471/1204 2391/2793/2327
f 2391/2793/2327 2111/2471/1204 2392/2794/2328
f 2111/2471/1204 2138/2502/1202 2392/2794/2328
f 2392/2794/2328 2138/2502/1202 2400/2805/2329
f 2138/2502/1202 2139/2503/2330 2400/2805/2329
f 2400/2805/2329 2139/2503/2330 2112/2472/2265
f 2139/2503/2330 2113/2473/2331 2112/2472/2265
f 2112/2472/2265 2113/2473/2331 2402/2807/2263
f 2402/2807/2263 2113/2473/2331 2401/2806/2332
f 2401/2806/2332 2113/2473/2331 2114/2474/2333
f 2113/2473/2331 2139/2503/2330 2114/2474/2333
f 2139/2503/2330 2140/2504/2334 2114/2474/2333
f 2140/2504/2334 2142/2506/2335 2114/2474/2333
f 2114/2474/2333 2142/2506/2335 2401/2806/2332
f 2142/2506/2335 2143/2507/2336 2401/2806/2332
f 2401/2806/2332 2143/2507/2336 2115/2475/2337
f 2115/2475/2337 2143/2507/2336 2116/2476/2338
f 2143/2507/2336 2144/2508/2339 2116/2476/2338
f 2144/2508/2339 2118/2478/2340 2116/2476/2338
f 2116/2476/2338 2118/2478/2340 2117/2477/2341
f 2117/2477/2341 2118/2478/2340 2390/2791/2342
f 2118/2478/2340 2119/2479/2343 2390/2791/2342
f 2390/2791/2342 2119/2479/2343 2120/2480/2344
f 2120/2480/2344 2119/2479/2343 2121/2481/2345
f 2119/2479/2343 2122/2482/2346 2121/2481/2345
f 2121/2481/2345 2122/2482/2346 2412/2817/2347
f 2122/2482/2346 2129/2490/2348 2412/2817/2347
f 2412/2817/2347 2129/2490/2348 2123/2483/2349
f 2129/2490/2348 2414/2819/2350 2123/2483/2349
f 2124/2485/1847 1597/1854/1849 2096/2453/1003
f 2096/2453/1003 1597/1854/1849 776/899/1001
f 776/899/1001 1597/1854/1849 2066/2412/1014
f 1597/1854/1849 1583/1836/1829 2066/2412/1014
f 2212/2591/2351 2125/2486/2352 2149/2513/2353
f 2125/2486/2352 2126/2487/2354 2149/2513/2353
f 2149/2513/2353 2126/2487/2354 2148/2512/2355
f 2126/2487/2354 2127/2488/2356 2148/2512/2355
f 2148/2512/2355 2127/2488/2356 2146/2510/2357
f 2127/2488/2356 2207/2583/2358 2146/2510/2357
f 2146/2510/2357 2207/2583/2358 2144/2508/2339
f 2144/2508/2339 2207/2583/2358 2118/2478/2340
f 2207/2583/2358 2128/2489/2359 2118/2478/2340
f 2118/2478/2340 2128/2489/2359 2119/2479/2343
f 2119/2479/2343 2128/2489/2359 2122/2482/2346
f 2128/2489/2359 2208/2584/2360 2122/2482/2346
f 2122/2482/2346 2208/2584/2360 2129/2490/2348
f 2208/2584/2360 2130/2491/2361 2129/2490/2348
f 2129/2490/2348 2130/2491/2361 2414/2819/2350
f 2130/2491/2361 2415/2820/2362 2414/2819/2350
f 2732/3195/2363 2131/2492/2364 2044/2386/2259
f 2044/2386/2259 2131/2492/2364 2045/2387/2260
f 2131/2492/2364 2844/3326/2365 2045/2387/2260
f 2045/2387/2260 2844/3326/2365 2093/2450/2313
f 2844/3326/2365 2132/2494/2366 2093/2450/2313
f 2132/2494/2366 2202/2576/2367 2093/2450/2313
f 2093/2450/2313 2202/2576/2367 2133/2496/2314
f 2202/2576/2367 2134/2497/2368 2133/2496/2314
f 2133/2496/2314 2134/2497/2368 2095/2452/2316
f 2134/2497/2368 2203/2577/2369 2095/2452/2316
f 2203/2577/2369 2206/2582/2370 2095/2452/2316
f 2206/2582/2370 2135/2498/2371 2095/2452/2316
f 2095/2452/2316 2135/2498/2371 2094/2451/2315
f 2135/2498/2371 2136/2499/2319 2094/2451/2315
f 2598/3040/2372 2732/3195/2363 2137/2500/2373
f 2732/3195/2363 2044/2386/2259 2137/2500/2373
f 2137/2500/2373 2044/2386/2259 2043/2385/2257
f 2138/2502/1202 962/1118/1201 2139/2503/2330
f 2139/2503/2330 962/1118/1201 2140/2504/2334
f 962/1118/1201 964/1121/1236 2140/2504/2334
f 964/1121/1236 2141/2505/2374 2140/2504/2334
f 2140/2504/2334 2141/2505/2374 2142/2506/2335
f 2141/2505/2374 2156/2524/2375 2142/2506/2335
f 2142/2506/2335 2156/2524/2375 2143/2507/2336
f 2143/2507/2336 2156/2524/2375 2144/2508/2339
f 2144/2508/2339 2156/2524/2375 2146/2510/2357
f 2156/2524/2375 2145/2509/2376 2146/2510/2357
f 2145/2509/2376 2147/2511/2377 2146/2510/2357
f 2146/2510/2357 2147/2511/2377 2148/2512/2355
f 2147/2511/2377 2152/2517/2378 2148/2512/2355
f 2148/2512/2355 2152/2517/2378 2149/2513/2353
f 2152/2517/2378 2150/2514/2379 2149/2513/2353
f 2149/2513/2353 2150/2514/2379 2212/2591/2351
f 2212/2591/2351 2150/2514/2379 2213/2592/2380
f 2213/2592/2380 2150/2514/2379 2214/2594/1187
f 2214/2594/1187 2150/2514/2379 2151/2516/1241
f 2150/2514/2379 2152/2517/2378 2151/2516/1241
f 2151/2516/1241 2152/2517/2378 2153/2519/1240
f 2152/2517/2378 2147/2511/2377 2153/2519/1240
f 2153/2519/1240 2147/2511/2377 2154/2521/1239
f 2154/2521/1239 2147/2511/2377 966/1124/1238
f 2147/2511/2377 2145/2509/2376 966/1124/1238
f 966/1124/1238 2145/2509/2376 2155/2523/1237
f 964/1121/1236 2155/2523/1237 2141/2505/2374
f 2155/2523/1237 2145/2509/2376 2141/2505/2374
f 2141/2505/2374 2145/2509/2376 2156/2524/2375
f 2025/2363/2162 2200/2574/2242 2157/2526/2163
f 2200/2574/2242 2201/2575/2381 2157/2526/2163
f 2157/2526/2163 2201/2575/2381 2158/2528/2070
f 2158/2528/2070 2201/2575/2381 2159/2529/2239
f 2201/2575/2381 2160/2530/2382 2159/2529/2239
f 2159/2529/2239 2160/2530/2382 2161/2531/2237
f 2160/2530/2382 2198/2572/2383 2161/2531/2237
f 2161/2531/2237 2198/2572/2383 2024/2362/2235
f 2198/2572/2383 2196/2570/2253 2024/2362/2235
f 2024/2362/2235 2196/2570/2253 2162/2532/2233
f 2163/2533/2191 1962/2284/2192 2164/2534/2246
f 2164/2534/2246 1962/2284/2192 2165/2535/2384
f 1962/2284/2192 1963/2285/2195 2165/2535/2384
f 2165/2535/2384 1963/2285/2195 2032/2373/2247
f 2032/2373/2247 1963/2285/2195 2166/2536/2248
f 1963/2285/2195 1964/2286/2196 2166/2536/2248
f 2166/2536/2248 1964/2286/2196 2167/2537/2385
f 2167/2537/2385 1964/2286/2196 2183/2554/2386
f 2183/2554/2386 1964/2286/2196 2168/2538/2387
f 1964/2286/2196 2169/2539/2197 2168/2538/2387
f 2168/2538/2387 2169/2539/2197 2184/2555/2140
f 2169/2539/2197 2170/2540/2139 2184/2555/2140
f 2173/2543/2388 2167/2537/2385 2171/2541/2389
f 2167/2537/2385 2183/2554/2386 2171/2541/2389
f 2183/2554/2386 2182/2553/2390 2171/2541/2389
f 2182/2553/2390 2180/2551/2391 2171/2541/2389
f 2171/2541/2389 2180/2551/2391 2178/2548/2392
f 2174/2544/2254 2036/2377/2252 2172/2542/2393
f 2172/2542/2393 2036/2377/2252 2173/2543/2388
f 2036/2377/2252 2034/2375/2250 2173/2543/2388
f 2173/2543/2388 2034/2375/2250 2167/2537/2385
f 2034/2375/2250 2166/2536/2248 2167/2537/2385
f 2037/2378/2255 2174/2544/2254 2038/2379/2227
f 2038/2379/2227 2174/2544/2254 2175/2545/2228
f 2174/2544/2254 2172/2542/2393 2175/2545/2228
f 2175/2545/2228 2172/2542/2393 2176/2546/2077
f 2172/2542/2393 2173/2543/2388 2176/2546/2077
f 2176/2546/2077 2173/2543/2388 2177/2547/2078
f 2173/2543/2388 2171/2541/2389 2177/2547/2078
f 2177/2547/2078 2171/2541/2389 1864/2160/2079
f 2171/2541/2389 2178/2548/2392 1864/2160/2079
f 1864/2160/2079 2178/2548/2392 2025/2364/2162
f 2025/2364/2162 2178/2548/2392 2028/2368/2240
f 2028/2368/2240 2178/2548/2392 2179/2550/2190
f 2178/2548/2392 2180/2551/2391 2179/2550/2190
f 2179/2550/2190 2180/2551/2391 1949/2267/2165
f 1949/2267/2165 2180/2551/2391 2181/2552/2167
f 2180/2551/2391 2182/2553/2390 2181/2552/2167
f 2181/2552/2167 2182/2553/2390 1950/2268/2168
f 1950/2268/2168 2182/2553/2390 1952/2270/2170
f 2182/2553/2390 2183/2554/2386 1952/2270/2170
f 2183/2554/2386 2168/2538/2387 1952/2270/2170
f 1952/2270/2170 2168/2538/2387 1953/2271/2172
f 2168/2538/2387 2184/2555/2140 1953/2271/2172
f 2184/2555/2140 2185/2556/2141 1953/2271/2172
f 1953/2271/2172 2185/2556/2141 2186/2557/2174
f 2186/2557/2174 2185/2556/2141 2187/2558/2394
f 2185/2556/2141 1914/2222/2142 2187/2558/2394
f 2187/2558/2394 1914/2222/2142 2188/2559/2395
f 1914/2222/2142 1915/2223/2143 2188/2559/2395
f 1915/2223/2143 2189/2560/2144 2188/2559/2395
f 2189/2560/2144 1971/2294/2206 2188/2559/2395
f 1971/2294/2206 1955/2274/2179 2188/2559/2395
f 1955/2274/2179 2190/2562/2181 2188/2559/2395
f 2190/2562/2181 2191/2564/2183 2188/2559/2395
f 2188/2559/2395 2191/2564/2183 2187/2558/2394
f 2191/2564/2183 1958/2278/2184 2187/2558/2394
f 2187/2558/2394 1958/2278/2184 2186/2557/2174
f 2186/2557/2174 1958/2278/2184 2195/2569/2173
f 1958/2278/2184 1959/2280/2186 2195/2569/2173
f 2195/2569/2173 1959/2280/2186 2192/2565/2396
f 1959/2280/2186 1960/2282/2188 2192/2565/2396
f 1960/2282/2188 1948/2265/2164 2192/2565/2396
f 1948/2265/2164 2193/2567/2166 2192/2565/2396
f 2193/2567/2166 1951/2269/2169 2192/2565/2396
f 1951/2269/2169 2194/2568/2171 2192/2565/2396
f 2192/2565/2396 2194/2568/2171 2195/2569/2173
f 2164/2534/2246 2165/2535/2384 2027/2366/2245
f 2165/2535/2384 2032/2373/2247 2027/2366/2245
f 2032/2373/2247 2033/2374/2249 2027/2366/2245
f 2033/2374/2249 2035/2376/2251 2027/2366/2245
f 2027/2366/2245 2035/2376/2251 2197/2571/2244
f 2035/2376/2251 2196/2570/2253 2197/2571/2244
f 2196/2570/2253 2198/2572/2383 2197/2571/2244
f 2197/2571/2244 2198/2572/2383 2199/2573/2243
f 2198/2572/2383 2160/2530/2382 2199/2573/2243
f 2199/2573/2243 2160/2530/2382 2200/2574/2242
f 2160/2530/2382 2201/2575/2381 2200/2574/2242
f 2132/2494/2366 2881/3375/2397 2202/2576/2367
f 2881/3375/2397 2880/3373/2398 2202/2576/2367
f 2202/2576/2367 2880/3373/2398 2134/2497/2368
f 2880/3373/2398 2879/3371/2399 2134/2497/2368
f 2134/2497/2368 2879/3371/2399 2203/2577/2369
f 2879/3371/2399 2204/2578/2400 2203/2577/2369
f 2204/2578/2400 2876/3367/2401 2203/2577/2369
f 2203/2577/2369 2876/3367/2401 2206/2582/2370
f 2876/3367/2401 2205/2580/2326 2206/2582/2370
f 2205/2580/2326 2110/2469/2324 2206/2582/2370
f 2206/2582/2370 2110/2469/2324 2135/2498/2371
f 2110/2469/2324 2109/2468/2322 2135/2498/2371
f 2135/2498/2371 2109/2468/2322 2136/2499/2319
f 2109/2468/2322 2106/2465/2318 2136/2499/2319
f 2207/2583/2358 2127/2488/2356 2128/2489/2359
f 2128/2489/2359 2127/2488/2356 2208/2584/2360
f 2208/2584/2360 2127/2488/2356 2130/2491/2361
f 2127/2488/2356 2126/2487/2354 2130/2491/2361
f 2130/2491/2361 2126/2487/2354 2415/2820/2362
f 2126/2487/2354 2125/2486/2352 2415/2820/2362
f 2415/2820/2362 2125/2486/2352 2209/2586/2402
f 2209/2586/2402 2125/2486/2352 2210/2587/2403
f 2210/2587/2403 2125/2486/2352 2211/2589/2404
f 2125/2486/2352 2212/2591/2351 2211/2589/2404
f 2211/2589/2404 2212/2591/2351 2391/2792/2327
f 2212/2591/2351 2213/2592/2380 2391/2792/2327
f 2213/2592/2380 2214/2594/1187 2391/2792/2327
f 2391/2792/2327 2214/2594/1187 2215/2598/1186
f 2216/2599/34 2964/3471/2405 22/22/31
f 22/22/31 2964/3471/2405 20/20/30
f 2964/3471/2405 2217/2600/2406 20/20/30
f 20/20/30 2217/2600/2406 2218/2601/29
f 2218/2601/29 2217/2600/2406 2219/2602/1020
f 2219/2602/1020 2217/2600/2406 2234/2617/2407
f 2217/2600/2406 2220/2603/65 2234/2617/2407
f 2234/2617/2407 2220/2603/65 2235/2618/2408
f 2220/2603/65 45/45/67 2235/2618/2408
f 2235/2618/2408 45/45/67 2236/2619/2409
f 45/45/67 2222/2605/69 2236/2619/2409
f 2236/2619/2409 2222/2605/69 2221/2604/2410
f 2221/2604/2410 2222/2605/69 2223/2606/2411
f 2223/2606/2411 2222/2605/69 2224/2607/2412
f 2222/2605/69 2225/2608/68 2224/2607/2412
f 2224/2607/2412 2225/2608/68 2338/2739/2413
f 2/2/9 2227/2610/2414 2226/2609/6
f 2226/2609/6 2227/2610/2414 2228/2611/4
f 2227/2610/2414 2924/3426/2415 2228/2611/4
f 2228/2611/4 2924/3426/2415 2231/2614/3
f 2232/2615/2416 2335/2736/2417 2230/2613/2418
f 2335/2736/2417 2229/2612/2419 2230/2613/2418
f 2229/2612/2419 11/11/18 2230/2613/2418
f 11/11/18 10/10/1 2230/2613/2418
f 10/10/1 2231/2614/3 2230/2613/2418
f 2230/2613/2418 2231/2614/3 2232/2615/2416
f 2231/2614/3 2924/3426/2415 2232/2615/2416
f 2924/3426/2415 2233/2616/1019 2232/2615/2416
f 2233/2616/1019 2219/2602/1020 2232/2615/2416
f 2232/2615/2416 2219/2602/1020 2335/2736/2417
f 2219/2602/1020 2234/2617/2407 2335/2736/2417
f 2335/2736/2417 2234/2617/2407 2334/2735/2420
f 2234/2617/2407 2235/2618/2408 2334/2735/2420
f 2334/2735/2420 2235/2618/2408 2332/2733/2421
f 2235/2618/2408 2236/2619/2409 2332/2733/2421
f 2332/2733/2421 2236/2619/2409 2237/2620/2422
f 2236/2619/2409 2221/2604/2410 2237/2620/2422
f 2237/2620/2422 2221/2604/2410 2346/2747/2423
f 2346/2747/2423 2221/2604/2410 2348/2749/2424
f 2221/2604/2410 2223/2606/2411 2348/2749/2424
f 2348/2749/2424 2223/2606/2411 2349/2750/2425
f 15/15/19 11/11/18 2238/2621/23
f 11/11/18 2229/2612/2419 2238/2621/23
f 2238/2621/23 2229/2612/2419 2333/2734/25
f 2239/2622/2037 2284/2674/2426 1823/2107/2035
f 2284/2674/2426 2286/2677/2427 1823/2107/2035
f 1823/2107/2035 2286/2677/2427 2240/2623/2056
f 2286/2677/2427 2287/2678/2428 2240/2623/2056
f 2240/2623/2056 2287/2678/2428 1845/2133/2055
f 2287/2678/2428 1968/2290/2204 1845/2133/2055
f 1845/2133/2055 1968/2290/2204 2241/2624/2046
f 1968/2290/2204 1969/2291/2205 2241/2624/2046
f 2241/2624/2046 1969/2291/2205 2242/2625/2047
f 1969/2291/2205 2265/2652/2429 2242/2625/2047
f 2242/2625/2047 2265/2652/2429 1835/2123/2049
f 2265/2652/2429 2264/2651/2430 1835/2123/2049
f 1835/2123/2049 2264/2651/2430 2243/2626/1997
f 2264/2651/2430 2263/2650/2431 2243/2626/1997
f 2243/2626/1997 2263/2650/2431 1815/2098/1998
f 2263/2650/2431 2244/2627/2432 1815/2098/1998
f 1815/2098/1998 2244/2627/2432 1816/2099/2018
f 1816/2099/2018 2244/2627/2432 2245/2628/2433
f 2244/2627/2432 2262/2649/2039 2245/2628/2433
f 2245/2628/2433 2262/2649/2039 2278/2665/2040
f 2246/2630/2434 2273/2660/2435 2247/2631/2436
f 2247/2631/2436 2273/2660/2435 2269/2656/2437
f 2269/2656/2437 2273/2660/2435 2267/2654/2438
f 2273/2660/2435 2248/2632/2439 2267/2654/2438
f 2267/2654/2438 2248/2632/2439 2266/2653/2440
f 2248/2632/2439 2253/2637/2441 2266/2653/2440
f 2266/2653/2440 2253/2637/2441 2249/2633/2442
f 2253/2637/2441 2250/2634/2443 2249/2633/2442
f 2249/2633/2442 2250/2634/2443 47/47/70
f 47/47/70 2250/2634/2443 2251/2635/71
f 2251/2635/71 2250/2634/2443 2252/2636/78
f 2252/2636/78 2250/2634/2443 2254/2638/81
f 2250/2634/2443 2253/2637/2441 2254/2638/81
f 2253/2637/2441 2274/2661/2444 2254/2638/81
f 2254/2638/81 2274/2661/2444 2023/2361/82
f 2274/2661/2444 2272/2659/2445 2023/2361/82
f 2023/2361/82 2272/2659/2445 2255/2640/2234
f 2272/2659/2445 2351/2752/2446 2255/2640/2234
f 2255/2640/2234 2351/2752/2446 2256/2642/2236
f 2351/2752/2446 2352/2753/2447 2256/2642/2236
f 2256/2642/2236 2352/2753/2447 2257/2644/2238
f 2352/2753/2447 1830/2117/2041 2257/2644/2238
f 2257/2644/2238 1830/2117/2041 1859/2154/2042
f 129/148/216 1902/2207/2121 128/146/213
f 1902/2207/2121 2258/2645/2448 128/146/213
f 128/146/213 2258/2645/2448 2259/2646/210
f 2258/2645/2448 2260/2647/2449 2259/2646/210
f 2259/2646/210 2260/2647/2449 126/144/209
f 126/144/209 2260/2647/2449 2261/2648/2450
f 2260/2647/2449 2292/2685/2451 2261/2648/2450
f 2261/2648/2450 2292/2685/2451 2833/3315/2452
f 2244/2627/2432 2263/2650/2431 2262/2649/2039
f 2262/2649/2039 2263/2650/2431 1828/2114/72
f 2263/2650/2431 2264/2651/2430 1828/2114/72
f 1828/2114/72 2264/2651/2430 47/47/70
f 47/47/70 2264/2651/2430 2249/2633/2442
f 2264/2651/2430 2265/2652/2429 2249/2633/2442
f 2249/2633/2442 2265/2652/2429 2266/2653/2440
f 2265/2652/2429 1969/2291/2205 2266/2653/2440
f 2266/2653/2440 1969/2291/2205 2267/2654/2438
f 1969/2291/2205 2268/2655/2203 2267/2654/2438
f 2267/2654/2438 2268/2655/2203 2269/2656/2437
f 2268/2655/2203 2270/2657/2200 2269/2656/2437
f 2270/2657/2200 2276/2663/2199 2269/2656/2437
f 2269/2656/2437 2276/2663/2199 2247/2631/2436
f 2276/2663/2199 2277/2664/2453 2247/2631/2436
f 2277/2664/2453 2271/2658/2454 2247/2631/2436
f 2247/2631/2436 2271/2658/2454 2246/2630/2434
f 2271/2658/2454 2353/2754/2455 2246/2630/2434
f 2353/2754/2455 2351/2752/2446 2246/2630/2434
f 2351/2752/2446 2272/2659/2445 2246/2630/2434
f 2246/2630/2434 2272/2659/2445 2273/2660/2435
f 2272/2659/2445 2274/2661/2444 2273/2660/2435
f 2273/2660/2435 2274/2661/2444 2248/2632/2439
f 2274/2661/2444 2253/2637/2441 2248/2632/2439
f 2275/2662/2202 2279/2667/2456 1967/2289/2201
f 2279/2667/2456 2280/2668/2457 1967/2289/2201
f 1967/2289/2201 2280/2668/2457 2276/2663/2199
f 2276/2663/2199 2280/2668/2457 2277/2664/2453
f 2280/2668/2457 2282/2671/2017 2277/2664/2453
f 2282/2671/2017 1816/2100/2018 2277/2664/2453
f 2277/2664/2453 1816/2100/2018 2271/2658/2454
f 1816/2100/2018 2245/2629/2433 2271/2658/2454
f 2271/2658/2454 2245/2629/2433 2353/2754/2455
f 2245/2629/2433 2278/2666/2040 2353/2754/2455
f 2284/2674/2426 2281/2669/2458 2286/2677/2427
f 2286/2677/2427 2281/2669/2458 2279/2667/2456
f 2279/2667/2456 2281/2669/2458 2280/2668/2457
f 2280/2668/2457 2281/2669/2458 2282/2671/2017
f 2282/2671/2017 2281/2669/2458 2283/2673/2016
f 2281/2669/2458 2284/2674/2426 2283/2673/2016
f 2283/2673/2016 2284/2674/2426 2285/2676/2015
f 2284/2674/2426 2239/2622/2037 2285/2676/2015
f 2285/2676/2015 2239/2622/2037 1824/2109/2014
f 2286/2677/2427 2279/2667/2456 2287/2678/2428
f 2279/2667/2456 2275/2662/2202 2287/2678/2428
f 2287/2678/2428 2275/2662/2202 1968/2290/2204
f 2294/2688/2122 1903/2209/2123 2295/2689/2459
f 2295/2689/2459 1903/2209/2123 2296/2690/2460
f 1903/2209/2123 2288/2680/2176 2296/2690/2460
f 2296/2690/2460 2288/2680/2176 2297/2691/2461
f 2288/2680/2176 2289/2682/2175 2297/2691/2461
f 2297/2691/2461 2289/2682/2175 2290/2683/2462
f 2289/2682/2175 1938/2252/2159 2290/2683/2462
f 2290/2683/2462 1938/2252/2159 2298/2692/2463
f 1938/2252/2159 667/758/889 2298/2692/2463
f 667/758/889 668/760/891 2298/2692/2463
f 668/760/891 2833/3315/2452 2298/2692/2463
f 2298/2692/2463 2833/3315/2452 2291/2684/2464
f 2833/3315/2452 2292/2685/2451 2291/2684/2464
f 2291/2684/2464 2292/2685/2451 2293/2686/2465
f 2292/2685/2451 2260/2647/2449 2293/2686/2465
f 2260/2647/2449 2258/2645/2448 2293/2686/2465
f 2258/2645/2448 1902/2207/2121 2293/2686/2465
f 1902/2207/2121 2294/2688/2122 2293/2686/2465
f 2294/2688/2122 2295/2689/2459 2293/2686/2465
f 2293/2686/2465 2295/2689/2459 2291/2684/2464
f 2295/2689/2459 2296/2690/2460 2291/2684/2464
f 2296/2690/2460 2297/2691/2461 2291/2684/2464
f 2297/2691/2461 2290/2683/2462 2291/2684/2464
f 2291/2684/2464 2290/2683/2462 2298/2692/2463
f 1944/2259/2160 2299/2693/2466 1883/2184/2102
f 2299/2693/2466 2304/2700/2467 1883/2184/2102
f 1883/2184/2102 2304/2700/2467 1882/2182/2101
f 2304/2700/2467 2792/3262/2468 1882/2182/2101
f 1882/2182/2101 2792/3262/2468 2300/2695/930
f 2792/3262/2468 861/998/1090 2300/2695/930
f 2796/3267/2469 2301/2696/2470 2795/3266/2226
f 2795/3266/2226 2301/2696/2470 2302/2698/2225
f 2302/2698/2225 2301/2696/2470 1996/2324/2224
f 2301/2696/2470 2303/2699/2471 1996/2324/2224
f 1996/2324/2224 2303/2699/2471 1944/2259/2160
f 1944/2259/2160 2303/2699/2471 2299/2693/2466
f 2303/2699/2471 2308/2704/2472 2299/2693/2466
f 2299/2693/2466 2308/2704/2472 2304/2700/2467
f 2308/2704/2472 2305/2701/2473 2304/2700/2467
f 2304/2700/2467 2305/2701/2473 2792/3262/2468
f 2792/3262/2468 2305/2701/2473 2793/3263/2474
f 2793/3263/2474 2305/2701/2473 2794/3264/2475
f 2794/3264/2475 2305/2701/2473 2306/2702/2476
f 2306/2702/2476 2305/2701/2473 2307/2703/2477
f 2305/2701/2473 2308/2704/2472 2307/2703/2477
f 2309/2706/238 2310/2707/237 1879/2178/2097
f 1879/2178/2097 2310/2707/237 2311/2708/2478
f 2310/2707/237 143/163/236 2311/2708/2478
f 652/742/639 2313/2710/1026 2312/2709/874
f 2313/2710/1026 835/968/1025 2312/2709/874
f 2312/2709/874 835/968/1025 2314/2711/872
f 835/968/1025 836/969/1072 2314/2711/872
f 2314/2711/872 836/969/1072 2315/2712/870
f 836/969/1072 838/971/1073 2315/2712/870
f 2315/2712/870 838/971/1073 2320/2718/2479
f 838/971/1073 2316/2713/1074 2320/2718/2479
f 2316/2713/1074 2317/2714/1075 2320/2718/2479
f 2320/2718/2479 2317/2714/1075 2318/2715/2480
f 2317/2714/1075 841/976/1076 2318/2715/2480
f 841/976/1076 2319/2716/1079 2318/2715/2480
f 2319/2716/1079 2495/2922/2481 2318/2715/2480
f 2318/2715/2480 2495/2922/2481 2321/2719/2482
f 2495/2922/2481 2497/2925/2483 2321/2719/2482
f 2318/2715/2480 2321/2719/2482 2320/2718/2479
f 2320/2718/2479 2321/2719/2482 2315/2712/870
f 2315/2712/870 2321/2719/2482 2322/2720/871
f 2321/2719/2482 2497/2925/2483 2322/2720/871
f 2497/2925/2483 2323/2721/2484 2322/2720/871
f 2323/2721/2484 2325/2724/2485 2322/2720/871
f 2322/2720/871 2325/2724/2485 2324/2723/873
f 2324/2723/873 2325/2724/2485 2326/2726/2486
f 2325/2724/2485 2647/3092/2487 2326/2726/2486
f 2647/3092/2487 2646/3090/2488 2326/2726/2486
f 2326/2726/2486 2646/3090/2488 2327/2727/2489
f 2646/3090/2488 2328/2728/2490 2327/2727/2489
f 2327/2727/2489 2328/2728/2490 2330/2731/2491
f 2328/2728/2490 2447/2864/2492 2330/2731/2491
f 2330/2731/2491 2447/2864/2492 2329/2730/2493
f 2447/2864/2492 2486/2909/1297 2329/2730/2493
f 2486/2909/1297 1038/1214/1296 2329/2730/2493
f 1038/1214/1296 790/914/781 2329/2730/2493
f 790/914/781 789/912/878 2329/2730/2493
f 2329/2730/2493 789/912/878 2330/2731/2491
f 789/912/878 655/745/877 2330/2731/2491
f 2330/2731/2491 655/745/877 2327/2727/2489
f 655/745/877 2331/2732/876 2327/2727/2489
f 2327/2727/2489 2331/2732/876 2326/2726/2486
f 2331/2732/876 653/743/875 2326/2726/2486
f 2326/2726/2486 653/743/875 2324/2723/873
f 2237/2620/2422 17/17/26 2332/2733/2421
f 17/17/26 2333/2734/25 2332/2733/2421
f 2332/2733/2421 2333/2734/25 2334/2735/2420
f 2333/2734/25 2229/2612/2419 2334/2735/2420
f 2334/2735/2420 2229/2612/2419 2335/2736/2417
f 2350/2751/2494 2349/2750/2425 2942/3448/2495
f 2942/3448/2495 2349/2750/2425 2336/2737/2496
f 2349/2750/2425 2223/2606/2411 2336/2737/2496
f 2223/2606/2411 2224/2607/2412 2336/2737/2496
f 2336/2737/2496 2224/2607/2412 2939/3445/2497
f 2939/3445/2497 2224/2607/2412 2337/2738/2498
f 2224/2607/2412 2338/2739/2413 2337/2738/2498
f 2337/2738/2498 2338/2739/2413 2938/3444/2499
f 2938/3444/2499 2338/2739/2413 2930/3432/2500
f 2338/2739/2413 2225/2608/68 2930/3432/2500
f 2930/3432/2500 2225/2608/68 46/46/66
f 2344/2745/732 2340/2741/731 2339/2740/2501
f 2339/2740/2501 2340/2741/731 2341/2742/2502
f 2340/2741/731 2342/2743/730 2341/2742/2502
f 2342/2743/730 811/935/1041 2341/2742/2502
f 2341/2742/2502 811/935/1041 2339/2740/2501
f 811/935/1041 14/14/21 2339/2740/2501
f 14/14/21 2343/2744/22 2339/2740/2501
f 2339/2740/2501 2343/2744/22 2344/2745/732
f 2343/2744/22 16/16/24 2344/2745/732
f 2344/2745/732 16/16/24 543/625/733
f 16/16/24 17/17/26 543/625/733
f 543/625/733 17/17/26 2345/2746/734
f 17/17/26 2237/2620/2422 2345/2746/734
f 2237/2620/2422 2346/2747/2423 2345/2746/734
f 2345/2746/734 2346/2747/2423 535/614/721
f 535/614/721 2346/2747/2423 2347/2748/719
f 2346/2747/2423 2348/2749/2424 2347/2748/719
f 2347/2748/719 2348/2749/2424 531/610/717
f 531/610/717 2348/2749/2424 530/609/715
f 2348/2749/2424 2349/2750/2425 530/609/715
f 2349/2750/2425 2350/2751/2494 530/609/715
f 530/609/715 2350/2751/2494 2512/2941/1894
f 2351/2752/2446 2353/2754/2455 2352/2753/2447
f 2353/2754/2455 2278/2666/2040 2352/2753/2447
f 2352/2753/2447 2278/2666/2040 1830/2117/2041
f 2354/2755/2503 2356/2757/2504 2355/2756/2505
f 2355/2756/2505 2356/2757/2504 2357/2758/2506
f 2356/2757/2504 2369/2770/2507 2357/2758/2506
f 2369/2770/2507 2370/2771/2508 2357/2758/2506
f 2357/2758/2506 2370/2771/2508 2358/2759/2509
f 2358/2759/2509 2370/2771/2508 2366/2767/2510
f 2370/2771/2508 2368/2769/2511 2366/2767/2510
f 2366/2767/2510 2368/2769/2511 2364/2765/2512
f 2364/2765/2512 2368/2769/2511 2363/2764/2513
f 2363/2764/2513 2368/2769/2511 2360/2761/2514
f 2368/2769/2511 2359/2760/2515 2360/2761/2514
f 2359/2760/2515 2361/2762/2516 2360/2761/2514
f 2361/2762/2516 2362/2763/2517 2360/2761/2514
f 2360/2761/2514 2362/2763/2517 2363/2764/2513
f 2363/2764/2513 2362/2763/2517 2364/2765/2512
f 2362/2763/2517 2365/2766/2518 2364/2765/2512
f 2364/2765/2512 2365/2766/2518 2366/2767/2510
f 2365/2766/2518 2367/2768/2519 2366/2767/2510
f 2366/2767/2510 2367/2768/2519 2358/2759/2509
f 2361/2762/2516 2359/2760/2515 2354/2755/2503
f 2354/2755/2503 2359/2760/2515 2356/2757/2504
f 2359/2760/2515 2368/2769/2511 2356/2757/2504
f 2356/2757/2504 2368/2769/2511 2369/2770/2507
f 2368/2769/2511 2370/2771/2508 2369/2770/2507
f 2383/2784/2520 2371/2772/2521 2387/2788/2522
f 2387/2788/2522 2371/2772/2521 2372/2773/2523
f 2371/2772/2521 2373/2774/2524 2372/2773/2523
f 2372/2773/2523 2373/2774/2524 2386/2787/2525
f 2373/2774/2524 2374/2775/2526 2386/2787/2525
f 2374/2775/2526 2375/2776/2527 2386/2787/2525
f 2386/2787/2525 2375/2776/2527 2376/2777/2528
f 2375/2776/2527 2374/2775/2526 2376/2777/2528
f 2374/2775/2526 2377/2778/2529 2376/2777/2528
f 2376/2777/2528 2377/2778/2529 2378/2779/2530
f 2377/2778/2529 2379/2780/2531 2378/2779/2530
f 2378/2779/2530 2379/2780/2531 2384/2785/2532
f 2379/2780/2531 2380/2781/2533 2384/2785/2532
f 2384/2785/2532 2380/2781/2533 2381/2782/2534
f 2380/2781/2533 2382/2783/2535 2381/2782/2534
f 2382/2783/2535 2383/2784/2520 2381/2782/2534
f 2383/2784/2520 2387/2788/2522 2381/2782/2534
f 2381/2782/2534 2387/2788/2522 2384/2785/2532
f 2387/2788/2522 2385/2786/2536 2384/2785/2532
f 2384/2785/2532 2385/2786/2536 2378/2779/2530
f 2378/2779/2530 2385/2786/2536 2376/2777/2528
f 2376/2777/2528 2385/2786/2536 2386/2787/2525
f 2385/2786/2536 2387/2788/2522 2386/2787/2525
f 2386/2787/2525 2387/2788/2522 2372/2773/2523
f 2406/2811/2537 2115/2475/2337 2388/2789/2538
f 2115/2475/2337 2116/2476/2338 2388/2789/2538
f 2116/2476/2338 2117/2477/2341 2388/2789/2538
f 2388/2789/2538 2117/2477/2341 2407/2812/2539
f 2407/2812/2539 2117/2477/2341 2389/2790/2540
f 2117/2477/2341 2390/2791/2342 2389/2790/2540
f 2389/2790/2540 2390/2791/2342 2120/2480/2344
f 2391/2793/2327 2392/2794/2328 2211/2590/2404
f 2392/2794/2328 2399/2804/2541 2211/2590/2404
f 2211/2590/2404 2399/2804/2541 2210/2588/2403
f 2825/3305/2223 2393/2796/2088 2824/3303/2542
f 2824/3303/2542 2393/2796/2088 2823/3302/2543
f 2393/2796/2088 1866/2163/2081 2823/3302/2543
f 2823/3302/2543 1866/2163/2081 2394/2797/2544
f 1866/2163/2081 2395/2799/2080 2394/2797/2544
f 2396/2800/2269 2209/2585/2402 2397/2802/2267
f 2209/2585/2402 2210/2588/2403 2397/2802/2267
f 2397/2802/2267 2210/2588/2403 2398/2803/2266
f 2210/2588/2403 2399/2804/2541 2398/2803/2266
f 2398/2803/2266 2399/2804/2541 2112/2472/2265
f 2112/2472/2265 2399/2804/2541 2400/2805/2329
f 2399/2804/2541 2392/2794/2328 2400/2805/2329
f 2401/2806/2332 2115/2475/2337 2402/2807/2263
f 2402/2807/2263 2115/2475/2337 2403/2808/2261
f 2115/2475/2337 2406/2811/2537 2403/2808/2261
f 2406/2811/2537 2404/2809/2545 2403/2808/2261
f 2403/2808/2261 2404/2809/2545 2046/2388/2262
f 2046/2388/2262 2404/2809/2545 2048/2390/2268
f 2048/2390/2268 2404/2809/2545 2050/2393/2271
f 2050/2393/2271 2404/2809/2545 2405/2810/2274
f 2404/2809/2545 2406/2811/2537 2405/2810/2274
f 2405/2810/2274 2406/2811/2537 2053/2396/2276
f 2406/2811/2537 2388/2789/2538 2053/2396/2276
f 2053/2396/2276 2388/2789/2538 2054/2397/2278
f 2388/2789/2538 2407/2812/2539 2054/2397/2278
f 2054/2397/2278 2407/2812/2539 2056/2399/2279
f 2056/2399/2279 2407/2812/2539 2408/2813/2282
f 2408/2813/2282 2407/2812/2539 2058/2401/2284
f 2407/2812/2539 2389/2790/2540 2058/2401/2284
f 2058/2401/2284 2389/2790/2540 2409/2814/2287
f 2389/2790/2540 2120/2480/2344 2409/2814/2287
f 2409/2814/2287 2120/2480/2344 2410/2815/2289
f 2120/2480/2344 2121/2481/2345 2410/2815/2289
f 2410/2815/2289 2121/2481/2345 2411/2816/2291
f 2121/2481/2345 2412/2817/2347 2411/2816/2291
f 2411/2816/2291 2412/2817/2347 2413/2818/2293
f 2412/2817/2347 2123/2483/2349 2413/2818/2293
f 2413/2818/2293 2123/2483/2349 2417/2823/2272
f 2417/2823/2272 2123/2483/2349 2049/2392/2270
f 2049/2392/2270 2123/2483/2349 2396/2801/2269
f 2123/2483/2349 2414/2819/2350 2396/2801/2269
f 2414/2819/2350 2415/2820/2362 2396/2801/2269
f 2396/2801/2269 2415/2820/2362 2209/2586/2402
f 2434/2850/2280 2432/2848/2546 2055/2398/2277
f 2055/2398/2277 2432/2848/2546 2052/2395/2275
f 2432/2848/2546 2416/2821/2547 2052/2395/2275
f 2052/2395/2275 2416/2821/2547 2051/2394/2273
f 2051/2394/2273 2416/2821/2547 2417/2822/2272
f 2417/2822/2272 2416/2821/2547 2418/2824/2548
f 2418/2824/2548 2416/2821/2547 2442/2858/2549
f 2416/2821/2547 2419/2826/2550 2442/2858/2549
f 2442/2858/2549 2419/2826/2550 297/348/388
f 297/348/388 2419/2826/2550 2420/2828/389
f 2419/2826/2550 2433/2849/2551 2420/2828/389
f 2420/2828/389 2433/2849/2551 2421/2830/390
f 2421/2830/390 2433/2849/2551 2422/2832/393
f 2433/2849/2551 2423/2833/2552 2422/2832/393
f 2422/2832/393 2423/2833/2552 2424/2835/395
f 2423/2833/2552 2435/2851/2553 2424/2835/395
f 2435/2851/2553 2425/2836/2554 2424/2835/395
f 2424/2835/395 2425/2836/2554 2426/2839/400
f 2425/2836/2554 2427/2840/2555 2426/2839/400
f 2426/2839/400 2427/2840/2555 1892/2194/2111
f 2427/2840/2555 2438/2854/2556 1892/2194/2111
f 1892/2194/2111 2438/2854/2556 1893/2196/2113
f 1893/2196/2113 2438/2854/2556 2428/2842/2116
f 2438/2854/2556 2439/2855/2557 2428/2842/2116
f 2428/2842/2116 2439/2855/2557 2429/2844/2118
f 2439/2855/2557 2430/2845/2558 2429/2844/2118
f 2429/2844/2118 2430/2845/2558 2431/2847/2120
f 2430/2845/2558 2441/2857/2559 2431/2847/2120
f 2441/2857/2559 2442/2859/2549 2431/2847/2120
f 2431/2847/2120 2442/2859/2549 297/349/388
f 2416/2821/2547 2432/2848/2546 2419/2826/2550
f 2419/2826/2550 2432/2848/2546 2433/2849/2551
f 2432/2848/2546 2434/2850/2280 2433/2849/2551
f 2433/2849/2551 2434/2850/2280 2423/2833/2552
f 2434/2850/2280 2057/2400/2281 2423/2833/2552
f 2423/2833/2552 2057/2400/2281 2435/2851/2553
f 2435/2851/2553 2057/2400/2281 2425/2836/2554
f 2057/2400/2281 2436/2852/2283 2425/2836/2554
f 2425/2836/2554 2436/2852/2283 2427/2840/2555
f 2436/2852/2283 2437/2853/2285 2427/2840/2555
f 2427/2840/2555 2437/2853/2285 2438/2854/2556
f 2437/2853/2285 2059/2402/2286 2438/2854/2556
f 2438/2854/2556 2059/2402/2286 2439/2855/2557
f 2059/2402/2286 2060/2403/2288 2439/2855/2557
f 2439/2855/2557 2060/2403/2288 2430/2845/2558
f 2060/2403/2288 2440/2856/2290 2430/2845/2558
f 2430/2845/2558 2440/2856/2290 2441/2857/2559
f 2440/2856/2290 2061/2404/2292 2441/2857/2559
f 2441/2857/2559 2061/2404/2292 2442/2859/2549
f 2442/2859/2549 2061/2404/2292 2418/2825/2548
f 2061/2404/2292 2413/2818/2293 2418/2825/2548
f 2418/2825/2548 2413/2818/2293 2417/2823/2272
f 2640/3084/2560 2471/2891/2561 2443/2860/2562
f 2471/2891/2561 2444/2861/2563 2443/2860/2562
f 2443/2860/2562 2444/2861/2563 2648/3094/2564
f 2648/3094/2564 2444/2861/2563 2445/2862/2565
f 2444/2861/2563 2473/2893/2566 2445/2862/2565
f 2473/2893/2566 2446/2863/2567 2445/2862/2565
f 2445/2862/2565 2446/2863/2567 2328/2729/2490
f 2328/2729/2490 2446/2863/2567 2447/2865/2492
f 2447/2865/2492 2446/2863/2567 2448/2866/2568
f 2446/2863/2567 2638/3082/2569 2448/2866/2568
f 2448/2866/2568 2638/3082/2569 2487/2911/2570
f 2638/3082/2569 2633/3077/2571 2487/2911/2570
f 2487/2911/2570 2633/3077/2571 2449/2867/2572
f 2633/3077/2571 2634/3078/2573 2449/2867/2572
f 2449/2867/2572 2634/3078/2573 2489/2914/2574
f 2634/3078/2573 2450/2868/2575 2489/2914/2574
f 2489/2914/2574 2450/2868/2575 2490/2915/2576
f 2450/2868/2575 2539/2971/2577 2490/2915/2576
f 2490/2915/2576 2539/2971/2577 2451/2869/2578
f 2539/2971/2577 2452/2870/2579 2451/2869/2578
f 2451/2869/2578 2452/2870/2579 2455/2873/2580
f 2455/2873/2580 2452/2870/2579 2453/2871/2581
f 2452/2870/2579 2477/2899/2582 2453/2871/2581
f 2477/2899/2582 2665/3117/2583 2453/2871/2581
f 2665/3117/2583 2457/2875/2584 2453/2871/2581
f 2457/2875/2584 2454/2872/2585 2453/2871/2581
f 2453/2871/2581 2454/2872/2585 2455/2873/2580
f 2455/2873/2580 2454/2872/2585 2478/2900/2586
f 2478/2900/2586 2454/2872/2585 2456/2874/2587
f 2454/2872/2585 2457/2875/2584 2456/2874/2587
f 2457/2875/2584 2458/2876/2588 2456/2874/2587
f 2456/2874/2587 2458/2876/2588 2459/2877/2589
f 2458/2876/2588 2460/2878/2590 2459/2877/2589
f 2459/2877/2589 2460/2878/2590 2482/2904/2591
f 2660/3112/2592 2461/2880/2033 2639/3083/2593
f 2461/2880/2033 1825/2111/2002 2639/3083/2593
f 2639/3083/2593 1825/2111/2002 2462/2881/2594
f 1825/2111/2002 2545/2979/2004 2462/2881/2594
f 2545/2979/2004 2463/2882/2595 2462/2881/2594
f 2462/2881/2594 2463/2882/2595 2637/3081/2596
f 2479/2901/2597 2480/2902/2598 2464/2883/2599
f 2480/2902/2598 2465/2884/2600 2464/2883/2599
f 2464/2883/2599 2465/2884/2600 2466/2885/2601
f 2466/2885/2601 2465/2884/2600 2645/3089/2602
f 2465/2884/2600 2481/2903/2603 2645/3089/2602
f 2481/2903/2603 2483/2905/2604 2645/3089/2602
f 2645/3089/2602 2483/2905/2604 2467/2886/2605
f 2467/2886/2605 2483/2905/2604 2643/3087/2606
f 2483/2905/2604 2484/2906/2607 2643/3087/2606
f 2643/3087/2606 2484/2906/2607 2642/3086/2608
f 2484/2906/2607 2485/2907/2609 2642/3086/2608
f 2642/3086/2608 2485/2907/2609 2641/3085/2610
f 2641/3085/2610 2485/2907/2609 2661/3113/2611
f 2661/3113/2611 2485/2907/2609 2468/2887/2612
f 2485/2907/2609 2469/2888/2613 2468/2887/2612
f 2469/2888/2613 2650/3097/303 2468/2887/2612
f 2468/2887/2612 2650/3097/303 2657/3108/2614
f 2650/3097/303 2470/2890/300 2657/3108/2614
f 2657/3108/2614 2470/2890/300 2655/3106/299
f 2471/2891/2561 2472/2892/2615 2444/2861/2563
f 2444/2861/2563 2472/2892/2615 2473/2893/2566
f 2472/2892/2615 2638/3082/2569 2473/2893/2566
f 2473/2893/2566 2638/3082/2569 2446/2863/2567
f 2543/2976/2010 1814/2097/2011 2474/2894/2616
f 1814/2097/2011 2475/2897/2013 2474/2894/2616
f 2475/2897/2013 2476/2898/2617 2474/2894/2616
f 2474/2894/2616 2476/2898/2617 2540/2972/2618
f 2476/2898/2617 2477/2899/2582 2540/2972/2618
f 2477/2899/2582 2452/2870/2579 2540/2972/2618
f 2540/2972/2618 2452/2870/2579 2539/2971/2577
f 2451/2869/2578 2455/2873/2580 2492/2918/2619
f 2455/2873/2580 2478/2900/2586 2492/2918/2619
f 2492/2918/2619 2478/2900/2586 2479/2901/2597
f 2479/2901/2597 2478/2900/2586 2480/2902/2598
f 2478/2900/2586 2456/2874/2587 2480/2902/2598
f 2456/2874/2587 2459/2877/2589 2480/2902/2598
f 2480/2902/2598 2459/2877/2589 2465/2884/2600
f 2465/2884/2600 2459/2877/2589 2481/2903/2603
f 2459/2877/2589 2482/2904/2591 2481/2903/2603
f 2482/2904/2591 2651/3098/2620 2481/2903/2603
f 2481/2903/2603 2651/3098/2620 2483/2905/2604
f 2483/2905/2604 2651/3098/2620 2484/2906/2607
f 2651/3098/2620 2469/2888/2613 2484/2906/2607
f 2484/2906/2607 2469/2888/2613 2485/2907/2609
f 2447/2865/2492 2448/2866/2568 2486/2910/1297
f 2448/2866/2568 2487/2911/2570 2486/2910/1297
f 2486/2910/1297 2487/2911/2570 2488/2913/1298
f 2487/2911/2570 2449/2867/2572 2488/2913/1298
f 2488/2913/1298 2449/2867/2572 1039/1216/1299
f 2449/2867/2572 2489/2914/2574 1039/1216/1299
f 1039/1216/1299 2489/2914/2574 1041/1219/1300
f 2489/2914/2574 2490/2915/2576 1041/1219/1300
f 1041/1219/1300 2490/2915/2576 2491/2917/1301
f 2490/2915/2576 2451/2869/2578 2491/2917/1301
f 2451/2869/2578 2492/2918/2619 2491/2917/1301
f 2491/2917/1301 2492/2918/2619 2493/2920/1302
f 2492/2918/2619 2479/2901/2597 2493/2920/1302
f 2493/2920/1302 2479/2901/2597 1044/1223/1303
f 2479/2901/2597 2464/2883/2599 1044/1223/1303
f 1044/1223/1303 2464/2883/2599 1046/1226/1304
f 2464/2883/2599 2466/2885/2601 1046/1226/1304
f 1046/1226/1304 2466/2885/2601 842/979/1078
f 2466/2885/2601 2494/2921/2621 842/979/1078
f 842/979/1078 2494/2921/2621 2319/2717/1079
f 2494/2921/2621 2644/3088/2622 2319/2717/1079
f 2319/2717/1079 2644/3088/2622 2495/2923/2481
f 2644/3088/2622 2496/2924/2623 2495/2923/2481
f 2495/2923/2481 2496/2924/2623 2497/2926/2483
f 2497/2926/2483 2496/2924/2623 2323/2722/2484
f 2496/2924/2623 2498/2927/2624 2323/2722/2484
f 2323/2722/2484 2498/2927/2624 2325/2725/2485
f 2498/2927/2624 2649/3095/2625 2325/2725/2485
f 2512/2941/1894 2499/2928/2626 1644/1906/1895
f 1644/1906/1895 2499/2928/2626 2500/2929/1897
f 2499/2928/2626 2514/2943/2627 2500/2929/1897
f 2514/2943/2627 2505/2934/2628 2500/2929/1897
f 2500/2929/1897 2505/2934/2628 2501/2930/1898
f 2505/2934/2628 2502/2931/2629 2501/2930/1898
f 2501/2930/1898 2502/2931/2629 2681/3136/2630
f 2681/3136/2630 2502/2931/2629 1109/1298/786
f 1109/1298/786 2502/2931/2629 2503/2932/1372
f 2503/2932/1372 2502/2931/2629 1108/1297/1371
f 1108/1297/1371 2502/2931/2629 2504/2933/2631
f 2502/2931/2629 2505/2934/2628 2504/2933/2631
f 2504/2933/2631 2505/2934/2628 2506/2935/2632
f 2505/2934/2628 2514/2943/2627 2506/2935/2632
f 2506/2935/2632 2514/2943/2627 2507/2936/2633
f 2514/2943/2627 2508/2937/2634 2507/2936/2633
f 2507/2936/2633 2508/2937/2634 2509/2938/2635
f 2508/2937/2634 2510/2939/2636 2509/2938/2635
f 2509/2938/2635 2510/2939/2636 2511/2940/2637
f 2511/2940/2637 2510/2939/2636 1117/1306/1374
f 1117/1306/1374 2510/2939/2636 1119/1308/1375
f 1119/1308/1375 2510/2939/2636 1121/1310/1376
f 2510/2939/2636 2513/2942/2638 1121/1310/1376
f 1121/1310/1376 2513/2942/2638 2350/2751/2494
f 2350/2751/2494 2513/2942/2638 2512/2941/1894
f 2512/2941/1894 2513/2942/2638 2499/2928/2626
f 2513/2942/2638 2510/2939/2636 2499/2928/2626
f 2510/2939/2636 2508/2937/2634 2499/2928/2626
f 2499/2928/2626 2508/2937/2634 2514/2943/2627
f 2517/2946/2639 2612/3056/2640 2516/2945/2641
f 2612/3056/2640 2605/3049/2642 2516/2945/2641
f 2605/3049/2642 2521/2950/2643 2516/2945/2641
f 2521/2950/2643 2515/2944/2644 2516/2945/2641
f 2515/2944/2644 2532/2961/2645 2516/2945/2641
f 2516/2945/2641 2532/2961/2645 2517/2946/2639
f 2532/2961/2645 2590/3032/2646 2517/2946/2639
f 2590/3032/2646 2518/2947/2647 2517/2946/2639
f 2517/2946/2639 2518/2947/2647 2519/2948/2648
f 2527/2956/2649 2529/2958/2650 2520/2949/2651
f 2520/2949/2651 2529/2958/2650 2605/3049/2642
f 2605/3049/2642 2529/2958/2650 2521/2950/2643
f 2529/2958/2650 2522/2951/2652 2521/2950/2643
f 2523/2952/1335 2525/2954/2653 2524/2953/1333
f 2525/2954/2653 2580/3020/2654 2524/2953/1333
f 2524/2953/1333 2580/3020/2654 2526/2955/1331
f 2580/3020/2654 2579/3018/2655 2526/2955/1331
f 2579/3018/2655 890/1033/1138 2526/2955/1331
f 890/1033/1138 892/1037/1139 2526/2955/1331
f 2526/2955/1331 892/1037/1139 1069/1254/1332
f 892/1037/1139 1329/1562/1140 1069/1254/1332
f 1329/1562/1140 1081/1267/1354 1069/1254/1332
f 1081/1267/1354 1082/1268/1355 1069/1254/1332
f 1069/1254/1332 1082/1268/1355 1127/1316/1334
f 2606/3050/2656 2528/2957/2657 2527/2956/2649
f 2527/2956/2649 2528/2957/2657 2529/2958/2650
f 2528/2957/2657 2530/2959/2658 2529/2958/2650
f 2529/2958/2650 2530/2959/2658 2522/2951/2652
f 2530/2959/2658 2593/3035/2659 2522/2951/2652
f 2522/2951/2652 2593/3035/2659 2521/2950/2643
f 2521/2950/2643 2593/3035/2659 2515/2944/2644
f 2593/3035/2659 2592/3034/2660 2515/2944/2644
f 2592/3034/2660 2531/2960/2661 2515/2944/2644
f 2515/2944/2644 2531/2960/2661 2532/2961/2645
f 2533/2962/2662 2535/2965/2663 2534/2964/2664
f 2535/2965/2663 2536/2967/2665 2534/2964/2664
f 2534/2964/2664 2536/2967/2665 2537/2969/2666
f 2536/2967/2665 2726/3185/2667 2537/2969/2666
f 2537/2969/2666 2726/3185/2667 2602/3046/2668
f 2602/3046/2668 2726/3185/2667 2601/3045/2669
f 2726/3185/2667 2727/3187/2670 2601/3045/2669
f 2601/3045/2669 2727/3187/2670 2538/2970/2671
f 2727/3187/2670 2729/3190/2672 2538/2970/2671
f 2729/3190/2672 2731/3193/2673 2538/2970/2671
f 2538/2970/2671 2731/3193/2673 2560/2994/2674
f 2634/3078/2573 2635/3079/2675 2450/2868/2575
f 2635/3079/2675 2541/2973/2676 2450/2868/2575
f 2450/2868/2575 2541/2973/2676 2539/2971/2577
f 2539/2971/2577 2541/2973/2676 2540/2972/2618
f 2540/2972/2618 2541/2973/2676 2474/2894/2616
f 2541/2973/2676 2635/3079/2675 2474/2894/2616
f 2635/3079/2675 2542/2974/2677 2474/2894/2616
f 2474/2894/2616 2542/2974/2677 2543/2976/2010
f 2542/2974/2677 2544/2977/2678 2543/2976/2010
f 2543/2976/2010 2544/2977/2678 1812/2094/2007
f 1812/2094/2007 2544/2977/2678 1811/2092/2005
f 2544/2977/2678 2463/2882/2595 1811/2092/2005
f 1811/2092/2005 2463/2882/2595 2545/2979/2004
f 2617/3061/2679 2546/2980/2680 2616/3060/2681
f 2616/3060/2681 2546/2980/2680 2547/2981/2682
f 2546/2980/2680 2548/2982/2683 2547/2981/2682
f 2547/2981/2682 2548/2982/2683 2549/2983/2684
f 2548/2982/2683 2550/2984/2685 2549/2983/2684
f 2549/2983/2684 2550/2984/2685 2551/2985/2686
f 2550/2984/2685 2088/2444/2306 2551/2985/2686
f 2088/2444/2306 2533/2962/2662 2551/2985/2686
f 2551/2985/2686 2533/2962/2662 2613/3057/2687
f 2533/2962/2662 2534/2964/2664 2613/3057/2687
f 2613/3057/2687 2534/2964/2664 2552/2986/2688
f 2534/2964/2664 2537/2969/2666 2552/2986/2688
f 2552/2986/2688 2537/2969/2666 2553/2987/2689
f 2537/2969/2666 2602/3046/2668 2553/2987/2689
f 2553/2987/2689 2602/3046/2668 2554/2988/2690
f 2602/3046/2668 2555/2989/2691 2554/2988/2690
f 2554/2988/2690 2555/2989/2691 2556/2990/2692
f 2555/2989/2691 2557/2991/2693 2556/2990/2692
f 2556/2990/2692 2557/2991/2693 2558/2992/2694
f 2557/2991/2693 2611/3055/2695 2558/2992/2694
f 2601/3045/2669 2538/2970/2671 2559/2993/2696
f 2538/2970/2671 2560/2994/2674 2559/2993/2696
f 2559/2993/2696 2560/2994/2674 2561/2995/2697
f 2567/3003/2698 2562/2996/2699 1335/1570/1585
f 1335/1570/1585 2562/2996/2699 1336/1571/1586
f 1336/1571/1586 2562/2996/2699 1338/1574/1588
f 2562/2996/2699 2567/3003/2698 1338/1574/1588
f 1338/1574/1588 2567/3003/2698 2563/2997/2700
f 2563/2997/2700 2567/3003/2698 2564/2999/2701
f 2567/3003/2698 2566/3002/2702 2564/2999/2701
f 2564/2999/2701 2566/3002/2702 2801/3272/604
f 2566/3002/2702 2565/3001/2703 2801/3272/604
f 2801/3272/604 2565/3001/2703 2812/3286/602
f 2812/3286/602 2565/3001/2703 1130/1320/1382
f 1130/1320/1382 2565/3001/2703 1333/1568/1584
f 1333/1568/1584 2565/3001/2703 1335/1570/1585
f 2565/3001/2703 2566/3002/2702 1335/1570/1585
f 1335/1570/1585 2566/3002/2702 2567/3003/2698
f 2573/3009/2704 2568/3004/2705 2571/3007/2706
f 2568/3004/2705 2569/3005/2707 2571/3007/2706
f 2569/3005/2707 2570/3006/2708 2571/3007/2706
f 2570/3006/2708 2678/3132/2709 2571/3007/2706
f 2678/3132/2709 2676/3129/2710 2571/3007/2706
f 2676/3129/2710 2572/3008/2711 2571/3007/2706
f 2571/3007/2706 2572/3008/2711 2573/3009/2704
f 2572/3008/2711 2574/3010/2712 2573/3009/2704
f 2574/3010/2712 2903/3400/2713 2573/3009/2704
f 2903/3400/2713 2575/3012/2714 2573/3009/2704
f 2573/3009/2704 2575/3012/2714 2568/3004/2705
f 2575/3012/2714 2910/3409/2715 2568/3004/2705
f 2568/3004/2705 2910/3409/2715 2569/3005/2707
f 2910/3409/2715 2576/3014/2716 2569/3005/2707
f 2569/3005/2707 2576/3014/2716 2577/3016/2717
f 2576/3014/2716 2912/3412/2718 2577/3016/2717
f 2577/3016/2717 2912/3412/2718 2578/3017/2719
f 2912/3412/2718 2579/3018/2655 2578/3017/2719
f 2579/3018/2655 2580/3020/2654 2578/3017/2719
f 2580/3020/2654 2525/2954/2653 2578/3017/2719
f 2578/3017/2719 2525/2954/2653 2581/3021/2720
f 2581/3021/2720 2525/2954/2653 2582/3022/2721
f 2582/3022/2721 2525/2954/2653 2583/3023/2722
f 2525/2954/2653 2523/2952/1335 2583/3023/2722
f 2523/2952/1335 1067/1251/1325 2583/3023/2722
f 1067/1251/1325 2675/3128/1324 2583/3023/2722
f 2583/3023/2722 2675/3128/1324 2850/3333/2723
f 2850/3333/2723 2675/3128/1324 2584/3024/2724
f 2675/3128/1324 2670/3123/2725 2584/3024/2724
f 2584/3024/2724 2670/3123/2725 2855/3339/2726
f 2670/3123/2725 2671/3124/2727 2855/3339/2726
f 2855/3339/2726 2671/3124/2727 2857/3342/2728
f 2857/3342/2728 2671/3124/2727 2585/3026/2729
f 2585/3026/2729 2671/3124/2727 2589/3031/2730
f 2671/3124/2727 2586/3028/2731 2589/3031/2730
f 2589/3031/2730 2586/3028/2731 2588/3030/2732
f 2588/3030/2732 2586/3028/2731 2587/3029/2733
f 2586/3028/2731 2669/3122/2734 2587/3029/2733
f 2669/3122/2734 2861/3347/2735 2587/3029/2733
f 2861/3347/2735 2783/3252/2736 2587/3029/2733
f 2587/3029/2733 2783/3252/2736 2588/3030/2732
f 2783/3252/2736 2781/3249/2737 2588/3030/2732
f 2781/3249/2737 2585/3026/2729 2588/3030/2732
f 2588/3030/2732 2585/3026/2729 2589/3031/2730
f 2590/3032/2646 2532/2961/2645 2591/3033/2738
f 2591/3033/2738 2532/2961/2645 2629/3073/2739
f 2532/2961/2645 2531/2960/2661 2629/3073/2739
f 2629/3073/2739 2531/2960/2661 2628/3072/2740
f 2531/2960/2661 2592/3034/2660 2628/3072/2740
f 2628/3072/2740 2592/3034/2660 2626/3070/2741
f 2592/3034/2660 2593/3035/2659 2626/3070/2741
f 2626/3070/2741 2593/3035/2659 2624/3068/2742
f 2593/3035/2659 2530/2959/2658 2624/3068/2742
f 2624/3068/2742 2530/2959/2658 2594/3036/2743
f 2530/2959/2658 2528/2957/2657 2594/3036/2743
f 2594/3036/2743 2528/2957/2657 2595/3037/2744
f 2528/2957/2657 2606/3050/2656 2595/3037/2744
f 2595/3037/2744 2606/3050/2656 2596/3038/2745
f 2606/3050/2656 2607/3051/2746 2596/3038/2745
f 2596/3038/2745 2607/3051/2746 2622/3066/2747
f 2622/3066/2747 2607/3051/2746 2597/3039/2748
f 2607/3051/2746 2599/3043/2749 2597/3039/2748
f 2597/3039/2748 2599/3043/2749 2598/3041/2372
f 2598/3041/2372 2599/3043/2749 2731/3193/2673
f 2731/3193/2673 2599/3043/2749 2560/2994/2674
f 2599/3043/2749 2609/3053/2750 2560/2994/2674
f 2560/2994/2674 2609/3053/2750 2561/2995/2697
f 2609/3053/2750 2600/3044/2751 2561/2995/2697
f 2600/3044/2751 2611/3055/2695 2561/2995/2697
f 2611/3055/2695 2557/2991/2693 2561/2995/2697
f 2561/2995/2697 2557/2991/2693 2559/2993/2696
f 2557/2991/2693 2555/2989/2691 2559/2993/2696
f 2559/2993/2696 2555/2989/2691 2601/3045/2669
f 2555/2989/2691 2602/3046/2668 2601/3045/2669
f 2610/3054/2752 2604/3048/2753 2603/3047/2754
f 2603/3047/2754 2604/3048/2753 2612/3056/2640
f 2612/3056/2640 2604/3048/2753 2605/3049/2642
f 2605/3049/2642 2604/3048/2753 2520/2949/2651
f 2604/3048/2753 2610/3054/2752 2520/2949/2651
f 2520/2949/2651 2610/3054/2752 2527/2956/2649
f 2610/3054/2752 2608/3052/2755 2527/2956/2649
f 2527/2956/2649 2608/3052/2755 2606/3050/2656
f 2606/3050/2656 2608/3052/2755 2607/3051/2746
f 2607/3051/2746 2608/3052/2755 2599/3043/2749
f 2599/3043/2749 2608/3052/2755 2609/3053/2750
f 2608/3052/2755 2610/3054/2752 2609/3053/2750
f 2609/3053/2750 2610/3054/2752 2600/3044/2751
f 2610/3054/2752 2603/3047/2754 2600/3044/2751
f 2600/3044/2751 2603/3047/2754 2611/3055/2695
f 2603/3047/2754 2612/3056/2640 2611/3055/2695
f 2611/3055/2695 2612/3056/2640 2558/2992/2694
f 2612/3056/2640 2517/2946/2639 2558/2992/2694
f 2558/2992/2694 2517/2946/2639 2556/2990/2692
f 2517/2946/2639 2519/2948/2648 2556/2990/2692
f 2556/2990/2692 2519/2948/2648 2554/2988/2690
f 2519/2948/2648 2518/2947/2647 2554/2988/2690
f 2554/2988/2690 2518/2947/2647 2553/2987/2689
f 2518/2947/2647 2630/3074/2756 2553/2987/2689
f 2553/2987/2689 2630/3074/2756 2552/2986/2688
f 2630/3074/2756 2631/3075/2757 2552/2986/2688
f 2552/2986/2688 2631/3075/2757 2613/3057/2687
f 2631/3075/2757 2614/3058/2758 2613/3057/2687
f 2613/3057/2687 2614/3058/2758 2551/2985/2686
f 2614/3058/2758 2627/3071/2759 2551/2985/2686
f 2551/2985/2686 2627/3071/2759 2549/2983/2684
f 2627/3071/2759 2625/3069/2760 2549/2983/2684
f 2549/2983/2684 2625/3069/2760 2547/2981/2682
f 2625/3069/2760 2615/3059/2761 2547/2981/2682
f 2547/2981/2682 2615/3059/2761 2616/3060/2681
f 2615/3059/2761 2619/3063/2762 2616/3060/2681
f 2616/3060/2681 2619/3063/2762 2617/3061/2679
f 2617/3061/2679 2619/3063/2762 2618/3062/2763
f 2618/3062/2763 2619/3063/2762 2620/3064/2764
f 2619/3063/2762 2623/3067/2765 2620/3064/2764
f 2620/3064/2764 2623/3067/2765 2621/3065/2766
f 2622/3066/2747 2621/3065/2766 2596/3038/2745
f 2621/3065/2766 2623/3067/2765 2596/3038/2745
f 2596/3038/2745 2623/3067/2765 2595/3037/2744
f 2623/3067/2765 2619/3063/2762 2595/3037/2744
f 2595/3037/2744 2619/3063/2762 2594/3036/2743
f 2619/3063/2762 2615/3059/2761 2594/3036/2743
f 2594/3036/2743 2615/3059/2761 2624/3068/2742
f 2615/3059/2761 2625/3069/2760 2624/3068/2742
f 2624/3068/2742 2625/3069/2760 2626/3070/2741
f 2625/3069/2760 2627/3071/2759 2626/3070/2741
f 2626/3070/2741 2627/3071/2759 2628/3072/2740
f 2627/3071/2759 2614/3058/2758 2628/3072/2740
f 2614/3058/2758 2632/3076/2767 2628/3072/2740
f 2628/3072/2740 2632/3076/2767 2629/3073/2739
f 2632/3076/2767 2591/3033/2738 2629/3073/2739
f 2518/2947/2647 2590/3032/2646 2630/3074/2756
f 2590/3032/2646 2591/3033/2738 2630/3074/2756
f 2630/3074/2756 2591/3033/2738 2631/3075/2757
f 2591/3033/2738 2632/3076/2767 2631/3075/2757
f 2631/3075/2757 2632/3076/2767 2614/3058/2758
f 2633/3077/2571 2636/3080/2768 2634/3078/2573
f 2634/3078/2573 2636/3080/2768 2635/3079/2675
f 2635/3079/2675 2636/3080/2768 2542/2974/2677
f 2542/2974/2677 2636/3080/2768 2544/2977/2678
f 2544/2977/2678 2636/3080/2768 2463/2882/2595
f 2463/2882/2595 2636/3080/2768 2637/3081/2596
f 2636/3080/2768 2633/3077/2571 2637/3081/2596
f 2633/3077/2571 2638/3082/2569 2637/3081/2596
f 2638/3082/2569 2472/2892/2615 2637/3081/2596
f 2637/3081/2596 2472/2892/2615 2462/2881/2594
f 2472/2892/2615 2471/2891/2561 2462/2881/2594
f 2462/2881/2594 2471/2891/2561 2639/3083/2593
f 2471/2891/2561 2640/3084/2560 2639/3083/2593
f 2639/3083/2593 2640/3084/2560 2660/3112/2592
f 2660/3112/2592 2640/3084/2560 2661/3113/2611
f 2661/3113/2611 2640/3084/2560 2641/3085/2610
f 2640/3084/2560 2443/2860/2562 2641/3085/2610
f 2443/2860/2562 2649/3095/2625 2641/3085/2610
f 2641/3085/2610 2649/3095/2625 2642/3086/2608
f 2649/3095/2625 2498/2927/2624 2642/3086/2608
f 2642/3086/2608 2498/2927/2624 2643/3087/2606
f 2498/2927/2624 2496/2924/2623 2643/3087/2606
f 2643/3087/2606 2496/2924/2623 2467/2886/2605
f 2496/2924/2623 2644/3088/2622 2467/2886/2605
f 2467/2886/2605 2644/3088/2622 2645/3089/2602
f 2644/3088/2622 2494/2921/2621 2645/3089/2602
f 2645/3089/2602 2494/2921/2621 2466/2885/2601
f 2328/2729/2490 2646/3091/2488 2445/2862/2565
f 2646/3091/2488 2647/3093/2487 2445/2862/2565
f 2445/2862/2565 2647/3093/2487 2648/3094/2564
f 2647/3093/2487 2325/2725/2485 2648/3094/2564
f 2325/2725/2485 2649/3095/2625 2648/3094/2564
f 2648/3094/2564 2649/3095/2625 2443/2860/2562
f 2650/3097/303 2469/2888/2613 208/245/305
f 2469/2888/2613 2651/3098/2620 208/245/305
f 208/245/305 2651/3098/2620 209/247/307
f 2651/3098/2620 2482/2904/2591 209/247/307
f 209/247/307 2482/2904/2591 211/250/308
f 2482/2904/2591 2460/2878/2590 211/250/308
f 211/250/308 2460/2878/2590 2652/3100/310
f 2652/3100/310 2460/2878/2590 2653/3102/311
f 2460/2878/2590 2458/2876/2588 2653/3102/311
f 2458/2876/2588 2457/2875/2584 2653/3102/311
f 2653/3102/311 2457/2875/2584 2654/3104/312
f 2654/3104/312 2457/2875/2584 215/256/313
f 2457/2875/2584 2665/3117/2583 215/256/313
f 2665/3117/2583 2656/3107/2769 215/256/313
f 215/256/313 2656/3107/2769 2655/3106/299
f 2655/3106/299 2656/3107/2769 2657/3108/2614
f 2657/3108/2614 2656/3107/2769 2664/3116/2770
f 2656/3107/2769 2658/3109/2771 2664/3116/2770
f 2664/3116/2770 2658/3109/2771 2666/3118/2772
f 2667/3120/2036 2659/3111/2034 2668/3121/2773
f 2659/3111/2034 2461/2880/2033 2668/3121/2773
f 2461/2880/2033 2660/3112/2592 2668/3121/2773
f 2668/3121/2773 2660/3112/2592 2662/3114/2774
f 2660/3112/2592 2661/3113/2611 2662/3114/2774
f 2661/3113/2611 2468/2887/2612 2662/3114/2774
f 2468/2887/2612 2657/3108/2614 2662/3114/2774
f 2662/3114/2774 2657/3108/2614 2663/3115/2775
f 2657/3108/2614 2664/3116/2770 2663/3115/2775
f 2656/3107/2769 2665/3117/2583 2658/3109/2771
f 2665/3117/2583 2477/2899/2582 2658/3109/2771
f 2477/2899/2582 2476/2898/2617 2658/3109/2771
f 2658/3109/2771 2476/2898/2617 2666/3118/2772
f 2476/2898/2617 2475/2897/2013 2666/3118/2772
f 2475/2897/2013 2667/3120/2036 2666/3118/2772
f 2667/3120/2036 2668/3121/2773 2666/3118/2772
f 2666/3118/2772 2668/3121/2773 2664/3116/2770
f 2664/3116/2770 2668/3121/2773 2663/3115/2775
f 2668/3121/2773 2662/3114/2774 2663/3115/2775
f 2861/3347/2735 2669/3122/2734 2862/3349/2776
f 2862/3349/2776 2669/3122/2734 2672/3125/2777
f 2672/3125/2777 2669/3122/2734 2674/3127/2778
f 2669/3122/2734 2586/3028/2731 2674/3127/2778
f 2674/3127/2778 2586/3028/2731 2670/3123/2725
f 2586/3028/2731 2671/3124/2727 2670/3123/2725
f 2862/3349/2776 2672/3125/2777 2863/3351/1330
f 2863/3351/1330 2672/3125/2777 2673/3126/1327
f 2672/3125/2777 2674/3127/2778 2673/3126/1327
f 2673/3126/1327 2674/3127/2778 1066/1250/1326
f 1066/1250/1326 2674/3127/2778 2675/3128/1324
f 2674/3127/2778 2670/3123/2725 2675/3128/1324
f 2572/3008/2711 2676/3129/2710 2574/3010/2712
f 2574/3010/2712 2676/3129/2710 2905/3403/2779
f 2905/3403/2779 2676/3129/2710 2677/3130/2780
f 2676/3129/2710 2678/3132/2709 2677/3130/2780
f 2677/3130/2780 2678/3132/2709 2679/3133/2781
f 578/664/785 2680/3135/784 1109/1298/786
f 1109/1298/786 2680/3135/784 2681/3136/2630
f 2680/3135/784 2501/2930/1898 2681/3136/2630
f 2583/3023/2722 2850/3333/2723 2582/3022/2721
f 2850/3333/2723 2679/3133/2781 2582/3022/2721
f 2679/3133/2781 2678/3132/2709 2582/3022/2721
f 2678/3132/2709 2570/3006/2708 2582/3022/2721
f 2582/3022/2721 2570/3006/2708 2581/3021/2720
f 2581/3021/2720 2570/3006/2708 2578/3017/2719
f 2578/3017/2719 2570/3006/2708 2577/3016/2717
f 2570/3006/2708 2569/3005/2707 2577/3016/2717
f 2914/3415/2782 2683/3138/2783 2682/3137/2784
f 2683/3138/2783 2716/3171/2785 2682/3137/2784
f 2682/3137/2784 2716/3171/2785 2684/3139/2786
f 2716/3171/2785 2893/3390/2787 2684/3139/2786
f 2684/3139/2786 2893/3390/2787 2752/3218/2788
f 2893/3390/2787 2685/3140/2789 2752/3218/2788
f 2752/3218/2788 2685/3140/2789 2751/3217/2790
f 2685/3140/2789 2686/3141/2791 2751/3217/2790
f 2751/3217/2790 2686/3141/2791 2748/3214/2792
f 2686/3141/2791 2895/3392/2793 2748/3214/2792
f 2748/3214/2792 2895/3392/2793 2687/3142/2794
f 2895/3392/2793 2899/3396/2795 2687/3142/2794
f 2700/3155/2796 2689/3144/2797 2688/3143/2798
f 2689/3144/2797 2698/3153/2799 2688/3143/2798
f 2688/3143/2798 2698/3153/2799 2690/3145/2800
f 2698/3153/2799 2697/3152/2801 2690/3145/2800
f 2690/3145/2800 2697/3152/2801 2691/3146/2802
f 2697/3152/2801 2693/3148/2803 2691/3146/2802
f 2691/3146/2802 2693/3148/2803 2692/3147/2804
f 2692/3147/2804 2693/3148/2803 2694/3149/2805
f 2693/3148/2803 2695/3150/2806 2694/3149/2805
f 2694/3149/2805 2695/3150/2806 2756/3222/2807
f 2756/3222/2807 2695/3150/2806 2755/3221/2808
f 2755/3221/2808 2695/3150/2806 833/966/1071
f 833/966/1071 2695/3150/2806 834/967/1067
f 834/967/1067 2695/3150/2806 2696/3151/1058
f 2695/3150/2806 2693/3148/2803 2696/3151/1058
f 2693/3148/2803 2697/3152/2801 2696/3151/1058
f 2696/3151/1058 2697/3152/2801 824/957/1059
f 824/957/1059 2697/3152/2801 826/959/1062
f 2697/3152/2801 2698/3153/2799 826/959/1062
f 826/959/1062 2698/3153/2799 2701/3156/1063
f 2698/3153/2799 2689/3144/2797 2701/3156/1063
f 2701/3156/1063 2689/3144/2797 2699/3154/2809
f 2689/3144/2797 2700/3155/2796 2699/3154/2809
f 2700/3155/2796 2764/3230/2810 2699/3154/2809
f 2764/3230/2810 2765/3231/2811 2699/3154/2809
f 2765/3231/2811 2704/3159/2812 2699/3154/2809
f 2704/3159/2812 2702/3157/2813 2699/3154/2809
f 2699/3154/2809 2702/3157/2813 2701/3156/1063
f 2701/3156/1063 2702/3157/2813 2703/3158/818
f 2703/3158/818 2702/3157/2813 2713/3168/819
f 2702/3157/2813 2704/3159/2812 2713/3168/819
f 2713/3168/819 2704/3159/2812 2712/3167/2814
f 2704/3159/2812 2708/3163/2815 2712/3167/2814
f 2754/3220/466 2705/3160/464 2758/3224/2816
f 2758/3224/2816 2705/3160/464 2760/3226/2817
f 2760/3226/2817 2705/3160/464 2706/3161/2818
f 2705/3160/464 2707/3162/463 2706/3161/2818
f 2706/3161/2818 2707/3162/463 2769/3235/2819
f 2769/3235/2819 2707/3162/463 2768/3234/2820
f 2707/3162/463 2709/3164/462 2768/3234/2820
f 2768/3234/2820 2709/3164/462 2708/3163/2815
f 2708/3163/2815 2709/3164/462 2710/3165/2821
f 2709/3164/462 364/419/459 2710/3165/2821
f 364/419/459 362/417/454 2710/3165/2821
f 362/417/454 2711/3166/427 2710/3165/2821
f 2711/3166/427 335/390/426 2710/3165/2821
f 2710/3165/2821 335/390/426 2708/3163/2815
f 2708/3163/2815 335/390/426 2712/3167/2814
f 335/390/426 281/328/375 2712/3167/2814
f 281/328/375 282/329/377 2712/3167/2814
f 2712/3167/2814 282/329/377 2713/3168/819
f 2724/3183/2822 2719/3174/2823 2714/3169/2824
f 2719/3174/2823 2717/3172/2825 2714/3169/2824
f 2714/3169/2824 2717/3172/2825 2725/3184/2826
f 2703/3158/818 2715/3170/817 2913/3414/1064
f 2715/3170/817 2962/3469/2827 2913/3414/1064
f 2913/3414/1064 2962/3469/2827 2683/3138/2783
f 2683/3138/2783 2962/3469/2827 2716/3171/2785
f 2962/3469/2827 2892/3389/2828 2716/3171/2785
f 2717/3172/2825 2719/3174/2823 2718/3173/2829
f 2719/3174/2823 2721/3178/2321 2718/3173/2829
f 2718/3173/2829 2721/3178/2321 2720/3176/2323
f 2721/3178/2321 2719/3174/2823 2722/3180/2320
f 2722/3180/2320 2719/3174/2823 2723/3182/2308
f 2719/3174/2823 2724/3183/2822 2723/3182/2308
f 2723/3182/2308 2724/3183/2822 2088/2445/2306
f 2088/2445/2306 2724/3183/2822 2533/2963/2662
f 2533/2963/2662 2724/3183/2822 2535/2966/2663
f 2724/3183/2822 2714/3169/2824 2535/2966/2663
f 2535/2966/2663 2714/3169/2824 2536/2968/2665
f 2714/3169/2824 2725/3184/2826 2536/2968/2665
f 2536/2968/2665 2725/3184/2826 2726/3186/2667
f 2725/3184/2826 2735/3199/2830 2726/3186/2667
f 2735/3199/2830 2733/3197/2831 2726/3186/2667
f 2726/3186/2667 2733/3197/2831 2727/3188/2670
f 2733/3197/2831 2728/3189/2832 2727/3188/2670
f 2727/3188/2670 2728/3189/2832 2729/3191/2672
f 2728/3189/2832 2730/3192/2833 2729/3191/2672
f 2729/3191/2672 2730/3192/2833 2731/3194/2673
f 2731/3194/2673 2730/3192/2833 2598/3042/2372
f 2598/3042/2372 2730/3192/2833 2732/3196/2363
f 2732/3196/2363 2730/3192/2833 2843/3325/2834
f 2730/3192/2833 2728/3189/2832 2843/3325/2834
f 2843/3325/2834 2728/3189/2832 2835/3317/2835
f 2728/3189/2832 2733/3197/2831 2835/3317/2835
f 2835/3317/2835 2733/3197/2831 2734/3198/2836
f 2733/3197/2831 2735/3199/2830 2734/3198/2836
f 2734/3198/2836 2735/3199/2830 2837/3319/2837
f 2735/3199/2830 2842/3324/2838 2837/3319/2837
f 2837/3319/2837 2842/3324/2838 2736/3200/2839
f 2842/3324/2838 2841/3323/2840 2736/3200/2839
f 2736/3200/2839 2841/3323/2840 2839/3321/2841
f 2841/3323/2840 2840/3322/2842 2839/3321/2841
f 2839/3321/2841 2840/3322/2842 2737/3201/2843
f 2738/3202/2844 2875/3366/2845 2739/3203/2846
f 2875/3366/2845 2745/3211/2847 2739/3203/2846
f 2739/3203/2846 2745/3211/2847 2838/3320/2848
f 2745/3211/2847 2746/3212/2849 2838/3320/2848
f 2838/3320/2848 2746/3212/2849 2836/3318/2850
f 2746/3212/2849 2740/3204/2851 2836/3318/2850
f 2836/3318/2850 2740/3204/2851 2741/3205/2852
f 2982/3494/1263 2742/3207/932 2972/3479/2853
f 2972/3479/2853 2742/3207/932 2971/3478/2854
f 2742/3207/932 2743/3209/931 2971/3478/2854
f 2743/3209/931 860/997/1089 2971/3478/2854
f 2971/3478/2854 860/997/1089 2973/3480/2855
f 860/997/1089 862/999/1091 2973/3480/2855
f 862/999/1091 863/1000/179 2973/3480/2855
f 2973/3480/2855 863/1000/179 2744/3210/2856
f 863/1000/179 698/795/181 2744/3210/2856
f 698/795/181 699/797/926 2744/3210/2856
f 2744/3210/2856 699/797/926 2974/3481/2857
f 699/797/926 2976/3484/1282 2974/3481/2857
f 2745/3211/2847 2878/3370/2858 2746/3212/2849
f 2878/3370/2858 2846/3329/2859 2746/3212/2849
f 2746/3212/2849 2846/3329/2859 2740/3204/2851
f 2846/3329/2859 2747/3213/2860 2740/3204/2851
f 2740/3204/2851 2747/3213/2860 2741/3205/2852
f 2747/3213/2860 2834/3316/2861 2741/3205/2852
f 2687/3142/2794 2749/3215/2862 2748/3214/2792
f 2749/3215/2862 2750/3216/2863 2748/3214/2792
f 2748/3214/2792 2750/3216/2863 2751/3217/2790
f 2750/3216/2863 2948/3454/2864 2751/3217/2790
f 2751/3217/2790 2948/3454/2864 2752/3218/2788
f 2948/3454/2864 2947/3453/2865 2752/3218/2788
f 2752/3218/2788 2947/3453/2865 2684/3139/2786
f 2947/3453/2865 2945/3451/2866 2684/3139/2786
f 2684/3139/2786 2945/3451/2866 2682/3137/2784
f 2945/3451/2866 2944/3450/2867 2682/3137/2784
f 2682/3137/2784 2944/3450/2867 2914/3415/2782
f 2944/3450/2867 2943/3449/2868 2914/3415/2782
f 2914/3415/2782 2943/3449/2868 830/963/1069
f 2943/3449/2868 2753/3219/2869 830/963/1069
f 830/963/1069 2753/3219/2869 832/965/1070
f 2753/3219/2869 365/420/467 832/965/1070
f 832/965/1070 365/420/467 833/966/1071
f 365/420/467 2754/3220/466 833/966/1071
f 2754/3220/466 2758/3224/2816 833/966/1071
f 833/966/1071 2758/3224/2816 2755/3221/2808
f 2755/3221/2808 2758/3224/2816 2756/3222/2807
f 2756/3222/2807 2758/3224/2816 2757/3223/2870
f 2757/3223/2870 2758/3224/2816 2759/3225/2871
f 2758/3224/2816 2760/3226/2817 2759/3225/2871
f 2759/3225/2871 2760/3226/2817 2761/3227/2872
f 2760/3226/2817 2706/3161/2818 2761/3227/2872
f 2761/3227/2872 2706/3161/2818 2762/3228/2873
f 2706/3161/2818 2769/3235/2819 2762/3228/2873
f 2762/3228/2873 2769/3235/2819 2763/3229/2874
f 2769/3235/2819 2766/3232/2875 2763/3229/2874
f 2763/3229/2874 2766/3232/2875 2764/3230/2810
f 2764/3230/2810 2766/3232/2875 2765/3231/2811
f 2765/3231/2811 2766/3232/2875 2704/3159/2812
f 2766/3232/2875 2767/3233/2876 2704/3159/2812
f 2704/3159/2812 2767/3233/2876 2708/3163/2815
f 2708/3163/2815 2767/3233/2876 2768/3234/2820
f 2767/3233/2876 2766/3232/2875 2768/3234/2820
f 2768/3234/2820 2766/3232/2875 2769/3235/2819
f 2770/3236/2877 2872/3362/2878 2773/3239/2879
f 2773/3239/2879 2872/3362/2878 2772/3238/2880
f 2872/3362/2878 2820/3299/2881 2772/3238/2880
f 2820/3299/2881 2818/3296/2882 2772/3238/2880
f 2818/3296/2882 2771/3237/2883 2772/3238/2880
f 2771/3237/2883 2816/3293/2884 2772/3238/2880
f 2772/3238/2880 2816/3293/2884 2773/3239/2879
f 2816/3293/2884 2774/3241/193 2773/3239/2879
f 2773/3239/2879 2774/3241/193 2770/3236/2877
f 2774/3241/193 2775/3243/194 2770/3236/2877
f 2770/3236/2877 2775/3243/194 2867/3356/2885
f 2775/3243/194 119/134/196 2867/3356/2885
f 2776/3244/2886 2911/3411/2887 2777/3245/2888
f 2911/3411/2887 2832/3314/2889 2777/3245/2888
f 2832/3314/2889 2831/3313/2890 2777/3245/2888
f 2831/3313/2890 2830/3312/2891 2777/3245/2888
f 2830/3312/2891 600/686/821 2777/3245/2888
f 2777/3245/2888 600/686/821 2776/3244/2886
f 600/686/821 889/1032/820 2776/3244/2886
f 2776/3244/2886 889/1032/820 2912/3413/2718
f 2912/3413/2718 889/1032/820 2579/3019/2655
f 889/1032/820 890/1034/1138 2579/3019/2655
f 2848/3331/2892 2858/3344/2893 2778/3246/2894
f 2778/3246/2894 2858/3344/2893 2859/3345/2895
f 2858/3344/2893 2779/3247/2896 2859/3345/2895
f 2859/3345/2895 2779/3247/2896 2780/3248/2897
f 2779/3247/2896 2857/3343/2728 2780/3248/2897
f 2857/3343/2728 2585/3027/2729 2780/3248/2897
f 2585/3027/2729 2781/3250/2737 2780/3248/2897
f 2780/3248/2897 2781/3250/2737 2782/3251/2898
f 2782/3251/2898 2781/3250/2737 2860/3346/2899
f 2781/3250/2737 2783/3253/2736 2860/3346/2899
f 2860/3346/2899 2783/3253/2736 2861/3348/2735
f 2826/3306/2900 2822/3301/2901 2828/3309/2902
f 2828/3309/2902 2822/3301/2901 2784/3254/2903
f 2822/3301/2901 2821/3300/2904 2784/3254/2903
f 2784/3254/2903 2821/3300/2904 1994/2321/2093
f 1994/2321/2093 2821/3300/2904 1871/2169/2092
f 1871/2169/2092 2821/3300/2904 2786/3256/2905
f 2821/3300/2904 2785/3255/2906 2786/3256/2905
f 2785/3255/2906 2787/3257/2907 2786/3256/2905
f 2786/3256/2905 2787/3257/2907 2788/3258/2908
f 2788/3258/2908 2787/3257/2907 2789/3259/2909
f 2787/3257/2907 2785/3255/2906 2789/3259/2909
f 2785/3255/2906 2394/2797/2544 2789/3259/2909
f 2394/2797/2544 2395/2799/2080 2789/3259/2909
f 2395/2799/2080 1879/2178/2097 2789/3259/2909
f 1879/2178/2097 2311/2708/2478 2789/3259/2909
f 2789/3259/2909 2311/2708/2478 2788/3258/2908
f 2311/2708/2478 143/163/236 2788/3258/2908
f 143/163/236 142/162/235 2788/3258/2908
f 2788/3258/2908 142/162/235 2790/3260/2910
f 142/162/235 141/161/234 2790/3260/2910
f 2790/3260/2910 141/161/234 2791/3261/2911
f 141/161/234 140/160/233 2791/3261/2911
f 140/160/233 861/998/1090 2791/3261/2911
f 861/998/1090 2792/3262/2468 2791/3261/2911
f 2792/3262/2468 2793/3263/2474 2791/3261/2911
f 2793/3263/2474 2794/3264/2475 2791/3261/2911
f 2791/3261/2911 2794/3264/2475 2790/3260/2910
f 2790/3260/2910 2794/3264/2475 2814/3290/2091
f 2814/3290/2091 2794/3264/2475 1911/2219/2135
f 2794/3264/2475 2306/2702/2476 1911/2219/2135
f 1911/2219/2135 2306/2702/2476 1910/2217/2134
f 2306/2702/2476 2307/2703/2477 1910/2217/2134
f 1910/2217/2134 2307/2703/2477 1998/2327/2133
f 1998/2327/2133 2307/2703/2477 2795/3266/2226
f 2795/3266/2226 2307/2703/2477 2796/3267/2469
f 2307/2703/2477 2308/2704/2472 2796/3267/2469
f 2796/3267/2469 2308/2704/2472 2301/2696/2470
f 2308/2704/2472 2303/2699/2471 2301/2696/2470
f 2800/3271/2912 2803/3275/2913 2799/3270/2914
f 2803/3275/2913 2797/3268/2915 2799/3270/2914
f 2799/3270/2914 2797/3268/2915 2798/3269/2916
f 2797/3268/2915 1337/1573/1587 2798/3269/2916
f 1337/1573/1587 1338/1575/1588 2798/3269/2916
f 1338/1575/1588 2563/2998/2700 2798/3269/2916
f 2798/3269/2916 2563/2998/2700 2799/3270/2914
f 2799/3270/2914 2563/2998/2700 2800/3271/2912
f 2563/2998/2700 2564/3000/2701 2800/3271/2912
f 2564/3000/2701 2801/3273/604 2800/3271/2912
f 2801/3273/604 2802/3274/605 2800/3271/2912
f 2800/3271/2912 2802/3274/605 2803/3275/2913
f 2802/3274/605 2804/3276/606 2803/3275/2913
f 2803/3275/2913 2804/3276/606 2797/3268/2915
f 2804/3276/606 2805/3277/2917 2797/3268/2915
f 2797/3268/2915 2805/3277/2917 1337/1573/1587
f 1337/1573/1587 2805/3277/2917 2806/3279/1386
f 2805/3277/2917 2807/3280/2918 2806/3279/1386
f 2806/3279/1386 2807/3280/2918 1137/1328/1384
f 1137/1328/1384 2807/3280/2918 1068/1253/1329
f 1068/1253/1329 2807/3280/2918 2808/3281/827
f 2808/3281/827 2807/3280/2918 2809/3282/831
f 2807/3280/2918 2813/3288/2919 2809/3282/831
f 2813/3288/2919 2810/3283/2920 2809/3282/831
f 2809/3282/831 2810/3283/2920 606/692/832
f 606/692/832 2810/3283/2920 2811/3285/1167
f 2811/3285/1167 2810/3283/2920 1129/1319/1383
f 1129/1319/1383 2810/3283/2920 2812/3287/602
f 2812/3287/602 2810/3283/2920 462/519/603
f 2810/3283/2920 2813/3288/2919 462/519/603
f 462/519/603 2813/3288/2919 2804/3276/606
f 2804/3276/606 2813/3288/2919 2805/3277/2917
f 2813/3288/2919 2807/3280/2918 2805/3277/2917
f 2814/3290/2091 1871/2169/2092 2790/3260/2910
f 1871/2169/2092 2786/3256/2905 2790/3260/2910
f 2790/3260/2910 2786/3256/2905 2788/3258/2908
f 2774/3241/193 2816/3293/2884 2815/3292/192
f 2816/3293/2884 2771/3237/2883 2815/3292/192
f 2815/3292/192 2771/3237/2883 117/131/191
f 2771/3237/2883 2818/3296/2882 117/131/191
f 117/131/191 2818/3296/2882 2817/3295/190
f 2817/3295/190 2818/3296/2882 2819/3298/219
f 2818/3296/2882 2820/3299/2881 2819/3298/219
f 2819/3298/219 2820/3299/2881 2870/3360/220
f 2870/3360/220 2820/3299/2881 2871/3361/2921
f 2820/3299/2881 2872/3362/2878 2871/3361/2921
f 2821/3300/2904 2822/3301/2901 2785/3255/2906
f 2785/3255/2906 2822/3301/2901 2394/2797/2544
f 2394/2797/2544 2822/3301/2901 2823/3302/2543
f 2823/3302/2543 2822/3301/2901 2824/3303/2542
f 2822/3301/2901 2826/3306/2900 2824/3303/2542
f 2824/3303/2542 2826/3306/2900 2825/3305/2223
f 2825/3305/2223 2826/3306/2900 1992/2318/2222
f 2826/3306/2900 2828/3309/2902 1992/2318/2222
f 1992/2318/2222 2828/3309/2902 2827/3308/2221
f 2827/3308/2221 2828/3309/2902 2829/3311/2219
f 2828/3309/2902 2784/3254/2903 2829/3311/2219
f 2829/3311/2219 2784/3254/2903 1994/2321/2093
f 2850/3334/2723 2830/3312/2891 2679/3134/2781
f 2679/3134/2781 2830/3312/2891 2677/3131/2780
f 2830/3312/2891 2831/3313/2890 2677/3131/2780
f 2677/3131/2780 2831/3313/2890 2905/3404/2779
f 2905/3404/2779 2831/3313/2890 2906/3405/2922
f 2831/3313/2890 2832/3314/2889 2906/3405/2922
f 2906/3405/2922 2832/3314/2889 2908/3407/2923
f 2908/3407/2923 2832/3314/2889 2909/3408/2924
f 2832/3314/2889 2911/3411/2887 2909/3408/2924
f 125/143/208 126/144/209 670/763/893
f 126/144/209 2261/2648/2450 670/763/893
f 2261/2648/2450 2833/3315/2452 670/763/893
f 670/763/893 2833/3315/2452 668/760/891
f 2843/3325/2834 2835/3317/2835 2834/3316/2861
f 2834/3316/2861 2835/3317/2835 2741/3205/2852
f 2835/3317/2835 2734/3198/2836 2741/3205/2852
f 2741/3205/2852 2734/3198/2836 2836/3318/2850
f 2734/3198/2836 2837/3319/2837 2836/3318/2850
f 2836/3318/2850 2837/3319/2837 2838/3320/2848
f 2837/3319/2837 2736/3200/2839 2838/3320/2848
f 2838/3320/2848 2736/3200/2839 2739/3203/2846
f 2736/3200/2839 2839/3321/2841 2739/3203/2846
f 2739/3203/2846 2839/3321/2841 2738/3202/2844
f 2839/3321/2841 2737/3201/2843 2738/3202/2844
f 2738/3202/2844 2737/3201/2843 2874/3365/2325
f 2874/3365/2325 2737/3201/2843 2720/3176/2323
f 2737/3201/2843 2840/3322/2842 2720/3176/2323
f 2720/3176/2323 2840/3322/2842 2718/3173/2829
f 2840/3322/2842 2841/3323/2840 2718/3173/2829
f 2718/3173/2829 2841/3323/2840 2717/3172/2825
f 2841/3323/2840 2842/3324/2838 2717/3172/2825
f 2717/3172/2825 2842/3324/2838 2725/3184/2826
f 2842/3324/2838 2735/3199/2830 2725/3184/2826
f 2732/3196/2363 2843/3325/2834 2131/2493/2364
f 2131/2493/2364 2843/3325/2834 2844/3327/2365
f 2843/3325/2834 2834/3316/2861 2844/3327/2365
f 2844/3327/2365 2834/3316/2861 2132/2495/2366
f 2834/3316/2861 2747/3213/2860 2132/2495/2366
f 2132/2495/2366 2747/3213/2860 2845/3328/2925
f 2747/3213/2860 2846/3329/2859 2845/3328/2925
f 2847/3330/2926 2864/3353/2927 2848/3331/2892
f 2848/3331/2892 2864/3353/2927 2858/3344/2893
f 2858/3344/2893 2864/3353/2927 2856/3341/2928
f 2864/3353/2927 2849/3332/2929 2856/3341/2928
f 2856/3341/2928 2849/3332/2929 2855/3340/2726
f 2855/3340/2726 2849/3332/2929 2584/3025/2724
f 2584/3025/2724 2849/3332/2929 2850/3334/2723
f 2849/3332/2929 601/687/823 2850/3334/2723
f 2850/3334/2723 601/687/823 2830/3312/2891
f 601/687/823 600/686/821 2830/3312/2891
f 365/420/467 2753/3219/2869 366/421/470
f 2753/3219/2869 2915/3416/2930 366/421/470
f 366/421/470 2915/3416/2930 2853/3337/2931
f 2915/3416/2930 2851/3335/2932 2853/3337/2931
f 2851/3335/2932 2852/3336/11 2853/3337/2931
f 2852/3336/11 5/5/12 2853/3337/2931
f 5/5/12 2854/3338/13 2853/3337/2931
f 2853/3337/2931 2854/3338/13 366/421/470
f 2855/3340/2726 2857/3343/2728 2856/3341/2928
f 2857/3343/2728 2779/3247/2896 2856/3341/2928
f 2856/3341/2928 2779/3247/2896 2858/3344/2893
f 2780/3248/2897 2782/3251/2898 2859/3345/2895
f 2782/3251/2898 2860/3346/2899 2859/3345/2895
f 2859/3345/2895 2860/3346/2899 2778/3246/2894
f 2860/3346/2899 2861/3348/2735 2778/3246/2894
f 2778/3246/2894 2861/3348/2735 2848/3331/2892
f 2861/3348/2735 2862/3350/2776 2848/3331/2892
f 2848/3331/2892 2862/3350/2776 2847/3330/2926
f 2862/3350/2776 2863/3352/1330 2847/3330/2926
f 2863/3352/1330 1068/1253/1329 2847/3330/2926
f 1068/1253/1329 2808/3281/827 2847/3330/2926
f 2808/3281/827 2865/3354/826 2847/3330/2926
f 2847/3330/2926 2865/3354/826 2864/3353/2927
f 2864/3353/2927 2865/3354/826 2849/3332/2929
f 2865/3354/826 601/687/823 2849/3332/2929
f 124/141/205 2866/3355/923 120/136/198
f 120/136/198 2866/3355/923 119/134/196
f 119/134/196 2866/3355/923 2867/3356/2885
f 2866/3355/923 2868/3357/922 2867/3356/2885
f 2867/3356/2885 2868/3357/922 2873/3363/2933
f 2873/3363/2933 2868/3357/922 2869/3358/2934
f 2868/3357/922 697/793/921 2869/3358/2934
f 697/793/921 110/123/180 2869/3358/2934
f 110/123/180 132/152/218 2869/3358/2934
f 132/152/218 2870/3360/220 2869/3358/2934
f 2870/3360/220 2871/3361/2921 2869/3358/2934
f 2869/3358/2934 2871/3361/2921 2873/3363/2933
f 2871/3361/2921 2872/3362/2878 2873/3363/2933
f 2872/3362/2878 2770/3236/2877 2873/3363/2933
f 2873/3363/2933 2770/3236/2877 2867/3356/2885
f 2874/3365/2325 2205/2581/2326 2738/3202/2844
f 2738/3202/2844 2205/2581/2326 2875/3366/2845
f 2205/2581/2326 2876/3368/2401 2875/3366/2845
f 2876/3368/2401 2204/2579/2400 2875/3366/2845
f 2204/2579/2400 2877/3369/2935 2875/3366/2845
f 2875/3366/2845 2877/3369/2935 2745/3211/2847
f 2745/3211/2847 2877/3369/2935 2878/3370/2858
f 2877/3369/2935 2204/2579/2400 2878/3370/2858
f 2204/2579/2400 2879/3372/2399 2878/3370/2858
f 2879/3372/2399 2880/3374/2398 2878/3370/2858
f 2878/3370/2858 2880/3374/2398 2846/3329/2859
f 2846/3329/2859 2880/3374/2398 2845/3328/2925
f 2880/3374/2398 2881/3376/2397 2845/3328/2925
f 2845/3328/2925 2881/3376/2397 2132/2495/2366
f 2940/3446/2936 2882/3377/2937 2941/3447/2938
f 2941/3447/2938 2882/3377/2937 2954/3461/2939
f 2882/3377/2937 2883/3378/2940 2954/3461/2939
f 2954/3461/2939 2883/3378/2940 2885/3381/2941
f 2883/3378/2940 2884/3380/2026 2885/3381/2941
f 2884/3380/2026 2886/3383/2106 2885/3381/2941
f 2886/3383/2106 2887/3384/2942 2885/3381/2941
f 2885/3381/2941 2887/3384/2942 2954/3461/2939
f 2887/3384/2942 2934/3436/2943 2954/3461/2939
f 2954/3461/2939 2934/3436/2943 2888/3385/2944
f 2934/3436/2943 2889/3386/2945 2888/3385/2944
f 2889/3386/2945 2890/3387/2946 2888/3385/2944
f 2888/3385/2944 2890/3387/2946 2955/3462/2947
f 2890/3387/2946 2891/3388/2948 2955/3462/2947
f 2955/3462/2947 2891/3388/2948 2956/3463/2949
f 2956/3463/2949 2891/3388/2948 2958/3465/2950
f 2958/3465/2950 2891/3388/2948 2892/3389/2828
f 2892/3389/2828 2891/3388/2948 2716/3171/2785
f 2891/3388/2948 2890/3387/2946 2716/3171/2785
f 2716/3171/2785 2890/3387/2946 2893/3390/2787
f 2890/3387/2946 2889/3386/2945 2893/3390/2787
f 2893/3390/2787 2889/3386/2945 2685/3140/2789
f 2889/3386/2945 2970/3477/2951 2685/3140/2789
f 2685/3140/2789 2970/3477/2951 2686/3141/2791
f 2970/3477/2951 2894/3391/2952 2686/3141/2791
f 2686/3141/2791 2894/3391/2952 2895/3392/2793
f 2894/3391/2952 2896/3393/2953 2895/3392/2793
f 2895/3392/2793 2896/3393/2953 2899/3396/2795
f 2896/3393/2953 2897/3394/1095 2899/3396/2795
f 2897/3394/1095 2898/3395/1096 2899/3396/2795
f 2898/3395/1096 2900/3397/1097 2899/3396/2795
f 2899/3396/2795 2900/3397/1097 2687/3142/2794
f 2687/3142/2794 2900/3397/1097 2749/3215/2862
f 2900/3397/1097 867/1004/1098 2749/3215/2862
f 2749/3215/2862 867/1004/1098 2929/3431/2954
f 867/1004/1098 2901/3398/1099 2929/3431/2954
f 2929/3431/2954 2901/3398/1099 2921/3423/2955
f 2901/3398/1099 2922/3424/1100 2921/3423/2955
f 2910/3410/2715 2575/3013/2714 2902/3399/2956
f 2902/3399/2956 2575/3013/2714 2907/3406/2957
f 2575/3013/2714 2903/3401/2713 2907/3406/2957
f 2907/3406/2957 2903/3401/2713 2904/3402/2958
f 2903/3401/2713 2574/3011/2712 2904/3402/2958
f 2574/3011/2712 2905/3404/2779 2904/3402/2958
f 2905/3404/2779 2906/3405/2922 2904/3402/2958
f 2906/3405/2922 2908/3407/2923 2904/3402/2958
f 2904/3402/2958 2908/3407/2923 2907/3406/2957
f 2907/3406/2957 2908/3407/2923 2902/3399/2956
f 2908/3407/2923 2909/3408/2924 2902/3399/2956
f 2902/3399/2956 2909/3408/2924 2910/3410/2715
f 2909/3408/2924 2911/3411/2887 2910/3410/2715
f 2910/3410/2715 2911/3411/2887 2576/3015/2716
f 2911/3411/2887 2776/3244/2886 2576/3015/2716
f 2576/3015/2716 2776/3244/2886 2912/3413/2718
f 2913/3414/1064 2683/3138/2783 827/960/1065
f 2683/3138/2783 2914/3415/2782 827/960/1065
f 827/960/1065 2914/3415/2782 830/963/1069
f 2946/3452/2959 2916/3417/2960 2915/3416/2930
f 2915/3416/2930 2916/3417/2960 2851/3335/2932
f 2916/3417/2960 2925/3427/2961 2851/3335/2932
f 2851/3335/2932 2925/3427/2961 2852/3336/11
f 2925/3427/2961 2917/3418/2962 2852/3336/11
f 2852/3336/11 2917/3418/2962 3/3/10
f 3/3/10 2917/3418/2962 1280/1504/1568
f 1280/1504/1568 2917/3418/2962 1279/1502/1566
f 2917/3418/2962 2925/3427/2961 1279/1502/1566
f 1279/1502/1566 2925/3427/2961 1262/1481/1546
f 2925/3427/2961 2926/3428/2963 1262/1481/1546
f 1262/1481/1546 2926/3428/2963 1273/1493/1544
f 2926/3428/2963 2918/3419/2964 1273/1493/1544
f 1273/1493/1544 2918/3419/2964 1274/1496/1052
f 1274/1496/1052 2918/3419/2964 819/950/1051
f 2918/3419/2964 2927/3429/2965 819/950/1051
f 819/950/1051 2927/3429/2965 818/948/1050
f 2927/3429/2965 2928/3430/2966 818/948/1050
f 818/948/1050 2928/3430/2966 2919/3421/1569
f 2928/3430/2966 2920/3422/2967 2919/3421/1569
f 2919/3421/1569 2920/3422/2967 1280/1504/1568
f 1280/1504/1568 2920/3422/2967 3/3/10
f 2920/3422/2967 2921/3423/2955 3/3/10
f 3/3/10 2921/3423/2955 2/2/9
f 2921/3423/2955 2922/3424/1100 2/2/9
f 2/2/9 2922/3424/1100 2227/2610/2414
f 2922/3424/1100 868/1005/1021 2227/2610/2414
f 868/1005/1021 2923/3425/1018 2227/2610/2414
f 2227/2610/2414 2923/3425/1018 2924/3426/2415
f 2923/3425/1018 2233/2616/1019 2924/3426/2415
f 2925/3427/2961 2916/3417/2960 2926/3428/2963
f 2926/3428/2963 2916/3417/2960 2918/3419/2964
f 2916/3417/2960 2948/3454/2864 2918/3419/2964
f 2918/3419/2964 2948/3454/2864 2927/3429/2965
f 2948/3454/2864 2750/3216/2863 2927/3429/2965
f 2927/3429/2965 2750/3216/2863 2928/3430/2966
f 2750/3216/2863 2749/3215/2862 2928/3430/2966
f 2749/3215/2862 2929/3431/2954 2928/3430/2966
f 2928/3430/2966 2929/3431/2954 2920/3422/2967
f 2929/3431/2954 2921/3423/2955 2920/3422/2967
f 2930/3432/2500 2966/3473/2968 2938/3444/2499
f 2938/3444/2499 2966/3473/2968 2931/3433/2969
f 2966/3473/2968 2968/3475/2970 2931/3433/2969
f 2931/3433/2969 2968/3475/2970 2932/3434/2971
f 2968/3475/2970 2969/3476/2972 2932/3434/2971
f 2969/3476/2972 2933/3435/2973 2932/3434/2971
f 2932/3434/2971 2933/3435/2973 2936/3440/2974
f 2933/3435/2973 2934/3436/2943 2936/3440/2974
f 2934/3436/2943 2887/3384/2942 2936/3440/2974
f 2936/3440/2974 2887/3384/2942 1157/1353/1402
f 1157/1353/1402 2887/3384/2942 2935/3439/1405
f 2887/3384/2942 2886/3383/2106 2935/3439/1405
f 1157/1353/1402 2937/3443/1401 2936/3440/2974
f 2936/3440/2974 2937/3443/1401 2932/3434/2971
f 2937/3443/1401 1932/2244/2149 2932/3434/2971
f 2932/3434/2971 1932/2244/2149 2931/3433/2969
f 1932/2244/2149 1933/2246/2156 2931/3433/2969
f 2931/3433/2969 1933/2246/2156 2938/3444/2499
f 1933/2246/2156 2949/3455/2975 2938/3444/2499
f 2938/3444/2499 2949/3455/2975 2337/2738/2498
f 2949/3455/2975 2883/3378/2940 2337/2738/2498
f 2883/3378/2940 2882/3377/2937 2337/2738/2498
f 2882/3377/2937 2940/3446/2936 2337/2738/2498
f 2337/2738/2498 2940/3446/2936 2939/3445/2497
f 2939/3445/2497 2940/3446/2936 2336/2737/2496
f 2336/2737/2496 2940/3446/2936 2942/3448/2495
f 2940/3446/2936 2941/3447/2938 2942/3448/2495
f 2941/3447/2938 2952/3459/2976 2942/3448/2495
f 2942/3448/2495 2952/3459/2976 2350/2751/2494
f 2952/3459/2976 1122/1311/1380 2350/2751/2494
f 2350/2751/2494 1122/1311/1380 1121/1310/1376
f 2753/3219/2869 2943/3449/2868 2915/3416/2930
f 2915/3416/2930 2943/3449/2868 2946/3452/2959
f 2943/3449/2868 2944/3450/2867 2946/3452/2959
f 2944/3450/2867 2945/3451/2866 2946/3452/2959
f 2945/3451/2866 2947/3453/2865 2946/3452/2959
f 2946/3452/2959 2947/3453/2865 2916/3417/2960
f 2947/3453/2865 2948/3454/2864 2916/3417/2960
f 1933/2246/2156 2950/3457/2024 2949/3455/2975
f 2949/3455/2975 2950/3457/2024 2883/3378/2940
f 2950/3457/2024 2884/3380/2026 2883/3378/2940
f 1122/1311/1380 2952/3459/2976 2951/3458/1381
f 2951/3458/1381 2952/3459/2976 2957/3464/2977
f 2952/3459/2976 2941/3447/2938 2957/3464/2977
f 2957/3464/2977 2941/3447/2938 2953/3460/2978
f 2941/3447/2938 2954/3461/2939 2953/3460/2978
f 2954/3461/2939 2888/3385/2944 2953/3460/2978
f 2888/3385/2944 2955/3462/2947 2953/3460/2978
f 2955/3462/2947 2956/3463/2949 2953/3460/2978
f 2953/3460/2978 2956/3463/2949 2957/3464/2977
f 2956/3463/2949 2958/3465/2950 2957/3464/2977
f 2957/3464/2977 2958/3465/2950 2951/3458/1381
f 2951/3458/1381 2958/3465/2950 2959/3466/809
f 2958/3465/2950 2892/3389/2828 2959/3466/809
f 2959/3466/809 2892/3389/2828 2960/3467/810
f 2892/3389/2828 2962/3469/2827 2960/3467/810
f 2960/3467/810 2962/3469/2827 2961/3468/811
f 2961/3468/811 2962/3469/2827 2963/3470/812
f 2962/3469/2827 2715/3170/817 2963/3470/812
f 2217/2600/2406 2964/3471/2405 2220/2603/65
f 2220/2603/65 2964/3471/2405 46/46/66
f 2964/3471/2405 2216/2599/34 46/46/66
f 2216/2599/34 2965/3472/1092 46/46/66
f 46/46/66 2965/3472/1092 2930/3432/2500
f 2930/3432/2500 2965/3472/1092 2966/3473/2968
f 2965/3472/1092 2967/3474/1093 2966/3473/2968
f 2966/3473/2968 2967/3474/1093 2968/3475/2970
f 2967/3474/1093 865/1002/1094 2968/3475/2970
f 2968/3475/2970 865/1002/1094 2969/3476/2972
f 865/1002/1094 2897/3394/1095 2969/3476/2972
f 2897/3394/1095 2896/3393/2953 2969/3476/2972
f 2896/3393/2953 2894/3391/2952 2969/3476/2972
f 2969/3476/2972 2894/3391/2952 2933/3435/2973
f 2894/3391/2952 2970/3477/2951 2933/3435/2973
f 2933/3435/2973 2970/3477/2951 2934/3436/2943
f 2970/3477/2951 2889/3386/2945 2934/3436/2943
f 2971/3478/2854 2973/3480/2855 2972/3479/2853
f 2972/3479/2853 2973/3480/2855 2983/3495/2979
f 2973/3480/2855 2744/3210/2856 2983/3495/2979
f 2744/3210/2856 2974/3481/2857 2983/3495/2979
f 2983/3495/2979 2974/3481/2857 2975/3482/2980
f 2974/3481/2857 2976/3484/1282 2975/3482/2980
f 2976/3484/1282 2977/3486/1283 2975/3482/2980
f 2975/3482/2980 2977/3486/1283 2979/3489/2981
f 2977/3486/1283 2978/3488/1284 2979/3489/2981
f 2978/3488/1284 2980/3491/1285 2979/3489/2981
f 2979/3489/2981 2980/3491/1285 2981/3492/2982
f 2980/3491/1285 2982/3494/1263 2981/3492/2982
f 2982/3494/1263 2972/3479/2853 2981/3492/2982
f 2972/3479/2853 2983/3495/2979 2981/3492/2982
f 2981/3492/2982 2983/3495/2979 2979/3489/2981
f 2983/3495/2979 2975/3482/2980 2979/3489/2981
o Mesh_0357.rip_noesis_meshnode_0000
v -0.037838 2.006060 0.046968
v -0.035764 2.009650 0.046968
v -0.033095 2.013590 0.048594
v -0.035976 2.016470 0.048594
v -0.039912 2.017530 0.048594
v -0.039912 2.013800 0.046968
v -0.043849 2.016470 0.048594
v -0.043506 2.011730 0.046968
v -0.046730 2.013590 0.048594
v -0.046730 2.005720 0.048594
v -0.036319 2.007590 0.046968
v -0.039913 2.005510 0.046968
v -0.039951 2.009650 0.046732
v -0.041987 2.006060 0.046968
v -0.043506 2.007590 0.046968
v -0.044062 2.009650 0.046968
v -0.041987 2.013260 0.046968
v -0.037838 2.013250 0.046968
v -0.036319 2.011730 0.046968
v 0.033095 2.013590 0.048594
v 0.032040 2.009650 0.048594
v 0.036319 2.007590 0.046968
v 0.033095 2.005720 0.048594
v 0.037838 2.006060 0.046968
v 0.043849 2.002840 0.048594
v 0.041987 2.006060 0.046968
v 0.043506 2.007590 0.046968
v 0.039913 2.005510 0.046968
v 0.035764 2.009650 0.046968
v 0.036319 2.011730 0.046968
v 0.037838 2.013250 0.046968
v 0.035976 2.016470 0.048594
v 0.039912 2.017530 0.048594
v 0.046730 2.013590 0.048594
v 0.033116 1.997880 -0.001175
v 0.028141 1.989270 0.008775
v 0.019524 1.997880 0.008775
v 0.026320 1.986110 0.022367
v 0.026783 1.986920 0.029404
v 0.039912 1.990430 0.041590
v 0.039912 1.996060 0.045911
v 0.028141 2.002860 0.045911
v 0.033116 1.997880 0.045911
v 0.035976 2.002840 0.048594
v 0.039912 2.001790 0.048594
v 0.046709 1.997880 0.045911
v 0.051684 2.002860 0.045911
v 0.053505 2.009650 0.045911
v 0.051684 2.016460 0.045911
v 0.043849 2.016470 0.048594
v 0.039912 2.023250 0.045911
v 0.046709 2.021430 -0.001175
v 0.039912 2.023250 -0.001175
v 0.039912 2.009850 -0.004817
v 0.028141 1.989270 0.035960
v 0.030301 1.993010 0.041590
v 0.019524 1.997880 0.035960
v 0.023265 2.000040 0.041590
v 0.026320 2.009650 0.045911
v 0.030301 2.026310 0.041590
v 0.039912 2.028880 0.041590
v 0.028141 2.030050 0.035960
v 0.039912 2.035910 0.029404
v 0.053042 2.032400 0.029404
v 0.053042 1.986920 0.029404
v 0.039912 1.983400 0.029404
v 0.028141 2.002860 -0.001175
v 0.039724 2.009650 -0.004817
v 0.026320 2.009650 -0.001175
v 0.028141 2.016460 -0.001175
v 0.019524 2.021430 0.008775
v 0.028141 2.030050 0.008775
v 0.026320 2.033200 0.022367
v 0.026783 2.032400 0.029404
v 0.039912 1.986110 0.035960
v 0.062653 1.996530 0.029404
v 0.060301 1.997880 0.035960
v 0.051684 1.989270 0.035960
v 0.056560 2.000040 0.041590
v 0.049524 1.993010 0.041590
v 0.039912 1.982470 0.022367
v 0.053505 1.986110 0.022367
v 0.039912 1.986110 0.008775
v 0.051684 1.989270 0.008775
v 0.060301 1.997880 0.008775
v 0.051684 2.002860 -0.001175
v 0.063456 2.009650 0.008775
v 0.063456 1.996060 0.022367
v 0.043506 2.011730 0.046968
v 0.039951 2.009650 0.046732
v 0.044062 2.009650 0.046968
v 0.046730 2.005720 0.048594
v 0.047785 2.009650 0.048594
v 0.041987 2.013260 0.046968
v 0.039912 2.013800 0.046968
v 0.012728 2.009650 0.022367
v 0.013654 2.009650 0.029404
v 0.017172 2.022790 0.029404
v 0.063456 2.023250 0.022367
v 0.060301 2.021430 0.008775
v 0.053505 2.009650 -0.001175
v 0.039912 2.033200 0.035960
v 0.051684 2.030050 0.035960
v 0.060301 2.021430 0.035960
v 0.016370 1.996060 0.022367
v 0.016370 2.009650 0.008775
v 0.016370 2.023250 0.022367
v 0.033116 2.021430 0.045911
v 0.046709 2.021430 0.045911
v 0.049524 2.026310 0.041590
v 0.056560 2.019270 0.041590
v 0.063456 2.009650 0.035960
v 0.059135 2.009650 0.041590
v 0.066171 2.009650 0.029404
v 0.067098 2.009650 0.022367
v 0.062653 2.022790 0.029404
v 0.039912 1.996060 -0.001175
v 0.046709 1.997880 -0.001175
v 0.039912 2.009470 -0.004817
v 0.017172 1.996530 0.029404
v 0.020690 2.009650 0.041590
v 0.023265 2.019270 0.041590
v 0.016370 2.009650 0.035960
v 0.019524 2.021430 0.035960
v 0.028141 2.016460 0.045911
v -0.033116 2.021430 -0.001175
v -0.039912 2.023250 -0.001175
v -0.039912 2.033200 0.008775
v -0.051684 2.016460 -0.001175
v -0.053505 2.009650 -0.001175
v -0.039912 1.986110 0.008775
v -0.039912 1.982470 0.022367
v -0.026783 2.032400 0.029404
v -0.017172 2.022790 0.029404
v -0.028141 2.030050 0.035960
v -0.019524 2.021430 0.035960
v -0.020690 2.009650 0.041590
v -0.016370 2.009650 0.035960
v -0.019524 1.997880 0.035960
v -0.017172 1.996530 0.029404
v -0.016370 1.996060 0.022367
v -0.012728 2.009650 0.022367
v -0.019524 1.997880 0.008775
v -0.016370 2.023250 0.022367
v -0.028141 2.016460 0.045911
v -0.032040 2.009650 0.048594
v -0.026320 2.009650 0.045911
v -0.023265 2.000040 0.041590
v -0.030301 1.993010 0.041590
v -0.028141 1.989270 0.035960
v -0.039912 1.986110 0.035960
v -0.053505 1.986110 0.022367
v -0.063456 1.996060 0.022367
v -0.067098 2.009650 0.022367
v -0.063456 2.009650 0.008775
v -0.060301 2.021430 0.008775
v -0.051684 2.030050 0.008775
v -0.028141 2.016460 -0.001175
v -0.026320 2.009650 -0.001175
v -0.016370 2.009650 0.008775
v -0.028141 1.989270 0.008775
v -0.026783 1.986920 0.029404
v -0.039818 2.009490 -0.004817
v -0.033116 1.997880 -0.001175
v -0.039912 1.996060 -0.001175
v -0.046709 1.997880 -0.001175
v -0.040007 2.009490 -0.004817
v -0.051684 2.002860 -0.001175
v -0.040101 2.009650 -0.004817
v -0.040007 2.009820 -0.004817
v -0.046709 2.021430 -0.001175
v -0.060301 1.997880 0.008775
v -0.051684 1.989270 0.008775
v -0.039749 2.009750 -0.004817
v -0.039724 2.009650 -0.004817
v -0.028141 2.002860 -0.001175
v -0.026320 1.986110 0.022367
v -0.039912 1.983400 0.029404
v -0.033116 2.021430 0.045911
v -0.046709 2.021430 0.045911
v -0.049524 2.026310 0.041590
v 0.039749 2.009750 -0.004817
v 0.039912 2.036840 0.022367
v 0.033116 2.021430 -0.001175
v 0.039912 2.033200 0.008775
v 0.051684 2.030050 0.008775
v 0.053505 2.033200 0.022367
v 0.051684 2.016460 -0.001175
v 0.040076 2.009750 -0.004817
v 0.040076 2.009560 -0.004817
v -0.030301 2.026310 0.041590
v -0.023265 2.019270 0.041590
v -0.053042 2.032400 0.029404
v -0.039912 2.023250 0.045911
v -0.039912 2.028880 0.041590
v -0.039912 2.033200 0.035960
v -0.051684 2.002860 0.045911
v -0.046709 1.997880 0.045911
v -0.056560 2.000040 0.041590
v -0.062653 1.996530 0.029404
v -0.051684 1.989270 0.035960
v -0.053042 1.986920 0.029404
v -0.049524 1.993010 0.041590
v -0.039912 1.990430 0.041590
v -0.053505 2.009650 0.045911
v -0.063456 2.009650 0.035960
v -0.056560 2.019270 0.041590
v -0.051684 2.030050 0.035960
v -0.028141 2.002860 0.045911
v -0.033095 2.005720 0.048594
v -0.035976 2.002840 0.048594
v -0.033116 1.997880 0.045911
v -0.039912 1.996060 0.045911
v -0.039912 2.001790 0.048594
v -0.043849 2.002840 0.048594
v -0.047785 2.009650 0.048594
v -0.051684 2.016460 0.045911
v -0.059135 2.009650 0.041590
v -0.060301 2.021430 0.035960
v -0.060301 1.997880 0.035960
v -0.066171 2.009650 0.029404
v -0.062653 2.022790 0.029404
v -0.063456 2.023250 0.022367
v -0.053505 2.033200 0.022367
v -0.039912 2.035910 0.029404
v -0.039912 2.036840 0.022367
v -0.026320 2.033200 0.022367
v -0.028141 2.030050 0.008775
v -0.019524 2.021430 0.008775
v -0.013654 2.009650 0.029404
vn -0.1298 0.2249 0.9657
vn -0.2245 0.1291 0.9659
vn 0.0005 0.0001 1.0000
vn -0.2593 0.0002 0.9658
vn -0.2248 -0.1296 0.9657
vn 0.0707 0.0408 0.9967
vn 0.0408 0.0703 0.9967
vn -0.1296 -0.2252 0.9657
vn -0.0004 -0.2594 0.9658
vn -0.0000 0.0822 0.9966
vn -0.0408 0.0702 0.9967
vn 0.1298 -0.2262 0.9654
vn 0.2252 -0.1297 0.9657
vn -0.0707 0.0407 0.9967
vn -0.0818 -0.0000 0.9966
vn 0.2599 0.0004 0.9656
vn 0.2249 0.1293 0.9658
vn -0.0708 -0.0409 0.9967
vn 0.0818 -0.0001 0.9967
vn 0.0707 -0.0409 0.9967
vn 0.0408 -0.0705 0.9967
vn -0.0000 -0.0808 0.9967
vn -0.0000 0.2595 0.9657
vn 0.1299 0.2251 0.9656
vn -0.0408 -0.0705 0.9967
vn -0.0406 0.0704 0.9967
vn 0.2247 -0.1296 0.9658
vn 0.2593 0.0004 0.9658
vn 0.2246 0.1294 0.9658
vn -0.0709 -0.0408 0.9966
vn -0.0407 -0.0708 0.9967
vn 0.1301 0.2251 0.9656
vn -0.0000 0.2597 0.9657
vn -0.0000 -0.0810 0.9967
vn 0.0408 -0.0706 0.9967
vn -0.1298 0.2253 0.9656
vn -0.2247 0.1293 0.9658
vn -0.0005 0.0001 1.0000
vn 0.1297 -0.2248 0.9657
vn 0.0001 0.0819 0.9966
vn 0.0007 -0.2587 0.9660
vn -0.1298 -0.2254 0.9656
vn 0.0404 0.0701 0.9967
vn 0.0705 0.0407 0.9967
vn -0.2662 -0.4607 -0.8467
vn -0.4381 -0.7585 -0.4824
vn -0.4607 -0.2661 -0.8468
vn -0.7585 -0.4382 -0.4824
vn -0.8642 -0.4991 -0.0632
vn -0.4990 -0.8643 -0.0631
vn -0.8377 -0.4836 0.2536
vn -0.4837 -0.8376 0.2540
vn -0.0000 -0.9673 0.2537
vn -0.4357 -0.7546 0.4907
vn -0.0000 -0.8714 0.4905
vn -0.0000 -0.7177 0.6964
vn 0.4356 -0.7546 0.4907
vn 0.3589 -0.6215 0.6963
vn -0.0000 -0.5325 0.8465
vn -0.3589 -0.6215 0.6963
vn -0.2664 -0.4613 0.8463
vn -0.4612 -0.2663 0.8464
vn 0.2664 -0.4613 0.8463
vn 0.4612 -0.2663 0.8464
vn 0.0817 -0.0001 0.9967
vn 0.5326 -0.0002 0.8464
vn 0.7176 -0.0001 0.6965
vn 0.6216 0.3587 0.6964
vn 0.4612 0.2663 0.8464
vn 0.2660 0.4611 0.8465
vn -0.0000 0.5325 0.8464
vn 0.2659 0.4607 -0.8468
vn 0.0109 0.2383 -0.9711
vn -0.0000 0.5322 -0.8466
vn -0.2659 0.4609 -0.8467
vn -0.2040 0.1456 -0.9681
vn -0.7545 -0.4359 0.4906
vn -0.6214 -0.3590 0.6965
vn -0.5326 -0.0002 0.8464
vn -0.4612 0.2663 0.8464
vn -0.2660 0.4611 0.8465
vn -0.3587 0.6216 0.6964
vn -0.0000 0.7176 0.6964
vn -0.4355 0.7546 0.4907
vn -0.0000 0.8714 0.4906
vn -0.0000 0.9673 0.2536
vn 0.4355 0.7547 0.4907
vn 0.4835 0.8378 0.2534
vn 0.7545 0.4355 0.4909
vn 0.8377 0.4837 0.2536
vn 0.8712 -0.0001 0.4909
vn 0.9673 -0.0002 0.2536
vn 0.8377 -0.4836 0.2537
vn 0.8642 -0.4991 -0.0632
vn 0.4837 -0.8376 0.2539
vn 0.4990 -0.8643 -0.0631
vn -0.0000 -0.9980 -0.0631
vn -0.0000 -0.8760 -0.4824
vn -0.0000 -0.5322 -0.8466
vn -0.0210 -0.2296 -0.9731
vn -0.2307 -0.0674 -0.9707
vn -0.5321 -0.0002 -0.8467
vn -0.8760 -0.0001 -0.4823
vn -0.4609 0.2661 -0.8466
vn -0.7587 0.4379 -0.4823
vn -0.4379 0.7587 -0.4823
vn -0.4990 0.8643 -0.0634
vn -0.0000 0.9980 -0.0632
vn -0.4835 0.8378 0.2534
vn 0.7545 -0.4359 0.4907
vn 0.6213 -0.3589 0.6965
vn 0.4381 -0.7585 -0.4824
vn 0.7585 -0.4382 -0.4824
vn 0.4606 -0.2661 -0.8468
vn 0.8760 -0.0001 -0.4824
vn 0.9980 -0.0001 -0.0634
vn 0.8643 0.4989 -0.0635
vn -0.2251 -0.1293 0.9657
vn -0.2598 0.0002 0.9657
vn -0.9980 -0.0001 -0.0634
vn -0.9673 -0.0002 0.2536
vn -0.8712 -0.0001 0.4909
vn -0.8377 0.4836 0.2535
vn -0.7546 0.4355 0.4909
vn 0.4989 0.8643 -0.0634
vn 0.7587 0.4379 -0.4823
vn 0.5321 -0.0002 -0.8467
vn 0.3587 0.6216 0.6964
vn -0.8643 0.4989 -0.0635
vn 0.2662 -0.4607 -0.8467
vn -0.7176 -0.0001 0.6964
vn -0.6217 0.3587 0.6963
vn 0.1711 0.1676 -0.9709
vn -0.0841 0.2070 -0.9747
vn 0.2657 0.4608 -0.8468
vn 0.0001 0.5320 -0.8468
vn -0.0000 0.8760 -0.4823
vn -0.4609 0.2660 -0.8466
vn -0.8760 -0.0001 -0.4824
vn -0.4609 -0.2661 -0.8466
vn 0.0001 -0.9673 0.2536
vn 0.4835 0.8379 0.2533
vn 0.4356 0.7546 0.4908
vn 0.8378 0.4836 0.2535
vn 0.7546 0.4354 0.4910
vn 0.7176 -0.0001 0.6964
vn 0.7545 -0.4358 0.4907
vn 0.8377 -0.4836 0.2536
vn 0.9673 -0.0001 0.2536
vn 0.8760 -0.0001 -0.4823
vn -0.0000 0.9674 0.2534
vn 0.4612 0.2664 0.8464
vn 0.5326 -0.0001 0.8464
vn 0.4612 -0.2661 0.8465
vn 0.6214 -0.3589 0.6964
vn 0.2663 -0.4612 0.8464
vn 0.3589 -0.6216 0.6963
vn -0.0000 -0.7177 0.6963
vn 0.0001 -0.8714 0.4906
vn -0.4837 -0.8376 0.2539
vn -0.8377 -0.4836 0.2537
vn -0.4989 0.8644 -0.0634
vn -0.0000 0.9980 -0.0630
vn 0.4379 0.7587 -0.4823
vn 0.4609 0.2661 -0.8466
vn 0.5320 -0.0003 -0.8468
vn 0.4608 -0.2659 -0.8468
vn 0.1226 -0.2231 -0.9671
vn 0.2661 -0.4609 -0.8466
vn -0.1095 -0.2159 -0.9702
vn 0.0001 -0.5321 -0.8467
vn -0.2662 -0.4610 -0.8465
vn -0.2376 -0.0031 -0.9714
vn 0.2615 -0.0514 -0.9638
vn 0.2662 0.4612 0.8465
vn -0.0000 0.5326 0.8464
vn -0.2662 0.4612 0.8465
vn -0.0000 0.7176 0.6965
vn -0.3587 0.6215 0.6965
vn -0.4356 0.7546 0.4907
vn -0.4835 0.8379 0.2534
vn -0.8377 0.4836 0.2536
vn 0.4607 0.2661 -0.8467
vn 0.2102 0.1351 -0.9683
vn 0.2055 -0.1433 -0.9681
vn 0.3587 0.6215 0.6965
vn -0.4612 -0.2661 0.8464
vn -0.6214 -0.3589 0.6964
vn -0.2663 -0.4612 0.8464
vn -0.3589 -0.6216 0.6963
vn -0.4357 -0.7545 0.4907
vn -0.7545 -0.4360 0.4907
vn -0.0000 -0.5324 0.8465
vn -0.7176 -0.0001 0.6965
vn -0.4612 0.2664 0.8464
vn -0.6216 0.3587 0.6964
vt 0.428475 0.377078
vt 0.351971 0.510512
vt 0.157680 0.706784
vt 0.841074 0.929574
vt 0.304307 0.851731
vt 0.849100 0.937599
vt 0.504643 0.904810
vt 0.860060 0.940539
vt 0.504926 0.664718
vt 0.704964 0.851731
vt 0.871023 0.937599
vt 0.637397 0.587619
vt 0.851625 0.706784
vt 0.879049 0.929574
vt 0.851625 0.310314
vt 0.879049 0.907625
vt 0.372455 0.433710
vt 0.504961 0.356602
vt 0.506495 0.508356
vt 0.581430 0.377078
vt 0.637433 0.433710
vt 0.657916 0.510512
vt 0.581430 0.644235
vt 0.428440 0.643936
vt 0.372455 0.587619
vt 0.157680 0.706784
vt 0.841074 0.929574
vt 0.103986 0.508340
vt 0.838137 0.918587
vt 0.372455 0.433710
vt 0.157680 0.310314
vt 0.841074 0.907625
vt 0.428475 0.377078
vt 0.704964 0.165368
vt 0.871023 0.899598
vt 0.581430 0.377078
vt 0.637433 0.433710
vt 0.504961 0.356602
vt 0.351971 0.510512
vt 0.372455 0.587619
vt 0.428440 0.643936
vt 0.304307 0.851731
vt 0.849100 0.937599
vt 0.504643 0.904810
vt 0.860060 0.940539
vt 0.879049 0.929574
vt 0.851625 0.706784
vt 0.840156 0.884092
vt 0.825587 0.858841
vt 0.800349 0.884092
vt 0.820254 0.849597
vt 0.821610 0.851946
vt 0.860060 0.862254
vt 0.860060 0.878757
vt 0.825587 0.898671
vt 0.840156 0.884092
vt 0.304307 0.165368
vt 0.849100 0.899598
vt 0.504643 0.112296
vt 0.860060 0.896660
vt 0.879968 0.884092
vt 0.894535 0.898671
vt 0.899872 0.918587
vt 0.894535 0.938527
vt 0.704964 0.851731
vt 0.871023 0.937599
vt 0.860060 0.958443
vt 0.879968 0.953108
vt 0.860060 0.958443
vt 0.860060 0.919153
vt 0.860336 0.919085
vt 0.825587 0.858841
vt 0.831911 0.869806
vt 0.800349 0.884092
vt 0.811307 0.890422
vt 0.820254 0.918587
vt 0.831911 0.967394
vt 0.860060 0.974944
vt 0.825587 0.978359
vt 0.860060 0.995559
vt 0.898513 0.985252
vt 0.898513 0.851946
vt 0.860060 0.841638
vt 0.825587 0.898671
vt 0.859581 0.918317
vt 0.859509 0.918587
vt 0.820254 0.918587
vt 0.825587 0.938527
vt 0.800349 0.953108
vt 0.825587 0.978359
vt 0.820254 0.987603
vt 0.821610 0.985252
vt 0.860060 0.849597
vt 0.926662 0.880114
vt 0.919774 0.884092
vt 0.894535 0.858841
vt 0.908817 0.890422
vt 0.888213 0.869806
vt 0.860060 0.838926
vt 0.899872 0.849597
vt 0.860060 0.849597
vt 0.894535 0.858841
vt 0.919774 0.884092
vt 0.894535 0.898671
vt 0.929013 0.918587
vt 0.929013 0.878757
vt 0.637397 0.587619
vt 0.506495 0.508356
vt 0.657916 0.510512
vt 0.879049 0.907625
vt 0.851625 0.310314
vt 0.881986 0.918587
vt 0.905302 0.508340
vt 0.581430 0.644235
vt 0.504926 0.664718
vt 0.780447 0.918587
vt 0.783157 0.918587
vt 0.793460 0.957086
vt 0.929013 0.958443
vt 0.919774 0.953108
vt 0.899872 0.918587
vt 0.860060 0.987603
vt 0.894535 0.978359
vt 0.919774 0.953108
vt 0.791113 0.878757
vt 0.791113 0.918587
vt 0.791113 0.958443
vt 0.840156 0.953108
vt 0.879968 0.953108
vt 0.888213 0.967394
vt 0.908817 0.946778
vt 0.929013 0.918587
vt 0.916359 0.918587
vt 0.936966 0.918587
vt 0.939679 0.918587
vt 0.926662 0.957086
vt 0.860060 0.878757
vt 0.879968 0.884092
vt 0.859784 0.918113
vt 0.860336 0.918113
vt 0.793460 0.880114
vt 0.803764 0.918587
vt 0.811307 0.946778
vt 0.791113 0.918587
vt 0.800349 0.953108
vt 0.825587 0.938527
vt 0.840156 0.953108
vt 0.860060 0.958443
vt 0.860060 0.987603
vt 0.894535 0.938527
vt 0.899872 0.918587
vt 0.860060 0.849597
vt 0.860060 0.838926
vt 0.821610 0.985252
vt 0.793460 0.957086
vt 0.825587 0.978359
vt 0.800349 0.953108
vt 0.803764 0.918587
vt 0.791113 0.918587
vt 0.800349 0.884092
vt 0.793460 0.880114
vt 0.791113 0.878757
vt 0.780447 0.918587
vt 0.800349 0.884092
vt 0.791113 0.958443
vt 0.825587 0.938527
vt 0.103986 0.508340
vt 0.838137 0.918587
vt 0.820254 0.918587
vt 0.811307 0.890422
vt 0.831911 0.869806
vt 0.825587 0.858841
vt 0.860060 0.849597
vt 0.899872 0.849597
vt 0.929013 0.878757
vt 0.939679 0.918587
vt 0.929013 0.918587
vt 0.919774 0.953108
vt 0.894535 0.978359
vt 0.825587 0.938527
vt 0.820254 0.918587
vt 0.791113 0.918587
vt 0.825587 0.858841
vt 0.821610 0.851946
vt 0.859784 0.918113
vt 0.859581 0.918317
vt 0.840156 0.884092
vt 0.860060 0.878757
vt 0.879968 0.884092
vt 0.860060 0.918047
vt 0.860336 0.918113
vt 0.894535 0.898671
vt 0.860541 0.918317
vt 0.860614 0.918587
vt 0.860541 0.918883
vt 0.860060 0.919153
vt 0.879968 0.953108
vt 0.919774 0.884092
vt 0.894535 0.858841
vt 0.859784 0.919085
vt 0.859581 0.918883
vt 0.859509 0.918587
vt 0.825587 0.898671
vt 0.820254 0.849597
vt 0.860060 0.841638
vt 0.840156 0.953108
vt 0.879968 0.953108
vt 0.888213 0.967394
vt 0.859784 0.919085
vt 0.859581 0.918883
vt 0.860060 0.998272
vt 0.840156 0.953108
vt 0.860060 0.987603
vt 0.894535 0.978359
vt 0.899872 0.987603
vt 0.894535 0.938527
vt 0.860541 0.918883
vt 0.860614 0.918587
vt 0.860541 0.918317
vt 0.831911 0.967394
vt 0.811307 0.946778
vt 0.898513 0.985252
vt 0.860060 0.958443
vt 0.860060 0.974944
vt 0.860060 0.987603
vt 0.894535 0.898671
vt 0.879968 0.884092
vt 0.908817 0.890422
vt 0.926662 0.880114
vt 0.894535 0.858841
vt 0.898513 0.851946
vt 0.888213 0.869806
vt 0.860060 0.862254
vt 0.899872 0.918587
vt 0.929013 0.918587
vt 0.908817 0.946778
vt 0.894535 0.978359
vt 0.825587 0.898671
vt 0.157680 0.310314
vt 0.841074 0.907625
vt 0.304307 0.165368
vt 0.849100 0.899598
vt 0.840156 0.884092
vt 0.860060 0.878757
vt 0.504643 0.112296
vt 0.860060 0.896660
vt 0.704964 0.165368
vt 0.871023 0.899598
vt 0.905302 0.508340
vt 0.881986 0.918587
vt 0.894535 0.938527
vt 0.916359 0.918587
vt 0.919774 0.953108
vt 0.919774 0.884092
vt 0.936966 0.918587
vt 0.926662 0.957086
vt 0.929013 0.958443
vt 0.899872 0.987603
vt 0.860060 0.995559
vt 0.860060 0.998272
vt 0.820254 0.987603
vt 0.825587 0.978359
vt 0.800349 0.953108
vt 0.783157 0.918587
s 1
usemtl Material.002
f 2984/3496/2983 2994/3512/2984 2996/3514/2985
f 2994/3512/2984 2985/3497/2986 2996/3514/2985
f 2996/3514/2985 2985/3497/2986 3002/3520/2987
f 2985/3497/2986 2986/3498/2988 3002/3520/2987
f 2986/3498/2988 2987/3500/2989 3002/3520/2987
f 3002/3520/2987 2987/3500/2989 3001/3519/2990
f 3001/3519/2990 2987/3500/2989 2989/3504/2991
f 2987/3500/2989 2988/3502/2992 2989/3504/2991
f 2988/3502/2992 2990/3505/2993 2989/3504/2991
f 2989/3504/2991 2990/3505/2993 3000/3518/2994
f 3000/3518/2994 2990/3505/2993 2991/3507/2995
f 2990/3505/2993 2992/3508/2996 2991/3507/2995
f 2992/3508/2996 3199/3744/2997 2991/3507/2995
f 2991/3507/2995 3199/3744/2997 2999/3517/2998
f 2999/3517/2998 3199/3744/2997 2998/3516/2999
f 3199/3744/2997 2993/3510/3000 2998/3516/2999
f 2986/3498/2988 2985/3497/2986 3129/3662/3001
f 3129/3662/3001 2985/3497/2986 3193/3734/3002
f 2985/3497/2986 2994/3512/2984 3193/3734/3002
f 2994/3512/2984 2984/3496/2983 3193/3734/3002
f 3193/3734/3002 2984/3496/2983 3194/3736/3003
f 3194/3736/3003 2984/3496/2983 3197/3740/3004
f 3197/3740/3004 2984/3496/2983 2995/3513/3005
f 2984/3496/2983 2996/3514/2985 2995/3513/3005
f 2996/3514/2985 2997/3515/3006 2995/3513/3005
f 2995/3513/3005 2997/3515/3006 3197/3740/3004
f 3197/3740/3004 2997/3515/3006 3198/3742/3007
f 3198/3742/3007 2997/3515/3006 2993/3510/3000
f 2993/3510/3000 2997/3515/3006 2998/3516/2999
f 2997/3515/3006 2996/3514/2985 2998/3516/2999
f 2998/3516/2999 2996/3514/2985 2999/3517/2998
f 2999/3517/2998 2996/3514/2985 2991/3507/2995
f 2991/3507/2995 2996/3514/2985 3000/3518/2994
f 3000/3518/2994 2996/3514/2985 2989/3504/2991
f 2989/3504/2991 2996/3514/2985 3001/3519/2990
f 2996/3514/2985 3002/3520/2987 3001/3519/2990
f 3015/3537/3008 3003/3521/2996 3013/3535/3009
f 3003/3521/2996 3004/3523/2997 3013/3535/3009
f 3013/3535/3009 3004/3523/2997 3012/3534/3010
f 3012/3534/3010 3004/3523/2997 3005/3525/3011
f 3004/3523/2997 3006/3526/3012 3005/3525/3011
f 3006/3526/3012 3027/3552/3013 3005/3525/3011
f 3005/3525/3011 3027/3552/3013 3007/3528/3014
f 3007/3528/3014 3027/3552/3013 3011/3533/3015
f 3027/3552/3013 3028/3554/3016 3011/3533/3015
f 3028/3554/3016 3008/3529/3017 3011/3533/3015
f 3011/3533/3015 3008/3529/3017 3009/3531/3018
f 3008/3529/3017 3075/3606/3002 3009/3531/3018
f 3075/3606/3002 3010/3532/3019 3009/3531/3018
f 3010/3532/3019 3073/3603/3020 3009/3531/3018
f 3009/3531/3018 3073/3603/3020 3011/3533/3015
f 3011/3533/3015 3073/3603/3020 3007/3528/3014
f 3007/3528/3014 3073/3603/3020 3005/3525/3011
f 3005/3525/3011 3073/3603/3020 3012/3534/3010
f 3012/3534/3010 3073/3603/3020 3013/3535/3009
f 3073/3603/3020 3014/3536/3021 3013/3535/3009
f 3013/3535/3009 3014/3536/3021 3015/3537/3008
f 3015/3537/3008 3014/3536/3021 3016/3539/3022
f 3014/3536/3021 3078/3610/3023 3016/3539/3022
f 3078/3610/3023 3077/3609/3024 3016/3539/3022
f 3016/3539/3022 3077/3609/3024 3033/3560/3025
f 3077/3609/3024 3017/3542/3026 3033/3560/3025
f 3018/3543/3027 3019/3544/3028 3050/3579/3029
f 3050/3579/3029 3019/3544/3028 3020/3545/3030
f 3020/3545/3030 3019/3544/3028 3088/3620/3031
f 3019/3544/3028 3021/3546/3032 3088/3620/3031
f 3088/3620/3031 3021/3546/3032 3103/3636/3033
f 3103/3636/3033 3021/3546/3032 3022/3547/3034
f 3021/3546/3032 3049/3578/3035 3022/3547/3034
f 3022/3547/3034 3049/3578/3035 3038/3567/3036
f 3049/3578/3035 3058/3588/3037 3038/3567/3036
f 3038/3567/3036 3058/3588/3037 3023/3548/3038
f 3058/3588/3037 3061/3591/3039 3023/3548/3038
f 3061/3591/3039 3063/3593/3040 3023/3548/3038
f 3063/3593/3040 3024/3549/3041 3023/3548/3038
f 3023/3548/3038 3024/3549/3041 3039/3568/3042
f 3024/3549/3041 3026/3551/3043 3039/3568/3042
f 3039/3568/3042 3026/3551/3043 3025/3550/3044
f 3025/3550/3044 3026/3551/3043 3006/3527/3012
f 3006/3527/3012 3026/3551/3043 3027/3553/3013
f 3027/3553/3013 3026/3551/3043 3028/3555/3016
f 3026/3551/3043 3024/3549/3041 3028/3555/3016
f 3024/3549/3041 3029/3556/3045 3028/3555/3016
f 3028/3555/3016 3029/3556/3045 3008/3530/3017
f 3029/3556/3045 3030/3557/3046 3008/3530/3017
f 3008/3530/3017 3030/3557/3046 3075/3605/3002
f 3075/3605/3002 3030/3557/3046 3076/3607/3047
f 3076/3607/3047 3030/3557/3046 3031/3558/3048
f 3030/3557/3046 3096/3628/3049 3031/3558/3048
f 3096/3628/3049 3094/3626/3050 3031/3558/3048
f 3094/3626/3050 3032/3559/3051 3031/3558/3048
f 3031/3558/3048 3032/3559/3051 3076/3607/3047
f 3076/3607/3047 3032/3559/3051 3017/3541/3026
f 3017/3541/3026 3032/3559/3051 3033/3561/3025
f 3032/3559/3051 3092/3624/3052 3033/3561/3025
f 3092/3624/3052 3034/3562/3053 3033/3561/3025
f 3033/3561/3025 3034/3562/3053 3016/3540/3022
f 3034/3562/3053 3015/3538/3008 3016/3540/3022
f 3035/3563/3054 3037/3565/3055 3036/3564/3056
f 3036/3564/3056 3037/3565/3055 3167/3707/3057
f 3037/3565/3055 3165/3704/3058 3167/3707/3057
f 3023/3548/3038 3039/3568/3042 3038/3567/3036
f 3038/3567/3036 3039/3568/3042 3040/3569/3059
f 3040/3569/3059 3039/3568/3042 3041/3570/3060
f 3039/3568/3042 3025/3550/3044 3041/3570/3060
f 3041/3570/3060 3025/3550/3044 3042/3571/3061
f 3025/3550/3044 3006/3527/3012 3042/3571/3061
f 3006/3527/3012 3004/3524/2997 3042/3571/3061
f 3004/3524/2997 3003/3522/2996 3042/3571/3061
f 3042/3571/3061 3003/3522/2996 3108/3641/3062
f 3003/3522/2996 3091/3623/3063 3108/3641/3062
f 3108/3641/3062 3091/3623/3063 3043/3572/3064
f 3091/3623/3063 3044/3573/3065 3043/3572/3064
f 3043/3572/3064 3044/3573/3065 3045/3574/3066
f 3044/3573/3065 3085/3617/3067 3045/3574/3066
f 3045/3574/3066 3085/3617/3067 3046/3575/3068
f 3085/3617/3067 3086/3618/3069 3046/3575/3068
f 3046/3575/3068 3086/3618/3069 3047/3576/3070
f 3086/3618/3069 3087/3619/3071 3047/3576/3070
f 3047/3576/3070 3087/3619/3071 3099/3631/3072
f 3087/3619/3071 3095/3627/3073 3099/3631/3072
f 3099/3631/3072 3095/3627/3073 3097/3629/3074
f 3095/3627/3073 3059/3589/3075 3097/3629/3074
f 3097/3629/3074 3059/3589/3075 3071/3601/3076
f 3059/3589/3075 3048/3577/3077 3071/3601/3076
f 3071/3601/3076 3048/3577/3077 3065/3595/3078
f 3048/3577/3077 3049/3578/3035 3065/3595/3078
f 3065/3595/3078 3049/3578/3035 3064/3594/3079
f 3049/3578/3035 3021/3546/3032 3064/3594/3079
f 3064/3594/3079 3021/3546/3032 3066/3596/3080
f 3021/3546/3032 3019/3544/3028 3066/3596/3080
f 3066/3596/3080 3019/3544/3028 3100/3632/3081
f 3019/3544/3028 3018/3543/3027 3100/3632/3081
f 3100/3632/3081 3018/3543/3027 3102/3634/3082
f 3018/3543/3027 3050/3579/3029 3102/3634/3082
f 3102/3634/3082 3050/3579/3029 3051/3580/3083
f 3051/3581/3083 3050/3579/3029 3052/3582/3084
f 3050/3579/3029 3089/3621/3085 3052/3582/3084
f 3052/3582/3084 3089/3621/3085 3053/3583/3086
f 3089/3621/3085 3054/3584/3087 3053/3583/3086
f 3053/3583/3086 3054/3584/3087 3055/3585/3088
f 3054/3584/3087 3056/3586/3089 3055/3585/3088
f 3055/3585/3088 3056/3586/3089 3166/3706/3090
f 3056/3586/3089 3057/3587/3091 3166/3706/3090
f 3058/3588/3037 3049/3578/3035 3061/3591/3039
f 3049/3578/3035 3048/3577/3077 3061/3591/3039
f 3061/3591/3039 3048/3577/3077 3060/3590/3092
f 3048/3577/3077 3059/3589/3075 3060/3590/3092
f 3059/3589/3075 3095/3627/3073 3060/3590/3092
f 3095/3627/3073 3062/3592/3093 3060/3590/3092
f 3060/3590/3092 3062/3592/3093 3061/3591/3039
f 3061/3591/3039 3062/3592/3093 3063/3593/3040
f 3062/3592/3093 3030/3557/3046 3063/3593/3040
f 3030/3557/3046 3029/3556/3045 3063/3593/3040
f 3063/3593/3040 3029/3556/3045 3024/3549/3041
f 3064/3594/3079 3066/3596/3080 3065/3595/3078
f 3066/3596/3080 3067/3597/3094 3065/3595/3078
f 3065/3595/3078 3067/3597/3094 3071/3601/3076
f 3071/3601/3076 3067/3597/3094 3068/3598/3095
f 3067/3597/3094 3069/3599/3096 3068/3598/3095
f 3069/3599/3096 3070/3600/3097 3068/3598/3095
f 3068/3598/3095 3070/3600/3097 3071/3601/3076
f 3071/3601/3076 3070/3600/3097 3098/3630/3098
f 3070/3600/3097 3082/3614/3099 3098/3630/3098
f 3072/3602/3100 3073/3603/3020 3074/3604/3101
f 3073/3603/3020 3010/3532/3019 3074/3604/3101
f 3010/3532/3019 3075/3606/3002 3074/3604/3101
f 3075/3606/3002 3076/3608/3047 3074/3604/3101
f 3076/3608/3047 3017/3542/3026 3074/3604/3101
f 3074/3604/3101 3017/3542/3026 3072/3602/3100
f 3017/3542/3026 3077/3609/3024 3072/3602/3100
f 3072/3602/3100 3077/3609/3024 3073/3603/3020
f 3077/3609/3024 3078/3610/3023 3073/3603/3020
f 3073/3603/3020 3078/3610/3023 3014/3536/3021
f 3088/3620/3031 3103/3636/3033 3079/3611/3102
f 3079/3611/3102 3103/3636/3033 3080/3612/3103
f 3103/3636/3033 3106/3639/3104 3080/3612/3103
f 3080/3612/3103 3106/3639/3104 3081/3613/3105
f 3106/3639/3104 3107/3640/3106 3081/3613/3105
f 3081/3613/3105 3107/3640/3106 3057/3587/3091
f 3107/3640/3106 3045/3574/3066 3057/3587/3091
f 3045/3574/3066 3046/3575/3068 3057/3587/3091
f 3057/3587/3091 3046/3575/3068 3166/3706/3090
f 3046/3575/3068 3047/3576/3070 3166/3706/3090
f 3166/3706/3090 3047/3576/3070 3170/3710/3107
f 3047/3576/3070 3082/3614/3099 3170/3710/3107
f 3170/3710/3107 3082/3614/3099 3083/3615/3108
f 3082/3614/3099 3070/3600/3097 3083/3615/3108
f 3083/3615/3108 3070/3600/3097 3084/3616/3109
f 3070/3600/3097 3069/3599/3096 3084/3616/3109
f 3085/3617/3067 3044/3573/3065 3086/3618/3069
f 3044/3573/3065 3093/3625/3110 3086/3618/3069
f 3086/3618/3069 3093/3625/3110 3087/3619/3071
f 3050/3579/3029 3020/3545/3030 3089/3621/3085
f 3020/3545/3030 3088/3620/3031 3089/3621/3085
f 3088/3620/3031 3079/3611/3102 3089/3621/3085
f 3089/3621/3085 3079/3611/3102 3054/3584/3087
f 3079/3611/3102 3090/3622/3111 3054/3584/3087
f 3054/3584/3087 3090/3622/3111 3056/3586/3089
f 3056/3586/3089 3090/3622/3111 3057/3587/3091
f 3057/3587/3091 3090/3622/3111 3081/3613/3105
f 3081/3613/3105 3090/3622/3111 3080/3612/3103
f 3090/3622/3111 3079/3611/3102 3080/3612/3103
f 3003/3522/2996 3015/3538/3008 3091/3623/3063
f 3015/3538/3008 3034/3562/3053 3091/3623/3063
f 3091/3623/3063 3034/3562/3053 3044/3573/3065
f 3034/3562/3053 3092/3624/3052 3044/3573/3065
f 3044/3573/3065 3092/3624/3052 3093/3625/3110
f 3092/3624/3052 3032/3559/3051 3093/3625/3110
f 3032/3559/3051 3094/3626/3050 3093/3625/3110
f 3093/3625/3110 3094/3626/3050 3087/3619/3071
f 3087/3619/3071 3094/3626/3050 3095/3627/3073
f 3094/3626/3050 3096/3628/3049 3095/3627/3073
f 3095/3627/3073 3096/3628/3049 3062/3592/3093
f 3096/3628/3049 3030/3557/3046 3062/3592/3093
f 3071/3601/3076 3098/3630/3098 3097/3629/3074
f 3097/3629/3074 3098/3630/3098 3099/3631/3072
f 3098/3630/3098 3082/3614/3099 3099/3631/3072
f 3099/3631/3072 3082/3614/3099 3047/3576/3070
f 3066/3596/3080 3100/3632/3081 3067/3597/3094
f 3067/3597/3094 3100/3632/3081 3101/3633/3112
f 3101/3633/3112 3100/3632/3081 3102/3635/3082
f 3022/3547/3034 3038/3567/3036 3103/3636/3033
f 3038/3567/3036 3040/3569/3059 3103/3636/3033
f 3103/3636/3033 3040/3569/3059 3106/3639/3104
f 3040/3569/3059 3041/3570/3060 3106/3639/3104
f 3106/3639/3104 3041/3570/3060 3104/3637/3113
f 3041/3570/3060 3042/3571/3061 3104/3637/3113
f 3042/3571/3061 3108/3641/3062 3104/3637/3113
f 3108/3641/3062 3105/3638/3114 3104/3637/3113
f 3104/3637/3113 3105/3638/3114 3106/3639/3104
f 3106/3639/3104 3105/3638/3114 3107/3640/3106
f 3107/3640/3106 3105/3638/3114 3045/3574/3066
f 3045/3574/3066 3105/3638/3114 3043/3572/3064
f 3105/3638/3114 3108/3641/3062 3043/3572/3064
f 3157/3695/3115 3153/3691/3116 3109/3642/3117
f 3153/3691/3116 3110/3643/3118 3109/3642/3117
f 3109/3642/3117 3110/3643/3118 3111/3644/3119
f 3110/3643/3118 3154/3692/3057 3111/3644/3119
f 3111/3644/3119 3154/3692/3057 3140/3674/3088
f 3154/3692/3057 3112/3645/3120 3140/3674/3088
f 3140/3674/3088 3112/3645/3120 3139/3673/3087
f 3112/3645/3120 3113/3646/3084 3139/3673/3087
f 3139/3673/3087 3113/3646/3084 3138/3672/3121
f 3113/3646/3084 3151/3687/3122 3138/3672/3121
f 3151/3687/3122 3155/3693/3030 3138/3672/3121
f 3138/3672/3121 3155/3693/3030 3136/3670/3031
f 3155/3693/3030 3156/3694/3028 3136/3670/3031
f 3136/3670/3031 3156/3694/3028 3135/3669/3032
f 3156/3694/3028 3114/3647/3080 3135/3669/3032
f 3114/3647/3080 3115/3648/3079 3135/3669/3032
f 3135/3669/3032 3115/3648/3079 3161/3700/3123
f 3116/3649/3124 3118/3651/3125 3117/3650/3126
f 3117/3650/3126 3118/3651/3125 3119/3652/3127
f 3118/3651/3125 3175/3716/3050 3119/3652/3127
f 3175/3716/3050 3120/3653/3128 3119/3652/3127
f 3119/3652/3127 3120/3653/3128 3121/3654/3073
f 3120/3653/3128 3122/3655/3129 3121/3654/3073
f 3122/3655/3129 3123/3656/3130 3121/3654/3073
f 3121/3654/3073 3123/3656/3130 3213/3759/3131
f 3123/3656/3130 3124/3657/3076 3213/3759/3131
f 3213/3759/3131 3124/3657/3076 3125/3658/3098
f 3125/3658/3098 3124/3657/3076 3143/3677/3132
f 3124/3657/3076 3126/3659/3095 3143/3677/3132
f 3212/3758/3108 3210/3756/3107 3127/3660/3099
f 3127/3660/3099 3210/3756/3107 3117/3650/3126
f 3117/3650/3126 3210/3756/3107 3116/3649/3124
f 3210/3756/3107 3208/3754/3133 3116/3649/3124
f 2986/3499/2988 3129/3663/3001 3128/3661/3134
f 3128/3661/3134 3129/3663/3001 3130/3664/3135
f 3129/3663/3001 3192/3733/3136 3130/3664/3135
f 3130/3664/3135 3192/3733/3136 3131/3665/3137
f 3192/3733/3136 3195/3738/3138 3131/3665/3137
f 3131/3665/3137 3195/3738/3138 3132/3666/3139
f 3195/3738/3138 3187/3728/3140 3132/3666/3139
f 3132/3666/3139 3187/3728/3140 3133/3667/3039
f 3187/3728/3140 3134/3668/3141 3133/3667/3039
f 3133/3667/3039 3134/3668/3141 3161/3700/3123
f 3134/3668/3141 3185/3726/3142 3161/3700/3123
f 3161/3700/3123 3185/3726/3142 3135/3669/3032
f 3185/3726/3142 3183/3724/3143 3135/3669/3032
f 3135/3669/3032 3183/3724/3143 3136/3670/3031
f 3183/3724/3143 3137/3671/3102 3136/3670/3031
f 3136/3670/3031 3137/3671/3102 3138/3672/3121
f 3137/3671/3102 3206/3752/3111 3138/3672/3121
f 3138/3672/3121 3206/3752/3111 3139/3673/3087
f 3206/3752/3111 3207/3753/3144 3139/3673/3087
f 3139/3673/3087 3207/3753/3144 3140/3674/3088
f 3207/3753/3144 3209/3755/3145 3140/3674/3088
f 3140/3674/3088 3209/3755/3145 3111/3644/3119
f 3209/3755/3145 3211/3757/3146 3111/3644/3119
f 3111/3644/3119 3211/3757/3146 3109/3642/3117
f 3211/3757/3146 3141/3675/3147 3109/3642/3117
f 3109/3642/3117 3141/3675/3147 3157/3695/3115
f 3157/3696/3115 3141/3675/3147 3142/3676/3148
f 3141/3675/3147 3143/3677/3132 3142/3676/3148
f 3142/3676/3148 3143/3677/3132 3159/3698/3149
f 3143/3677/3132 3126/3659/3095 3159/3698/3149
f 3159/3698/3149 3126/3659/3095 3144/3678/3094
f 3126/3659/3095 3124/3657/3076 3144/3678/3094
f 3144/3678/3094 3124/3657/3076 3160/3699/3078
f 3124/3657/3076 3123/3656/3130 3160/3699/3078
f 3160/3699/3078 3123/3656/3130 3145/3679/3077
f 3123/3656/3130 3122/3655/3129 3145/3679/3077
f 3146/3680/3150 3147/3682/3151 3150/3685/3152
f 3147/3682/3151 3148/3683/3153 3150/3685/3152
f 3148/3683/3153 3149/3684/3154 3150/3685/3152
f 3149/3684/3154 3151/3687/3122 3150/3686/3152
f 3150/3686/3152 3151/3687/3122 3152/3688/3155
f 3151/3687/3122 3113/3646/3084 3152/3689/3155
f 3113/3646/3084 3112/3645/3120 3152/3689/3155
f 3152/3689/3155 3112/3645/3120 3153/3690/3116
f 3112/3645/3120 3154/3692/3057 3153/3690/3116
f 3154/3692/3057 3110/3643/3118 3153/3691/3116
f 3155/3693/3030 3151/3687/3122 3156/3694/3028
f 3151/3687/3122 3149/3684/3154 3156/3694/3028
f 3149/3684/3154 3148/3683/3153 3156/3694/3028
f 3156/3694/3028 3148/3683/3153 3114/3647/3080
f 3157/3696/3115 3142/3676/3148 3158/3697/3156
f 3158/3697/3156 3142/3676/3148 3146/3681/3150
f 3142/3676/3148 3159/3698/3149 3146/3681/3150
f 3146/3681/3150 3159/3698/3149 3147/3682/3151
f 3159/3698/3149 3144/3678/3094 3147/3682/3151
f 3147/3682/3151 3144/3678/3094 3148/3683/3153
f 3148/3683/3153 3144/3678/3094 3114/3647/3080
f 3144/3678/3094 3160/3699/3078 3114/3647/3080
f 3114/3647/3080 3160/3699/3078 3115/3648/3079
f 3115/3648/3079 3160/3699/3078 3161/3700/3123
f 3160/3699/3078 3145/3679/3077 3161/3700/3123
f 3161/3700/3123 3145/3679/3077 3133/3667/3039
f 3145/3679/3077 3122/3655/3129 3133/3667/3039
f 3133/3667/3039 3122/3655/3129 3132/3666/3139
f 3132/3666/3139 3122/3655/3129 3131/3665/3137
f 3122/3655/3129 3120/3653/3128 3131/3665/3137
f 3131/3665/3137 3120/3653/3128 3130/3664/3135
f 3120/3653/3128 3175/3716/3050 3130/3664/3135
f 3130/3664/3135 3175/3716/3050 3128/3661/3134
f 3175/3716/3050 3162/3701/3157 3128/3661/3134
f 3128/3661/3134 3162/3701/3157 2986/3499/2988
f 2986/3499/2988 3162/3701/3157 2987/3501/2989
f 2987/3501/2989 3162/3701/3157 2988/3503/2992
f 3162/3701/3157 3177/3718/3158 2988/3503/2992
f 2988/3503/2992 3177/3718/3158 3163/3702/3159
f 3177/3718/3158 3178/3719/3160 3163/3702/3159
f 3163/3702/3159 3178/3719/3160 3164/3703/3161
f 3178/3719/3160 3179/3720/3067 3164/3703/3161
f 3164/3703/3161 3179/3720/3067 3191/3732/3162
f 3179/3720/3067 3176/3717/3163 3191/3732/3162
f 3191/3732/3162 3176/3717/3163 3202/3748/3106
f 3176/3717/3163 3205/3751/3164 3202/3748/3106
f 3202/3748/3106 3205/3751/3164 3204/3750/3103
f 3055/3585/3088 3167/3707/3057 3053/3583/3086
f 3167/3707/3057 3165/3704/3058 3053/3583/3086
f 3053/3583/3086 3165/3705/3058 3052/3582/3084
f 3165/3705/3058 3051/3581/3083 3052/3582/3084
f 3166/3706/3090 3168/3708/3119 3055/3585/3088
f 3055/3585/3088 3168/3708/3119 3167/3707/3057
f 3167/3707/3057 3168/3708/3119 3036/3564/3056
f 3036/3564/3056 3168/3708/3119 3035/3563/3054
f 3035/3563/3054 3168/3708/3119 3169/3709/3146
f 3168/3708/3119 3166/3706/3090 3169/3709/3146
f 3166/3706/3090 3170/3710/3107 3169/3709/3146
f 3170/3710/3107 3083/3615/3108 3169/3709/3146
f 3169/3709/3146 3083/3615/3108 3171/3711/3165
f 3083/3615/3108 3084/3616/3109 3171/3711/3165
f 3171/3711/3165 3084/3616/3109 3172/3712/3166
f 3172/3712/3166 3084/3616/3109 3173/3713/3167
f 3084/3616/3109 3069/3599/3096 3173/3714/3167
f 3173/3714/3167 3069/3599/3096 3102/3635/3082
f 3102/3635/3082 3069/3599/3096 3101/3633/3112
f 3069/3599/3096 3067/3597/3094 3101/3633/3112
f 3172/3712/3166 3037/3566/3055 3171/3711/3165
f 3037/3566/3055 3035/3563/3054 3171/3711/3165
f 3171/3711/3165 3035/3563/3054 3169/3709/3146
f 3162/3701/3157 3175/3716/3050 3174/3715/3168
f 3175/3716/3050 3118/3651/3125 3174/3715/3168
f 3174/3715/3168 3118/3651/3125 3179/3720/3067
f 3118/3651/3125 3116/3649/3124 3179/3720/3067
f 3116/3649/3124 3208/3754/3133 3179/3720/3067
f 3179/3720/3067 3208/3754/3133 3176/3717/3163
f 3177/3718/3158 3162/3701/3157 3178/3719/3160
f 3162/3701/3157 3174/3715/3168 3178/3719/3160
f 3178/3719/3160 3174/3715/3168 3179/3720/3067
f 3180/3721/3169 3182/3723/3170 3181/3722/3171
f 3181/3722/3171 3182/3723/3170 3186/3727/3172
f 3186/3727/3172 3182/3723/3170 3184/3725/3173
f 3182/3723/3170 3203/3749/3174 3184/3725/3173
f 3203/3749/3174 3183/3724/3143 3184/3725/3173
f 3183/3724/3143 3185/3726/3142 3184/3725/3173
f 3185/3726/3142 3134/3668/3141 3184/3725/3173
f 3184/3725/3173 3134/3668/3141 3186/3727/3172
f 3134/3668/3141 3187/3728/3140 3186/3727/3172
f 3186/3727/3172 3187/3728/3140 3181/3722/3171
f 3181/3722/3171 3187/3728/3140 3196/3739/3175
f 3187/3728/3140 3195/3738/3138 3196/3739/3175
f 3188/3729/3061 3201/3747/3176 3180/3721/3169
f 3180/3721/3169 3201/3747/3176 3182/3723/3170
f 3201/3747/3176 3189/3730/3104 3182/3723/3170
f 3182/3723/3170 3189/3730/3104 3203/3749/3174
f 2988/3503/2992 3163/3702/3159 2990/3506/2993
f 2990/3506/2993 3163/3702/3159 2992/3509/2996
f 2992/3509/2996 3163/3702/3159 3200/3746/3177
f 3200/3746/3177 3163/3702/3159 3190/3731/3178
f 3163/3702/3159 3164/3703/3161 3190/3731/3178
f 3190/3731/3178 3164/3703/3161 3202/3748/3106
f 3164/3703/3161 3191/3732/3162 3202/3748/3106
f 3129/3663/3001 3193/3735/3002 3192/3733/3136
f 3193/3735/3002 3194/3737/3003 3192/3733/3136
f 3192/3733/3136 3194/3737/3003 3195/3738/3138
f 3195/3738/3138 3194/3737/3003 3196/3739/3175
f 3194/3737/3003 3197/3741/3004 3196/3739/3175
f 3197/3741/3004 3198/3743/3007 3196/3739/3175
f 3196/3739/3175 3198/3743/3007 3181/3722/3171
f 3181/3722/3171 3198/3743/3007 3180/3721/3169
f 3198/3743/3007 2993/3511/3000 3180/3721/3169
f 3180/3721/3169 2993/3511/3000 3188/3729/3061
f 2993/3511/3000 3199/3745/2997 3188/3729/3061
f 3199/3745/2997 2992/3509/2996 3188/3729/3061
f 2992/3509/2996 3200/3746/3177 3188/3729/3061
f 3188/3729/3061 3200/3746/3177 3201/3747/3176
f 3200/3746/3177 3190/3731/3178 3201/3747/3176
f 3201/3747/3176 3190/3731/3178 3189/3730/3104
f 3190/3731/3178 3202/3748/3106 3189/3730/3104
f 3202/3748/3106 3204/3750/3103 3189/3730/3104
f 3189/3730/3104 3204/3750/3103 3203/3749/3174
f 3203/3749/3174 3204/3750/3103 3183/3724/3143
f 3183/3724/3143 3204/3750/3103 3137/3671/3102
f 3204/3750/3103 3205/3751/3164 3137/3671/3102
f 3137/3671/3102 3205/3751/3164 3206/3752/3111
f 3206/3752/3111 3205/3751/3164 3207/3753/3144
f 3205/3751/3164 3176/3717/3163 3207/3753/3144
f 3176/3717/3163 3208/3754/3133 3207/3753/3144
f 3207/3753/3144 3208/3754/3133 3209/3755/3145
f 3208/3754/3133 3210/3756/3107 3209/3755/3145
f 3209/3755/3145 3210/3756/3107 3211/3757/3146
f 3210/3756/3107 3212/3758/3108 3211/3757/3146
f 3211/3757/3146 3212/3758/3108 3141/3675/3147
f 3141/3675/3147 3212/3758/3108 3143/3677/3132
f 3143/3677/3132 3212/3758/3108 3125/3658/3098
f 3212/3758/3108 3127/3660/3099 3125/3658/3098
f 3125/3658/3098 3127/3660/3099 3213/3759/3131
f 3127/3660/3099 3117/3650/3126 3213/3759/3131
f 3213/3759/3131 3117/3650/3126 3121/3654/3073
f 3117/3650/3126 3119/3652/3127 3121/3654/3073
